id,icao24,flt_id,dof,adep,ades,registration,model,typecode,icao_operator,first_seen,last_seen,version,route_identifier,observed_start_period
-1889884590124090570,4cafc2,RYR584E ,2026-07-01 00:00:00,EDDB,LEPA,EI-GXG,,B738,,2026-07-01 04:17:10,2026-07-01 06:45:20,v0.0.2,EDDB-LEPA,Night
-6690942127095362016,4caa60,RYR4PT  ,2026-07-01 00:00:00,EDDB,LEPA,EI-EXE,BOEING 737-8AS,B738,RYR,2026-07-01 08:12:40,2026-07-01 10:44:20,v0.0.2,EDDB-LEPA,Morning
2155196308618082151,3c56ec,EWG3XM  ,2026-07-01 00:00:00,EDDB,LEPA,D-AEWL,A320 214SL,A320,EWG,2026-07-01 08:31:45,2026-07-01 10:56:50,v0.0.2,EDDB-LEPA,Morning
2614025499268365550,4409c0,EJU32EY ,2026-07-01 00:00:00,EDDB,LEPA,OE-IVA,A320 214SL,A320,EZY,2026-07-01 12:11:50,2026-07-01 14:28:45,v0.0.2,EDDB-LEPA,Afternoon
1757514590176860210,3c54a1,EWG7RB  ,2026-07-01 00:00:00,EDDB,LEPA,D-AEEA,Airbus A321-251NX,A21N,EWG,2026-07-01 15:15:10,2026-07-01 17:28:00,v0.0.2,EDDB-LEPA,Afternoon
-4468343840401364383,4d22c8,RYR24XK ,2026-07-01 00:00:00,EDDB,LEPA,9H-LOQ,,A320,,2026-07-01 16:04:20,2026-07-01 18:19:25,v0.0.2,EDDB-LEPA,Afternoon
-2524281979433885440,4409c0,EJU17TX ,2026-07-01 00:00:00,EDDB,LEPA,OE-IVA,A320 214SL,A320,EZY,2026-07-01 20:05:55,2026-07-01 22:22:50,v0.0.2,EDDB-LEPA,Evening
-8777330244525578402,440610,EJU59TY ,2026-07-02 00:00:00,EDDB,LEPA,OE-ISD,,A21N,,2026-07-02 04:17:45,2026-07-02 06:30:20,v0.0.2,EDDB-LEPA,Night
6395630282263568227,4ca4ef,RYR2166 ,2026-07-02 00:00:00,EDDB,LEPA,EI-DPK,BOEING 737-8AS,B738,RYR,2026-07-02 04:19:10,2026-07-02 06:33:15,v0.0.2,EDDB-LEPA,Night
2590701616980383717,4caa58,RYR584E ,2026-07-02 00:00:00,EDDB,LEPA,EI-EVS,BOEING 737-8AS,B738,RYR,2026-07-02 05:49:15,2026-07-02 08:08:45,v0.0.2,EDDB-LEPA,Morning
-8375128109217320607,4ca9d1,RYR4PT  ,2026-07-02 00:00:00,EDDB,LEPA,EI-EVI,BOEING 737-8AS,B738,RYR,2026-07-02 07:31:50,2026-07-02 09:48:00,v0.0.2,EDDB-LEPA,Morning
7211603219255848814,3c56f0,EWG5SP  ,2026-07-02 00:00:00,EDDB,LEPA,D-AEWP,A320 214SL,A320,EWG,2026-07-02 09:19:05,2026-07-02 11:32:40,v0.0.2,EDDB-LEPA,Morning
-2783534841422955307,494105,NJE884M ,2026-07-02 00:00:00,EDDB,LEPA,CS-PHE,Phenom 300,E55P,,2026-07-02 09:57:45,2026-07-02 12:37:35,v0.0.2,EDDB-LEPA,Morning
2372819688412564270,3c54a1,EWG3XM  ,2026-07-02 00:00:00,EDDB,LEPA,D-AEEA,Airbus A321-251NX,A21N,EWG,2026-07-02 13:33:30,2026-07-02 15:47:00,v0.0.2,EDDB-LEPA,Afternoon
5711979688761391173,3c56f1,EWG7RB  ,2026-07-02 00:00:00,EDDB,LEPA,D-AEWQ,A320 214SL,A320,EWG,2026-07-02 15:49:10,2026-07-02 17:59:55,v0.0.2,EDDB-LEPA,Afternoon
-1235901597805747870,4d20e8,VJT486  ,2026-07-02 00:00:00,EDDB,LEPA,9H-VCF,Challenger 350,CL35,,2026-07-02 16:04:45,2026-07-02 18:27:40,v0.0.2,EDDB-LEPA,Afternoon
2594615834815602372,4d22af,RYR24XK ,2026-07-02 00:00:00,EDDB,LEPA,9H-LMP,,A320,,2026-07-02 17:40:50,2026-07-02 19:56:40,v0.0.2,EDDB-LEPA,Afternoon
7512351501248549901,4409c0,EJU32EY ,2026-07-02 00:00:00,EDDB,LEPA,OE-IVA,A320 214SL,A320,EZY,2026-07-02 18:47:50,2026-07-02 21:08:45,v0.0.2,EDDB-LEPA,Evening
-3023052661711131225,4d22b4,RYR691A ,2026-07-02 00:00:00,EDDB,LEPA,9H-LOI,,A320,,2026-07-02 20:46:40,2026-07-02 22:59:55,v0.0.2,EDDB-LEPA,Evening
-3107073887937398214,4d2239,RYR584E ,2026-07-03 00:00:00,EDDB,LEPA,9H-QBI,Boeing 737-8AS (W),B738,RYR,2026-07-03 04:17:10,2026-07-03 06:38:40,v0.0.2,EDDB-LEPA,Night
-7888253875998062208,3c56f2,EWG4EH  ,2026-07-03 00:00:00,EDDB,LEPA,D-AEWR,A320 214SL,A320,EWG,2026-07-03 04:56:40,2026-07-03 07:26:20,v0.0.2,EDDB-LEPA,Night
-6376233978200470902,4d21ef,RYR99FP ,2026-07-03 00:00:00,EDDB,LEPA,9H-QAG,737-8AS (W),B738,RYR,2026-07-03 08:39:45,2026-07-03 11:06:40,v0.0.2,EDDB-LEPA,Morning
-3771479305239305232,440053,EJU17TX ,2026-07-03 00:00:00,EDDB,LEPA,OE-ICK,,A320,,2026-07-03 08:58:25,2026-07-03 11:20:20,v0.0.2,EDDB-LEPA,Morning
-6033886201761923993,4cae00,RYR4PT  ,2026-07-03 00:00:00,EDDB,LEPA,EI-IHC,B737-8MAX 200,B38M,RYR,2026-07-03 12:27:10,2026-07-03 14:41:05,v0.0.2,EDDB-LEPA,Afternoon
-4282426721660032343,4402f1,EJU59TY ,2026-07-03 00:00:00,EDDB,LEPA,OE-INP,A320-214,A320,EJU,2026-07-03 14:13:50,2026-07-03 16:35:15,v0.0.2,EDDB-LEPA,Afternoon
-58806040638315051,4d2509,EWG41W  ,2026-07-03 00:00:00,EDDB,LEPA,9H-EUN,Airbus A320-214,A320,EWG,2026-07-03 16:55:15,2026-07-03 19:15:25,v0.0.2,EDDB-LEPA,Afternoon
8257241291605280659,4d2239,RYR24XK ,2026-07-03 00:00:00,EDDB,LEPA,9H-QBI,Boeing 737-8AS (W),B738,RYR,2026-07-03 20:50:20,2026-07-03 23:09:25,v0.0.2,EDDB-LEPA,Evening
895579538410596406,3c54a1,EWG4EH  ,2026-07-04 00:00:00,EDDB,LEPA,D-AEEA,Airbus A321-251NX,A21N,EWG,2026-07-04 04:17:25,2026-07-04 06:40:35,v0.0.2,EDDB-LEPA,Night
-4496914374862919953,440062,EJU59TY ,2026-07-04 00:00:00,EDDB,LEPA,OE-IVF,Airbus A320-214,A320,EZY,2026-07-04 04:26:05,2026-07-04 06:49:50,v0.0.2,EDDB-LEPA,Night
-7573239525915643584,4d21ec,RYR99FP ,2026-07-04 00:00:00,EDDB,LEPA,9H-QAD,,B738,,2026-07-04 05:34:30,2026-07-04 07:53:40,v0.0.2,EDDB-LEPA,Morning
3312360078422971224,4cade2,RYR4PT  ,2026-07-04 00:00:00,EDDB,LEPA,EI-IGW,Boeing 737 MAX 8-200,B38M,RYR,2026-07-04 07:34:05,2026-07-04 10:13:00,v0.0.2,EDDB-LEPA,Morning
5407014425518756601,4d2407,EWG41W  ,2026-07-04 00:00:00,EDDB,LEPA,9H-EUS,,A320,,2026-07-04 09:52:10,2026-07-04 12:12:40,v0.0.2,EDDB-LEPA,Morning
8832771761626149568,4400eb,EJU32EY ,2026-07-04 00:00:00,EDDB,LEPA,OE-IVT,,A320,,2026-07-04 10:48:50,2026-07-04 13:17:00,v0.0.2,EDDB-LEPA,Morning
-1052361897166048615,3c56ee,EWG5SP  ,2026-07-04 00:00:00,EDDB,LEPA,D-AEWN,A320 214SL,A320,EWG,2026-07-04 12:00:10,2026-07-04 14:26:00,v0.0.2,EDDB-LEPA,Afternoon
2620553223033335026,3c54a2,EWG44D  ,2026-07-04 00:00:00,EDDB,LEPA,D-AEEB,Airbus A321-251NX,A21N,EWG,2026-07-04 12:25:55,2026-07-04 14:49:05,v0.0.2,EDDB-LEPA,Afternoon
-7402297287548474214,3c56ef,EWG7RB  ,2026-07-04 00:00:00,EDDB,LEPA,D-AEWO,A320 214SL,A320,EWG,2026-07-04 13:13:00,2026-07-04 15:39:30,v0.0.2,EDDB-LEPA,Afternoon
8363124682115004229,4d2244,RYR584E ,2026-07-04 00:00:00,EDDB,LEPA,9H-QCV,,B738,,2026-07-04 17:52:00,2026-07-04 20:14:40,v0.0.2,EDDB-LEPA,Afternoon
-2810450965686590703,4d22af,RYR691A ,2026-07-04 00:00:00,EDDB,LEPA,9H-LMP,,A320,,2026-07-04 18:04:45,2026-07-04 20:19:50,v0.0.2,EDDB-LEPA,Evening
-4822801482467125610,3c648f,EWG4EH  ,2026-07-05 00:00:00,EDDB,LEPA,D-AIDO,Airbus A321 231,A321,DLH,2026-07-05 03:33:15,2026-07-05 05:52:30,v0.0.2,EDDB-LEPA,Night
-5491836319761955366,4401dc,EJU59TY ,2026-07-05 00:00:00,EDDB,LEPA,OE-IZQ,,A320,EJU,2026-07-05 04:09:40,2026-07-05 06:37:50,v0.0.2,EDDB-LEPA,Night
-850980862507691732,3c56ef,EWG5SP  ,2026-07-05 00:00:00,EDDB,LEPA,D-AEWO,A320 214SL,A320,EWG,2026-07-05 04:17:20,2026-07-05 06:39:35,v0.0.2,EDDB-LEPA,Night
-5295398248016747492,4d21ec,RYR24XK ,2026-07-05 00:00:00,EDDB,LEPA,9H-QAD,,B738,,2026-07-05 04:19:10,2026-07-05 06:41:15,v0.0.2,EDDB-LEPA,Night
-5582084875835278450,440083,EJU9336 ,2026-07-05 00:00:00,EDDB,LEPA,OE-LKQ,,A319,,2026-07-05 05:08:35,2026-07-05 07:29:30,v0.0.2,EDDB-LEPA,Morning
-3291656736431439047,4d2220,RYR691A ,2026-07-05 00:00:00,EDDB,LEPA,9H-QBM,737-8AS,B738,RYR,2026-07-05 06:53:30,2026-07-05 09:14:40,v0.0.2,EDDB-LEPA,Morning
-7497619050108740927,440096,EJU32EY ,2026-07-05 00:00:00,EDDB,LEPA,OE-IVR,A320-214,A320,EZY,2026-07-05 08:52:35,2026-07-05 11:18:15,v0.0.2,EDDB-LEPA,Morning
7749544662859387944,4cafc4,RYR584E ,2026-07-05 00:00:00,EDDB,LEPA,EI-GXI,,B738,,2026-07-05 13:05:10,2026-07-05 15:23:35,v0.0.2,EDDB-LEPA,Afternoon
4780455624703905282,3c56f2,EWG7RB  ,2026-07-05 00:00:00,EDDB,LEPA,D-AEWR,A320 214SL,A320,EWG,2026-07-05 13:33:00,2026-07-05 15:45:45,v0.0.2,EDDB-LEPA,Afternoon
-3773263297466199023,4d2006,EWG41W  ,2026-07-05 00:00:00,EDDB,LEPA,9H-EUP,Airbus A320-214,A320,EWG,2026-07-05 17:11:50,2026-07-05 19:28:45,v0.0.2,EDDB-LEPA,Afternoon
-142436666237838035,4400eb,EJU17TX ,2026-07-05 00:00:00,EDDB,LEPA,OE-IVT,,A320,,2026-07-05 19:15:25,2026-07-05 21:31:20,v0.0.2,EDDB-LEPA,Evening
-3570153088377707712,4cafc4,RYR4PT  ,2026-07-05 00:00:00,EDDB,LEPA,EI-GXI,,B738,,2026-07-05 20:11:40,2026-07-05 22:20:15,v0.0.2,EDDB-LEPA,Evening
5255551294344337734,3c648f,EWG4EH  ,2026-07-06 00:00:00,EDDB,LEPA,D-AIDO,Airbus A321 231,A321,DLH,2026-07-06 03:47:40,2026-07-06 06:09:15,v0.0.2,EDDB-LEPA,Night
-3939226919475995935,440047,EJU59TY ,2026-07-06 00:00:00,EDDB,LEPA,OE-ICW,,A320,,2026-07-06 04:56:20,2026-07-06 07:11:10,v0.0.2,EDDB-LEPA,Night
4151353000626296329,4ca4ec,RYR584E ,2026-07-06 00:00:00,EDDB,LEPA,EI-DPH,BOEING 737-8AS,B738,RYR,2026-07-06 05:29:40,2026-07-06 07:43:10,v0.0.2,EDDB-LEPA,Morning
-3947362005412951249,4d2244,RYR4PT  ,2026-07-06 00:00:00,EDDB,LEPA,9H-QCV,,B738,,2026-07-06 07:26:25,2026-07-06 09:44:05,v0.0.2,EDDB-LEPA,Morning
-653482516051746463,3c56f0,EWG7RB  ,2026-07-06 00:00:00,EDDB,LEPA,D-AEWP,A320 214SL,A320,EWG,2026-07-06 09:57:40,2026-07-06 12:19:10,v0.0.2,EDDB-LEPA,Morning
-7635182220063703726,4cac7f,RYR24XK ,2026-07-06 00:00:00,EDDB,LEPA,EI-HMS,,B38M,,2026-07-06 13:37:35,2026-07-06 15:51:50,v0.0.2,EDDB-LEPA,Afternoon
-4489801226212512992,4d2418,EWG41W  ,2026-07-06 00:00:00,EDDB,LEPA,9H-EWH,,A320,,2026-07-06 16:26:30,2026-07-06 18:43:15,v0.0.2,EDDB-LEPA,Afternoon
3576072533658231664,440096,EJU17TX ,2026-07-06 00:00:00,EDDB,LEPA,OE-IVR,A320-214,A320,EZY,2026-07-06 19:11:55,2026-07-06 21:26:00,v0.0.2,EDDB-LEPA,Evening
8081196484490920627,4ca6a9,RYR691A ,2026-07-06 00:00:00,EDDB,LEPA,EI-DYV,BOEING 737-8AS,B738,RYR,2026-07-06 20:31:40,2026-07-06 22:44:45,v0.0.2,EDDB-LEPA,Evening
915193437094220201,4d2220,RYR584E ,2026-07-07 00:00:00,EDDB,LEPA,9H-QBM,737-8AS,B738,RYR,2026-07-07 04:10:45,2026-07-07 06:31:30,v0.0.2,EDDB-LEPA,Night
1184800045963517442,4cafb3,RYR4PT  ,2026-07-07 00:00:00,EDDB,LEPA,EI-GSG,737-8AS,B738,RYR,2026-07-07 07:44:00,2026-07-07 09:59:55,v0.0.2,EDDB-LEPA,Morning
-7537457719748494421,3c56f2,EWG5SP  ,2026-07-07 00:00:00,EDDB,LEPA,D-AEWR,A320 214SL,A320,EWG,2026-07-07 10:28:10,2026-07-07 12:37:05,v0.0.2,EDDB-LEPA,Morning
4858599431065939389,4401e4,EJU59TY ,2026-07-07 00:00:00,EDDB,LEPA,OE-LQD,,A319,,2026-07-07 12:33:20,2026-07-07 14:48:00,v0.0.2,EDDB-LEPA,Afternoon
563859925263335899,4ca4ec,RYR99FP ,2026-07-07 00:00:00,EDDB,LEPA,EI-DPH,BOEING 737-8AS,B738,RYR,2026-07-07 12:46:10,2026-07-07 14:56:30,v0.0.2,EDDB-LEPA,Afternoon
-5818572659558261378,3c54a2,EWG7RB  ,2026-07-07 00:00:00,EDDB,LEPA,D-AEEB,Airbus A321-251NX,A21N,EWG,2026-07-07 14:14:35,2026-07-07 16:29:10,v0.0.2,EDDB-LEPA,Afternoon
-5836040357704500292,4d22b0,RYR24XK ,2026-07-07 00:00:00,EDDB,LEPA,9H-LOU,,A320,,2026-07-07 16:23:10,2026-07-07 18:34:25,v0.0.2,EDDB-LEPA,Afternoon
5387163312119440409,4402ac,EJU17TX ,2026-07-07 00:00:00,EDDB,LEPA,OE-IJY,,A320,,2026-07-07 17:58:40,2026-07-07 20:16:10,v0.0.2,EDDB-LEPA,Afternoon
-671947662791100237,3c648f,EWG4EH  ,2026-07-08 00:00:00,EDDB,LEPA,D-AIDO,Airbus A321 231,A321,DLH,2026-07-08 04:00:40,2026-07-08 06:19:20,v0.0.2,EDDB-LEPA,Night
7705093494108315225,4d21ec,RYR584E ,2026-07-08 00:00:00,EDDB,LEPA,9H-QAD,,B738,,2026-07-08 04:07:05,2026-07-08 06:20:45,v0.0.2,EDDB-LEPA,Night
5750231543879944973,4ca893,RYR4PT  ,2026-07-08 00:00:00,EDDB,LEPA,EI-ENG,BOEING 737-8AS,B738,RYR,2026-07-08 08:01:55,2026-07-08 10:11:50,v0.0.2,EDDB-LEPA,Morning
-4237284487712099369,4409c0,EJU32EY ,2026-07-08 00:00:00,EDDB,LEPA,OE-IVA,A320 214SL,A320,EZY,2026-07-08 08:56:30,2026-07-08 11:05:40,v0.0.2,EDDB-LEPA,Morning
5570457559382585389,3c648f,EWG5SP  ,2026-07-08 00:00:00,EDDB,LEPA,D-AIDO,Airbus A321 231,A321,DLH,2026-07-08 11:32:00,2026-07-08 13:44:55,v0.0.2,EDDB-LEPA,Morning
-6037886272748059977,4d22ca,RYR24XK ,2026-07-08 00:00:00,EDDB,LEPA,9H-LMT,,A320,,2026-07-08 14:56:40,2026-07-08 17:14:20,v0.0.2,EDDB-LEPA,Afternoon
-8021562820365268385,3c56f0,EWG7RB  ,2026-07-08 00:00:00,EDDB,LEPA,D-AEWP,A320 214SL,A320,EWG,2026-07-08 15:07:05,2026-07-08 17:28:55,v0.0.2,EDDB-LEPA,Afternoon
-7274540203600510335,4caa60,RYR691A ,2026-07-08 00:00:00,EDDB,LEPA,EI-EXE,BOEING 737-8AS,B738,RYR,2026-07-08 18:09:45,2026-07-08 20:26:30,v0.0.2,EDDB-LEPA,Evening
-2893223382234213462,440171,EJU17TX ,2026-07-08 00:00:00,EDDB,LEPA,OE-LQW,,A319,,2026-07-08 20:11:20,2026-07-08 22:29:05,v0.0.2,EDDB-LEPA,Evening
-3752897414321532404,440daf,EJU59TY ,2026-07-09 00:00:00,EDDB,LEPA,OE-IDU,Airbus A320-214,A320,EZY,2026-07-09 04:04:40,2026-07-09 06:31:25,v0.0.2,EDDB-LEPA,Night
-8168052278590419399,4d2220,RYR584E ,2026-07-09 00:00:00,EDDB,LEPA,9H-QBM,737-8AS,B738,RYR,2026-07-09 05:55:15,2026-07-09 08:09:00,v0.0.2,EDDB-LEPA,Morning
-2510539124050103341,3c56ef,EWG4EH  ,2026-07-09 00:00:00,EDDB,LEPA,D-AEWO,A320 214SL,A320,EWG,2026-07-09 08:25:40,2026-07-09 10:38:35,v0.0.2,EDDB-LEPA,Morning
4862037169799233073,3c56f1,EWG5SP  ,2026-07-09 00:00:00,EDDB,LEPA,D-AEWQ,A320 214SL,A320,EWG,2026-07-09 09:23:40,2026-07-09 11:42:30,v0.0.2,EDDB-LEPA,Morning
2875413206151559343,3cd90e,PTN74V  ,2026-07-09 00:00:00,EDDB,LEPA,D-CJMS,,PC24,,2026-07-09 12:03:20,2026-07-09 14:29:10,v0.0.2,EDDB-LEPA,Afternoon
1045278392784890058,3c54a5,EWG3XM  ,2026-07-09 00:00:00,EDDB,LEPA,D-AEEE,Airbus A321-251NX,A21N,EWG,2026-07-09 13:33:15,2026-07-09 15:41:35,v0.0.2,EDDB-LEPA,Afternoon
-6989136468264670527,3c56f7,EWG7RB  ,2026-07-09 00:00:00,EDDB,LEPA,D-AEWW,A320 214SL,A320,EWG,2026-07-09 15:16:00,2026-07-09 17:34:45,v0.0.2,EDDB-LEPA,Afternoon
-8664967383825310607,4409c0,EJU32EY ,2026-07-09 00:00:00,EDDB,LEPA,OE-IVA,A320 214SL,A320,EZY,2026-07-09 18:51:30,2026-07-09 21:10:00,v0.0.2,EDDB-LEPA,Evening
509465922429153032,4d22c3,RYR24XK ,2026-07-09 00:00:00,EDDB,LEPA,9H-LOO,,A320,,2026-07-09 19:00:40,2026-07-09 21:15:15,v0.0.2,EDDB-LEPA,Evening
2437925334877500691,4d22c8,RYR691A ,2026-07-09 00:00:00,EDDB,LEPA,9H-LOQ,,A320,,2026-07-09 20:46:00,2026-07-09 22:59:55,v0.0.2,EDDB-LEPA,Evening
6229475202245454226,4d2220,RYR584E ,2026-07-10 00:00:00,EDDB,LEPA,9H-QBM,737-8AS,B738,RYR,2026-07-10 04:07:20,2026-07-10 06:24:10,v0.0.2,EDDB-LEPA,Night
-1529622039255459914,3c56f7,EWG4EH  ,2026-07-10 00:00:00,EDDB,LEPA,D-AEWW,A320 214SL,A320,EWG,2026-07-10 04:49:25,2026-07-10 07:10:25,v0.0.2,EDDB-LEPA,Night
1994167216374413042,4d21ec,RYR99FP ,2026-07-10 00:00:00,EDDB,LEPA,9H-QAD,,B738,,2026-07-10 08:52:05,2026-07-10 11:10:15,v0.0.2,EDDB-LEPA,Morning
3088937855672392829,440096,EJU17TX ,2026-07-10 00:00:00,EDDB,LEPA,OE-IVR,A320-214,A320,EZY,2026-07-10 09:06:15,2026-07-10 11:23:35,v0.0.2,EDDB-LEPA,Morning
1395956740496259640,4cac7f,RYR4PT  ,2026-07-10 00:00:00,EDDB,LEPA,EI-HMS,,B38M,,2026-07-10 12:37:25,2026-07-10 14:58:15,v0.0.2,EDDB-LEPA,Afternoon
-8775144847415019892,440484,EJU59TY ,2026-07-10 00:00:00,EDDB,LEPA,OE-LKC,,A319,,2026-07-10 14:30:50,2026-07-10 16:50:40,v0.0.2,EDDB-LEPA,Afternoon
-8468874586701375670,3c56f1,EWG5SP  ,2026-07-10 00:00:00,EDDB,LEPA,D-AEWQ,A320 214SL,A320,EWG,2026-07-10 15:16:55,2026-07-10 17:44:45,v0.0.2,EDDB-LEPA,Afternoon
2606979782456017111,4d240c,EWG41W  ,2026-07-10 00:00:00,EDDB,LEPA,9H-EUU,Airbus A320-214,A320,EWG,2026-07-10 17:00:45,2026-07-10 19:19:55,v0.0.2,EDDB-LEPA,Afternoon
-4756119541828942646,4d224d,RYR24XK ,2026-07-10 00:00:00,EDDB,LEPA,9H-QEL,,B738,,2026-07-10 20:03:30,2026-07-10 22:30:25,v0.0.2,EDDB-LEPA,Evening
-8580169903006075817,3c54a5,EWG4EH  ,2026-07-11 00:00:00,EDDB,LEPA,D-AEEE,Airbus A321-251NX,A21N,EWG,2026-07-11 04:12:15,2026-07-11 06:38:45,v0.0.2,EDDB-LEPA,Night
-5773893386857708057,440daf,EJU59TY ,2026-07-11 00:00:00,EDDB,LEPA,OE-IDU,Airbus A320-214,A320,EZY,2026-07-11 04:25:25,2026-07-11 06:52:15,v0.0.2,EDDB-LEPA,Night
-6980476770235806355,4d2220,RYR99FP ,2026-07-11 00:00:00,EDDB,LEPA,9H-QBM,737-8AS,B738,RYR,2026-07-11 05:38:25,2026-07-11 08:05:35,v0.0.2,EDDB-LEPA,Morning
-3167610173701476755,4ca9d4,RYR4PT  ,2026-07-11 00:00:00,EDDB,LEPA,EI-EVL,BOEING 737-8AS,B738,RYR,2026-07-11 07:27:10,2026-07-11 09:54:55,v0.0.2,EDDB-LEPA,Morning
-9062608733006588876,440cff,EJU32EY ,2026-07-11 00:00:00,EDDB,LEPA,OE-LVG,,A319,,2026-07-11 09:48:30,2026-07-11 12:16:10,v0.0.2,EDDB-LEPA,Morning
2190005426817088679,4d2014,EWG41W  ,2026-07-11 00:00:00,EDDB,LEPA,9H-EUM,Airbus A320-214,A320,EWG,2026-07-11 10:19:20,2026-07-11 12:41:55,v0.0.2,EDDB-LEPA,Morning
3996935220635899745,3c56f7,EWG5SP  ,2026-07-11 00:00:00,EDDB,LEPA,D-AEWW,A320 214SL,A320,EWG,2026-07-11 11:45:10,2026-07-11 13:59:55,v0.0.2,EDDB-LEPA,Morning
-7566009116132525369,3c54a5,EWG44D  ,2026-07-11 00:00:00,EDDB,LEPA,D-AEEE,Airbus A321-251NX,A21N,EWG,2026-07-11 12:38:05,2026-07-11 14:51:15,v0.0.2,EDDB-LEPA,Afternoon
-4219968801791219085,3c56f0,EWG7RB  ,2026-07-11 00:00:00,EDDB,LEPA,D-AEWP,A320 214SL,A320,EWG,2026-07-11 13:13:05,2026-07-11 15:36:00,v0.0.2,EDDB-LEPA,Afternoon
-9215213819146898008,4d22b0,RYR691A ,2026-07-11 00:00:00,EDDB,LEPA,9H-LOU,,A320,,2026-07-11 16:19:05,2026-07-11 18:40:00,v0.0.2,EDDB-LEPA,Afternoon
-6754382599856438753,4ca854,RYR584E ,2026-07-11 00:00:00,EDDB,LEPA,EI-EML,BOEING 737-8AS,B738,RYR,2026-07-11 17:36:05,2026-07-11 19:59:55,v0.0.2,EDDB-LEPA,Afternoon
-410278708259864427,440053,EJU17TX ,2026-07-11 00:00:00,EDDB,LEPA,OE-ICK,,A320,,2026-07-11 20:11:30,2026-07-11 22:35:20,v0.0.2,EDDB-LEPA,Evening
-76052797571441627,3c648f,EWG4EH  ,2026-07-12 00:00:00,EDDB,LEPA,D-AIDO,Airbus A321 231,A321,DLH,2026-07-12 03:32:00,2026-07-12 05:57:10,v0.0.2,EDDB-LEPA,Night
343845072588599044,4402f1,EJU59TY ,2026-07-12 00:00:00,EDDB,LEPA,OE-INP,A320-214,A320,EJU,2026-07-12 04:07:30,2026-07-12 06:39:40,v0.0.2,EDDB-LEPA,Night
3191731699166526105,4d21ec,RYR24XK ,2026-07-12 00:00:00,EDDB,LEPA,9H-QAD,,B738,,2026-07-12 04:18:35,2026-07-12 06:44:30,v0.0.2,EDDB-LEPA,Night
5468102380327991966,3c56f0,EWG5SP  ,2026-07-12 00:00:00,EDDB,LEPA,D-AEWP,A320 214SL,A320,EWG,2026-07-12 04:25:10,2026-07-12 06:55:20,v0.0.2,EDDB-LEPA,Night
-5284940580193321505,4d2244,RYR691A ,2026-07-12 00:00:00,EDDB,LEPA,9H-QCV,,B738,,2026-07-12 06:40:05,2026-07-12 09:08:15,v0.0.2,EDDB-LEPA,Morning
2344624663914011898,4401d1,EJU32EY ,2026-07-12 00:00:00,EDDB,LEPA,OE-IND,,A320,,2026-07-12 08:41:20,2026-07-12 11:11:10,v0.0.2,EDDB-LEPA,Morning
-4971607165478180772,3c56f1,EWG7RB  ,2026-07-12 00:00:00,EDDB,LEPA,D-AEWQ,A320 214SL,A320,EWG,2026-07-12 13:09:15,2026-07-12 15:40:45,v0.0.2,EDDB-LEPA,Afternoon
6930686988984497952,4ca8d9,RYR584E ,2026-07-12 00:00:00,EDDB,LEPA,EI-ENN,BOEING 737-8AS,B738,RYR,2026-07-12 13:12:45,2026-07-12 15:43:25,v0.0.2,EDDB-LEPA,Afternoon
607068337414029734,4caa60,RYR4PT  ,2026-07-12 00:00:00,EDDB,LEPA,EI-EXE,BOEING 737-8AS,B738,RYR,2026-07-12 16:46:00,2026-07-12 19:14:05,v0.0.2,EDDB-LEPA,Afternoon
5204285005049758387,4d2509,EWG41W  ,2026-07-12 00:00:00,EDDB,LEPA,9H-EUN,Airbus A320-214,A320,EWG,2026-07-12 18:05:40,2026-07-12 20:39:30,v0.0.2,EDDB-LEPA,Evening
3746471312874695995,440096,EJU17TX ,2026-07-12 00:00:00,EDDB,LEPA,OE-IVR,A320-214,A320,EZY,2026-07-12 19:37:10,2026-07-12 21:59:55,v0.0.2,EDDB-LEPA,Evening
7059699077688741059,3c54a5,EWG4EH  ,2026-07-13 00:00:00,EDDB,LEPA,D-AEEE,Airbus A321-251NX,A21N,EWG,2026-07-13 03:52:05,2026-07-13 06:23:35,v0.0.2,EDDB-LEPA,Night
-7529033880814833306,440d10,EJU59TY ,2026-07-13 00:00:00,EDDB,LEPA,OE-IBS,,A320,,2026-07-13 04:25:45,2026-07-13 07:20:10,v0.0.2,EDDB-LEPA,Night
-7539172848386166208,4d2244,RYR584E ,2026-07-13 00:00:00,EDDB,LEPA,9H-QCV,,B738,,2026-07-13 05:20:15,2026-07-13 07:55:20,v0.0.2,EDDB-LEPA,Morning
-1395101733870680692,4d224d,RYR4PT  ,2026-07-13 00:00:00,EDDB,LEPA,9H-QEL,,B738,,2026-07-13 07:31:00,2026-07-13 10:07:35,v0.0.2,EDDB-LEPA,Morning
-1331063342145982754,3c49cc,EWG5SP  ,2026-07-13 00:00:00,EDDB,LEPA,D-ABNL,A320 214,A320,EWG,2026-07-13 09:03:30,2026-07-13 11:41:40,v0.0.2,EDDB-LEPA,Morning
3247525439492401615,3c56ee,EWG7RB  ,2026-07-13 00:00:00,EDDB,LEPA,D-AEWN,A320 214SL,A320,EWG,2026-07-13 10:11:15,2026-07-13 12:41:20,v0.0.2,EDDB-LEPA,Morning
5888040268257526505,3e46d6,DISAG   ,2026-07-13 00:00:00,EDDB,LEPA,D-ISAG,Premier I,PRM1,,2026-07-13 11:15:35,2026-07-13 13:57:15,v0.0.2,EDDB-LEPA,Morning
-8291372973936976704,4cac7f,RYR24XK ,2026-07-13 00:00:00,EDDB,LEPA,EI-HMS,,B38M,,2026-07-13 13:29:15,2026-07-13 15:54:35,v0.0.2,EDDB-LEPA,Afternoon
6587467490117620917,4d240e,EWG41W  ,2026-07-13 00:00:00,EDDB,LEPA,9H-EUW,,A320,,2026-07-13 16:11:15,2026-07-13 18:36:50,v0.0.2,EDDB-LEPA,Afternoon
-5570413648129679972,440053,EJU17TX ,2026-07-13 00:00:00,EDDB,LEPA,OE-ICK,,A320,,2026-07-13 17:58:40,2026-07-13 20:34:35,v0.0.2,EDDB-LEPA,Afternoon
-802883228875335197,4d21ee,RYR691A ,2026-07-13 00:00:00,EDDB,LEPA,9H-QAF,Boeing 737-8AS (W),B738,RYR,2026-07-13 20:09:40,2026-07-13 22:30:50,v0.0.2,EDDB-LEPA,Evening
3376191041208324262,4d21ec,RYR584E ,2026-07-14 00:00:00,EDDB,LEPA,9H-QAD,,B738,,2026-07-14 03:56:20,2026-07-14 06:30:10,v0.0.2,EDDB-LEPA,Night
1733785153848983614,4d2238,RYR4PT  ,2026-07-14 00:00:00,EDDB,LEPA,9H-QCN,737-8AS (W),B738,RYR,2026-07-14 09:01:55,2026-07-14 11:49:00,v0.0.2,EDDB-LEPA,Morning
2763490397484600440,3c56f1,EWG4EH  ,2026-07-14 00:00:00,EDDB,LEPA,D-AEWQ,A320 214SL,A320,EWG,2026-07-14 09:38:25,2026-07-14 11:59:55,v0.0.2,EDDB-LEPA,Morning
-6549366269674200333,490d0b,NJE538Y ,2026-07-14 00:00:00,EDDB,LEPA,CS-CHK,BD-100-1A10 Challenger 350,CL35,NJE,2026-07-14 11:17:35,2026-07-14 13:43:30,v0.0.2,EDDB-LEPA,Morning
-6195769410467386215,3c49cc,EWG5SP  ,2026-07-14 00:00:00,EDDB,LEPA,D-ABNL,A320 214,A320,EWG,2026-07-14 11:40:35,2026-07-14 14:08:10,v0.0.2,EDDB-LEPA,Morning
-2801584563019269588,4d2244,RYR99FP ,2026-07-14 00:00:00,EDDB,LEPA,9H-QCV,,B738,,2026-07-14 12:52:40,2026-07-14 15:15:35,v0.0.2,EDDB-LEPA,Afternoon
-2398689551367731508,3c56ee,EWG7RB  ,2026-07-14 00:00:00,EDDB,LEPA,D-AEWN,A320 214SL,A320,EWG,2026-07-14 14:25:30,2026-07-14 16:54:50,v0.0.2,EDDB-LEPA,Afternoon
9172361599044376499,3c54a5,EWG3XM  ,2026-07-14 00:00:00,EDDB,LEPA,D-AEEE,Airbus A321-251NX,A21N,EWG,2026-07-14 15:02:35,2026-07-14 17:32:10,v0.0.2,EDDB-LEPA,Afternoon
-5982267764871808871,440057,EJU59TY ,2026-07-14 00:00:00,EDDB,LEPA,OE-IVE,,A320,,2026-07-14 15:05:20,2026-07-14 17:44:10,v0.0.2,EDDB-LEPA,Afternoon
1165545247078633855,4400eb,EJU17TX ,2026-07-14 00:00:00,EDDB,LEPA,OE-IVT,,A320,,2026-07-14 18:23:10,2026-07-14 20:59:55,v0.0.2,EDDB-LEPA,Evening
-1992265075495098944,4d22b9,RYR24XK ,2026-07-14 00:00:00,EDDB,LEPA,9H-LOT,,A320,,2026-07-14 19:21:20,2026-07-14 21:40:25,v0.0.2,EDDB-LEPA,Evening
-5971402589390205287,3c648f,EWG4EH  ,2026-07-15 00:00:00,EDDB,LEPA,D-AIDO,Airbus A321 231,A321,DLH,2026-07-15 03:57:45,2026-07-15 06:21:10,v0.0.2,EDDB-LEPA,Night
-4914823027466184191,4ca645,RYR584E ,2026-07-15 00:00:00,EDDB,LEPA,EI-DYC,BOEING 737-8AS,B738,RYR,2026-07-15 04:04:55,2026-07-15 06:28:50,v0.0.2,EDDB-LEPA,Night
6243566778844510772,4d228b,RYR4PT  ,2026-07-15 00:00:00,EDDB,LEPA,9H-QDK,,B738,,2026-07-15 07:42:05,2026-07-15 10:23:50,v0.0.2,EDDB-LEPA,Morning
8377981928115055033,3c49cc,EWG3XM  ,2026-07-15 00:00:00,EDDB,LEPA,D-ABNL,A320 214,A320,EWG,2026-07-15 08:36:25,2026-07-15 10:59:55,v0.0.2,EDDB-LEPA,Morning
6568273547036492509,4401d1,EJU32EY ,2026-07-15 00:00:00,EDDB,LEPA,OE-IND,,A320,,2026-07-15 09:07:45,2026-07-15 11:33:15,v0.0.2,EDDB-LEPA,Morning
-143433237917662160,3c648f,EWG5SP  ,2026-07-15 00:00:00,EDDB,LEPA,D-AIDO,Airbus A321 231,A321,DLH,2026-07-15 11:25:10,2026-07-15 13:52:50,v0.0.2,EDDB-LEPA,Morning
1457261319602839198,4d22b9,RYR24XK ,2026-07-15 00:00:00,EDDB,LEPA,9H-LOT,,A320,,2026-07-15 15:40:30,2026-07-15 18:11:55,v0.0.2,EDDB-LEPA,Afternoon
4180510692827333808,3c56ee,EWG7RB  ,2026-07-15 00:00:00,EDDB,LEPA,D-AEWN,A320 214SL,A320,EWG,2026-07-15 15:49:35,2026-07-15 18:34:05,v0.0.2,EDDB-LEPA,Afternoon
5058679888690941133,4ca7b9,RYR691A ,2026-07-15 00:00:00,EDDB,LEPA,EI-EGC,BOEING 737-8AS,B738,RYR,2026-07-15 19:31:40,2026-07-15 21:59:00,v0.0.2,EDDB-LEPA,Evening
-6593226461339757168,440083,EJU17TX ,2026-07-15 00:00:00,EDDB,LEPA,OE-LKQ,,A319,,2026-07-15 21:19:30,2026-07-15 23:43:05,v0.0.2,EDDB-LEPA,Evening
7786034758324364400,4400f3,EJU59TY ,2026-07-16 00:00:00,EDDB,LEPA,OE-KTP,,SB91,,2026-07-16 04:16:45,2026-07-16 06:46:35,v0.0.2,EDDB-LEPA,Night
-7568245860759434648,4ca56b,RYR4PT  ,2026-07-16 00:00:00,EDDB,LEPA,EI-DWF,BOEING 737-8AS,B738,RYR,2026-07-16 07:26:50,2026-07-16 10:06:15,v0.0.2,EDDB-LEPA,Morning
-188218208625730500,3c56f2,EWG4EH  ,2026-07-16 00:00:00,EDDB,LEPA,D-AEWR,A320 214SL,A320,EWG,2026-07-16 08:24:40,2026-07-16 10:50:05,v0.0.2,EDDB-LEPA,Morning
-7994814585071725772,3c49cc,EWG5SP  ,2026-07-16 00:00:00,EDDB,LEPA,D-ABNL,A320 214,A320,EWG,2026-07-16 09:24:20,2026-07-16 11:58:15,v0.0.2,EDDB-LEPA,Morning
-7335376750592110365,3cf0b8,PTN86K  ,2026-07-16 00:00:00,EDDB,LEPA,,,,,2026-07-16 10:04:35,2026-07-16 12:59:55,v0.0.2,EDDB-LEPA,Morning
-3199961438462929918,3c54a5,EWG3XM  ,2026-07-16 00:00:00,EDDB,LEPA,D-AEEE,Airbus A321-251NX,A21N,EWG,2026-07-16 14:37:05,2026-07-16 17:14:00,v0.0.2,EDDB-LEPA,Afternoon
6903821240921050540,3c56f0,EWG7RB  ,2026-07-16 00:00:00,EDDB,LEPA,D-AEWP,A320 214SL,A320,EWG,2026-07-16 15:34:40,2026-07-16 18:06:50,v0.0.2,EDDB-LEPA,Afternoon
-3493213413133383824,4d22bc,RYR691A ,2026-07-16 00:00:00,EDDB,LEPA,9H-LMC,A320-200,A320,LDA,2026-07-16 19:49:40,2026-07-16 22:21:20,v0.0.2,EDDB-LEPA,Evening
8847036752646526392,4401d1,EJU32EY ,2026-07-16 00:00:00,EDDB,LEPA,OE-IND,,A320,,2026-07-16 20:45:05,2026-07-16 23:25:50,v0.0.2,EDDB-LEPA,Evening
-7919212541349519408,4ca815,RYR584E ,2026-07-17 00:00:00,EDDB,LEPA,EI-EKW,BOEING 737-8AS,B738,RYR,2026-07-17 04:11:45,2026-07-17 06:46:50,v0.0.2,EDDB-LEPA,Night
-7523501072787556040,3c56f1,EWG4EH  ,2026-07-17 00:00:00,EDDB,LEPA,D-AEWQ,A320 214SL,A320,EWG,2026-07-17 05:03:15,2026-07-17 07:44:00,v0.0.2,EDDB-LEPA,Morning
-5293857480570829928,440053,EJU17TX ,2026-07-17 00:00:00,EDDB,LEPA,OE-ICK,,A320,,2026-07-17 08:50:05,2026-07-17 11:19:20,v0.0.2,EDDB-LEPA,Morning
5287676668129463096,4ca9cc,RYR99FP ,2026-07-17 00:00:00,EDDB,LEPA,EI-EVE,BOEING 737-8AS,B738,RYR,2026-07-17 08:56:35,2026-07-17 11:30:30,v0.0.2,EDDB-LEPA,Morning
3500093530652018817,4cac7f,RYR4PT  ,2026-07-17 00:00:00,EDDB,LEPA,EI-HMS,,B38M,,2026-07-17 12:45:00,2026-07-17 15:10:40,v0.0.2,EDDB-LEPA,Afternoon
6396230191218386272,3c56f7,EWG5SP  ,2026-07-17 00:00:00,EDDB,LEPA,D-AEWW,A320 214SL,A320,EWG,2026-07-17 15:12:35,2026-07-17 17:45:30,v0.0.2,EDDB-LEPA,Afternoon
7422355148532503356,440625,EJU59TY ,2026-07-17 00:00:00,EDDB,LEPA,OE-LKM,,A319,EJU,2026-07-17 16:05:05,2026-07-17 18:35:00,v0.0.2,EDDB-LEPA,Afternoon
881225178362377136,4d2414,EWG41W  ,2026-07-17 00:00:00,EDDB,LEPA,9H-EWB,Airbus A320-214,A320,EWG,2026-07-17 19:36:45,2026-07-17 22:12:30,v0.0.2,EDDB-LEPA,Evening
-984522995316286100,4d224d,RYR24XK ,2026-07-17 00:00:00,EDDB,LEPA,9H-QEL,,B738,,2026-07-17 21:28:35,2026-07-17 23:50:25,v0.0.2,EDDB-LEPA,Evening
904156265800929616,44083c,EJU59TY ,2026-07-18 00:00:00,EDDB,LEPA,OE-IJQ,,A320,,2026-07-18 04:15:20,2026-07-18 07:07:55,v0.0.2,EDDB-LEPA,Night
175105618342290092,4ca9cc,RYR99FP ,2026-07-18 00:00:00,EDDB,LEPA,EI-EVE,BOEING 737-8AS,B738,RYR,2026-07-18 05:30:05,2026-07-18 07:59:55,v0.0.2,EDDB-LEPA,Morning
-5115834359819375239,3c56ee,EWG5SP  ,2026-07-18 00:00:00,EDDB,LEPA,D-AEWN,A320 214SL,A320,EWG,2026-07-18 11:40:30,2026-07-18 14:12:10,v0.0.2,EDDB-LEPA,Morning
8056982256301008186,3c56f1,EWG7RB  ,2026-07-18 00:00:00,EDDB,LEPA,D-AEWQ,A320 214SL,A320,EWG,2026-07-18 13:07:10,2026-07-18 15:40:15,v0.0.2,EDDB-LEPA,Afternoon
-6892749494615809650,3c54a1,EWG44D  ,2026-07-18 00:00:00,EDDB,LEPA,D-AEEA,Airbus A321-251NX,A21N,EWG,2026-07-18 14:38:35,2026-07-18 17:11:20,v0.0.2,EDDB-LEPA,Afternoon
5246584300781405594,4d22c1,RYR691A ,2026-07-18 00:00:00,EDDB,LEPA,9H-LOS,,A320,,2026-07-18 16:54:30,2026-07-18 19:14:35,v0.0.2,EDDB-LEPA,Afternoon
8898456544737720968,4caa5c,RYR584E ,2026-07-18 00:00:00,EDDB,LEPA,EI-EVX,BOEING 737-8AS,B738,RYR,2026-07-18 17:56:15,2026-07-18 20:21:40,v0.0.2,EDDB-LEPA,Afternoon
7012779405496030863,440047,EJU17TX ,2026-07-18 00:00:00,EDDB,LEPA,OE-ICW,,A320,,2026-07-18 20:46:50,2026-07-18 23:12:55,v0.0.2,EDDB-LEPA,Evening
1202721760966636119,3c648f,EWG4EH  ,2026-07-19 00:00:00,EDDB,LEPA,D-AIDO,Airbus A321 231,A321,DLH,2026-07-19 03:38:40,2026-07-19 06:32:30,v0.0.2,EDDB-LEPA,Night
8861542437752742912,440d10,EJU59TY ,2026-07-19 00:00:00,EDDB,LEPA,OE-IBS,,A320,,2026-07-19 04:07:40,2026-07-19 06:49:20,v0.0.2,EDDB-LEPA,Night
8058406273526356714,3c56ed,EWG5SP  ,2026-07-19 00:00:00,EDDB,LEPA,D-AEWM,A320 214SL,A320,EWG,2026-07-19 04:19:35,2026-07-19 06:49:45,v0.0.2,EDDB-LEPA,Night
2637935600123204900,4ca9c2,RYR24XK ,2026-07-19 00:00:00,EDDB,LEPA,EI-EVB,BOEING 737-8AS,B738,RYR,2026-07-19 04:29:00,2026-07-19 07:13:40,v0.0.2,EDDB-LEPA,Night
3211127473568231631,4d2244,RYR691A ,2026-07-19 00:00:00,EDDB,LEPA,9H-QCV,,B738,,2026-07-19 06:52:30,2026-07-19 09:22:55,v0.0.2,EDDB-LEPA,Morning
-7364718307462853821,4401d1,EJU32EY ,2026-07-19 00:00:00,EDDB,LEPA,OE-IND,,A320,,2026-07-19 10:09:20,2026-07-19 12:33:50,v0.0.2,EDDB-LEPA,Morning
5431874363537801543,4ca645,RYR584E ,2026-07-19 00:00:00,EDDB,LEPA,EI-DYC,BOEING 737-8AS,B738,RYR,2026-07-19 14:02:05,2026-07-19 16:24:35,v0.0.2,EDDB-LEPA,Afternoon
-792789949436173123,3c56f1,EWG7RB  ,2026-07-19 00:00:00,EDDB,LEPA,D-AEWQ,A320 214SL,A320,EWG,2026-07-19 14:05:20,2026-07-19 16:35:50,v0.0.2,EDDB-LEPA,Afternoon
-267829500153224783,4d2415,EWG41W  ,2026-07-19 00:00:00,EDDB,LEPA,9H-EWC,,A320,,2026-07-19 17:05:05,2026-07-19 19:45:05,v0.0.2,EDDB-LEPA,Afternoon
-2002494534100896871,4d222b,RYR4PT  ,2026-07-19 00:00:00,EDDB,LEPA,9H-QEO,,B738,,2026-07-19 17:06:55,2026-07-19 19:47:50,v0.0.2,EDDB-LEPA,Afternoon
2928162139053565374,440713,EJU17TX ,2026-07-19 00:00:00,EDDB,LEPA,OE-IJE,,A320,EZY,2026-07-19 21:03:25,2026-07-19 23:28:15,v0.0.2,EDDB-LEPA,Evening
2608696879058204576,3c54a1,EWG4EH  ,2026-07-20 00:00:00,EDDB,LEPA,D-AEEA,Airbus A321-251NX,A21N,EWG,2026-07-20 03:55:20,2026-07-20 06:25:25,v0.0.2,EDDB-LEPA,Night
1549077216433830761,44083b,EJU59TY ,2026-07-20 00:00:00,EDDB,LEPA,OE-IJA,A320-214,A320,EZY,2026-07-20 04:23:00,2026-07-20 06:50:20,v0.0.2,EDDB-LEPA,Night
-2934793119785723697,4d2226,RYR4PT  ,2026-07-20 00:00:00,EDDB,LEPA,9H-QCJ,,B738,,2026-07-20 07:27:55,2026-07-20 09:47:10,v0.0.2,EDDB-LEPA,Morning
-4505962998317888219,3c56ee,EWG5SP  ,2026-07-20 00:00:00,EDDB,LEPA,D-AEWN,A320 214SL,A320,EWG,2026-07-20 08:45:40,2026-07-20 11:09:20,v0.0.2,EDDB-LEPA,Morning
-8945208936200536706,3c49cc,EWG7RB  ,2026-07-20 00:00:00,EDDB,LEPA,D-ABNL,A320 214,A320,EWG,2026-07-20 10:51:50,2026-07-20 13:15:05,v0.0.2,EDDB-LEPA,Morning
6404821404181289765,4cac7f,RYR24XK ,2026-07-20 00:00:00,EDDB,LEPA,EI-HMS,,B38M,,2026-07-20 15:15:25,2026-07-20 17:39:25,v0.0.2,EDDB-LEPA,Afternoon
-8847711383374870195,4d240e,EWG41W  ,2026-07-20 00:00:00,EDDB,LEPA,9H-EUW,,A320,,2026-07-20 16:17:35,2026-07-20 18:44:45,v0.0.2,EDDB-LEPA,Afternoon
4056897823315967846,440713,EJU17TX ,2026-07-20 00:00:00,EDDB,LEPA,OE-IJE,,A320,EZY,2026-07-20 18:00:30,2026-07-20 20:27:35,v0.0.2,EDDB-LEPA,Evening
-1634171120231450042,4ca7b9,RYR691A ,2026-07-20 00:00:00,EDDB,LEPA,EI-EGC,BOEING 737-8AS,B738,RYR,2026-07-20 20:20:25,2026-07-20 22:47:15,v0.0.2,EDDB-LEPA,Evening
1714223896752607430,4d2271,RYR584E ,2026-07-21 00:00:00,EDDB,LEPA,9H-QEC,,B738,,2026-07-21 04:00:25,2026-07-21 06:25:55,v0.0.2,EDDB-LEPA,Night
3097682060577585419,4d222b,RYR4PT  ,2026-07-21 00:00:00,EDDB,LEPA,9H-QEO,,B738,,2026-07-21 07:45:15,2026-07-21 10:11:20,v0.0.2,EDDB-LEPA,Morning
2000175165806080552,3c49cc,EWG4EH  ,2026-07-21 00:00:00,EDDB,LEPA,D-ABNL,A320 214,A320,EWG,2026-07-21 09:07:15,2026-07-21 11:48:45,v0.0.2,EDDB-LEPA,Morning
-2660906241153098664,3c56ed,EWG5SP  ,2026-07-21 00:00:00,EDDB,LEPA,D-AEWM,A320 214SL,A320,EWG,2026-07-21 09:34:35,2026-07-21 11:52:45,v0.0.2,EDDB-LEPA,Morning
-7193426691515854005,44061d,EJU59TY ,2026-07-21 00:00:00,EDDB,LEPA,OE-LQQ,Airbus A319-111,A319,EZY,2026-07-21 12:30:50,2026-07-21 14:49:05,v0.0.2,EDDB-LEPA,Afternoon
-2974542977485999973,4d2244,RYR99FP ,2026-07-21 00:00:00,EDDB,LEPA,9H-QCV,,B738,,2026-07-21 14:19:30,2026-07-21 16:38:55,v0.0.2,EDDB-LEPA,Afternoon
-1546915715539431995,3c56f1,EWG7RB  ,2026-07-21 00:00:00,EDDB,LEPA,D-AEWQ,A320 214SL,A320,EWG,2026-07-21 14:24:05,2026-07-21 16:45:15,v0.0.2,EDDB-LEPA,Afternoon
9214217728597281164,3c54a1,EWG3XM  ,2026-07-21 00:00:00,EDDB,LEPA,D-AEEA,Airbus A321-251NX,A21N,EWG,2026-07-21 14:37:00,2026-07-21 16:53:55,v0.0.2,EDDB-LEPA,Afternoon
-1961218022975303373,3cd3bb,DCHMH   ,2026-07-21 00:00:00,EDDB,LEPA,,,,,2026-07-21 15:05:40,2026-07-21 17:34:25,v0.0.2,EDDB-LEPA,Afternoon
59679244620190503,4d22c4,RYR24XK ,2026-07-21 00:00:00,EDDB,LEPA,9H-IHH,A320-232,A320,LDA,2026-07-21 17:20:55,2026-07-21 19:44:25,v0.0.2,EDDB-LEPA,Afternoon
-7979322847961902544,4401d1,EJU17TX ,2026-07-21 00:00:00,EDDB,LEPA,OE-IND,,A320,,2026-07-21 19:08:55,2026-07-21 21:34:55,v0.0.2,EDDB-LEPA,Evening
-1769056225644608465,3c648f,EWG4EH  ,2026-07-22 00:00:00,EDDB,LEPA,D-AIDO,Airbus A321 231,A321,DLH,2026-07-22 04:01:45,2026-07-22 06:23:20,v0.0.2,EDDB-LEPA,Night
-4176618555321900432,4d2270,RYR584E ,2026-07-22 00:00:00,EDDB,LEPA,9H-QBA,,B738,,2026-07-22 04:05:00,2026-07-22 06:37:25,v0.0.2,EDDB-LEPA,Night
-858133911096258598,4ca56b,RYR4PT  ,2026-07-22 00:00:00,EDDB,LEPA,EI-DWF,BOEING 737-8AS,B738,RYR,2026-07-22 07:43:50,2026-07-22 09:56:40,v0.0.2,EDDB-LEPA,Morning
-8407675795282460549,4401d1,EJU32EY ,2026-07-22 00:00:00,EDDB,LEPA,OE-IND,,A320,,2026-07-22 09:20:40,2026-07-22 11:42:20,v0.0.2,EDDB-LEPA,Morning
-4696916601393639487,3c648f,EWG5SP  ,2026-07-22 00:00:00,EDDB,LEPA,D-AIDO,Airbus A321 231,A321,DLH,2026-07-22 11:07:45,2026-07-22 13:35:20,v0.0.2,EDDB-LEPA,Morning
-3741612742201015393,3c56ee,EWG7RB  ,2026-07-22 00:00:00,EDDB,LEPA,D-AEWN,A320 214SL,A320,EWG,2026-07-22 14:57:05,2026-07-22 17:17:10,v0.0.2,EDDB-LEPA,Afternoon
-6390725549148045895,4d22c3,RYR24XK ,2026-07-22 00:00:00,EDDB,LEPA,9H-LOO,,A320,,2026-07-22 15:40:05,2026-07-22 17:58:35,v0.0.2,EDDB-LEPA,Afternoon
-3940913827637374018,4caa59,RYR691A ,2026-07-22 00:00:00,EDDB,LEPA,EI-EVT,BOEING 737-8AS,B738,RYR,2026-07-22 19:29:50,2026-07-22 21:50:45,v0.0.2,EDDB-LEPA,Evening
4377391977947143391,440047,EJU17TX ,2026-07-22 00:00:00,EDDB,LEPA,OE-ICW,,A320,,2026-07-22 20:03:15,2026-07-22 22:25:25,v0.0.2,EDDB-LEPA,Evening
-5471199987594329688,440d10,EJU59TY ,2026-07-23 00:00:00,EDDB,LEPA,OE-IBS,,A320,,2026-07-23 03:58:20,2026-07-23 06:17:40,v0.0.2,EDDB-LEPA,Night
1729480995048754487,4ca645,RYR584E ,2026-07-23 00:00:00,EDDB,LEPA,EI-DYC,BOEING 737-8AS,B738,RYR,2026-07-23 05:34:25,2026-07-23 07:57:00,v0.0.2,EDDB-LEPA,Morning
-1375134798789245858,4ca303,RYR4PT  ,2026-07-23 00:00:00,EDDB,LEPA,EI-DLX,BOEING 737-8AS,B738,RYR,2026-07-23 07:43:40,2026-07-23 09:59:30,v0.0.2,EDDB-LEPA,Morning
4065128244635157847,3c56f1,EWG4EH  ,2026-07-23 00:00:00,EDDB,LEPA,D-AEWQ,A320 214SL,A320,EWG,2026-07-23 08:33:50,2026-07-23 10:54:20,v0.0.2,EDDB-LEPA,Morning
5134029948045427872,3c56ed,EWG5SP  ,2026-07-23 00:00:00,EDDB,LEPA,D-AEWM,A320 214SL,A320,EWG,2026-07-23 09:27:00,2026-07-23 11:59:55,v0.0.2,EDDB-LEPA,Morning
-8311056552497588811,3cd8b8,QGA01A  ,2026-07-23 00:00:00,EDDB,LEPA,D-CJJK,,C56X,,2026-07-23 10:10:20,2026-07-23 12:43:55,v0.0.2,EDDB-LEPA,Morning
-1698657964970662951,3c54a3,EWG3XM  ,2026-07-23 00:00:00,EDDB,LEPA,D-AEEC,Airbus A321-251NX,A21N,EWG,2026-07-23 15:06:40,2026-07-23 17:14:30,v0.0.2,EDDB-LEPA,Afternoon
-5360237295894736401,3c49cc,EWG7RB  ,2026-07-23 00:00:00,EDDB,LEPA,D-ABNL,A320 214,A320,EWG,2026-07-23 15:48:35,2026-07-23 17:56:30,v0.0.2,EDDB-LEPA,Afternoon
-1538804425270798020,4d22bb,RYR24XK ,2026-07-23 00:00:00,EDDB,LEPA,9H-LMB,A320-232,A320,LDA,2026-07-23 18:24:25,2026-07-23 20:29:40,v0.0.2,EDDB-LEPA,Evening
8661675479301645801,4401d1,EJU32EY ,2026-07-23 00:00:00,EDDB,LEPA,OE-IND,,A320,,2026-07-23 19:10:35,2026-07-23 21:14:10,v0.0.2,EDDB-LEPA,Evening
-3319656288790088215,4d22c3,RYR691A ,2026-07-23 00:00:00,EDDB,LEPA,9H-LOO,,A320,,2026-07-23 20:24:40,2026-07-23 22:31:20,v0.0.2,EDDB-LEPA,Evening
-859118952557466646,4d2271,RYR584E ,2026-07-24 00:00:00,EDDB,LEPA,9H-QEC,,B738,,2026-07-24 04:21:00,2026-07-24 06:33:20,v0.0.2,EDDB-LEPA,Night
5854108717724039685,3c56f7,EWG4EH  ,2026-07-24 00:00:00,EDDB,LEPA,D-AEWW,A320 214SL,A320,EWG,2026-07-24 04:42:15,2026-07-24 06:59:05,v0.0.2,EDDB-LEPA,Night
-3507672294389411602,440047,EJU17TX ,2026-07-24 00:00:00,EDDB,LEPA,OE-ICW,,A320,,2026-07-24 08:43:45,2026-07-24 10:58:00,v0.0.2,EDDB-LEPA,Morning
1014013094167719409,4d2080,RYR99FP ,2026-07-24 00:00:00,EDDB,LEPA,,,,,2026-07-24 08:46:15,2026-07-24 10:59:10,v0.0.2,EDDB-LEPA,Morning
5649545602494689808,4cac55,RYR4PT  ,2026-07-24 00:00:00,EDDB,LEPA,EI-HGR,,B38M,,2026-07-24 13:04:00,2026-07-24 15:18:45,v0.0.2,EDDB-LEPA,Afternoon
840732759177789200,440172,EJU59TY ,2026-07-24 00:00:00,EDDB,LEPA,OE-LQX,A319-111,A319,EZY,2026-07-24 14:41:25,2026-07-24 17:09:15,v0.0.2,EDDB-LEPA,Afternoon
-8509553668615079523,3c56eb,EWG5SP  ,2026-07-24 00:00:00,EDDB,LEPA,D-AEWK,A320 214SL,A320,EWG,2026-07-24 15:07:45,2026-07-24 17:24:00,v0.0.2,EDDB-LEPA,Afternoon
5285979297826431870,4d2013,EWG41W  ,2026-07-24 00:00:00,EDDB,LEPA,9H-EUO,Airbus A320-214,A320,EWG,2026-07-24 16:58:35,2026-07-24 19:23:30,v0.0.2,EDDB-LEPA,Afternoon
6413389248955300237,4d2211,RYR24XK ,2026-07-24 00:00:00,EDDB,LEPA,9H-QBU,737NG 8AS/W,B738,MAY,2026-07-24 20:35:00,2026-07-24 22:50:15,v0.0.2,EDDB-LEPA,Evening
8533986613675606619,3c54a3,EWG4EH  ,2026-07-25 00:00:00,EDDB,LEPA,D-AEEC,Airbus A321-251NX,A21N,EWG,2026-07-25 04:07:20,2026-07-25 06:34:45,v0.0.2,EDDB-LEPA,Night
-4741302856283085727,440051,EJU59TY ,2026-07-25 00:00:00,EDDB,LEPA,OE-IVD,,A320,EZY,2026-07-25 04:16:25,2026-07-25 06:39:05,v0.0.2,EDDB-LEPA,Night
-553126844765159621,4ca854,RYR99FP ,2026-07-25 00:00:00,EDDB,LEPA,EI-EML,BOEING 737-8AS,B738,RYR,2026-07-25 05:30:15,2026-07-25 07:51:40,v0.0.2,EDDB-LEPA,Morning
-8911145789975554111,4ca8d9,RYR4PT  ,2026-07-25 00:00:00,EDDB,LEPA,EI-ENN,BOEING 737-8AS,B738,RYR,2026-07-25 07:46:55,2026-07-25 10:15:05,v0.0.2,EDDB-LEPA,Morning
-898314377695783212,440582,EJU32EY ,2026-07-25 00:00:00,EDDB,LEPA,OE-LKF,,A319,,2026-07-25 09:12:25,2026-07-25 11:42:20,v0.0.2,EDDB-LEPA,Morning
-8007222658682358802,4d240b,EWG41W  ,2026-07-25 00:00:00,EDDB,LEPA,9H-EUT,Airbus A320-214,A320,EWG,2026-07-25 09:45:30,2026-07-25 12:20:05,v0.0.2,EDDB-LEPA,Morning
-2138587801182887221,494118,NJE263Y ,2026-07-25 00:00:00,EDDB,LEPA,CS-PHX,Embraer Phenom 300,E55P,NJE,2026-07-25 10:03:55,2026-07-25 12:47:15,v0.0.2,EDDB-LEPA,Morning
1414684634935228001,3c56ea,EWG5SP  ,2026-07-25 00:00:00,EDDB,LEPA,D-AEWJ,A320 214SL,A320,EWG,2026-07-25 11:39:15,2026-07-25 14:10:15,v0.0.2,EDDB-LEPA,Morning
926494080376284346,3c54a3,EWG44D  ,2026-07-25 00:00:00,EDDB,LEPA,D-AEEC,Airbus A321-251NX,A21N,EWG,2026-07-25 12:16:35,2026-07-25 14:48:50,v0.0.2,EDDB-LEPA,Afternoon
-4846676104542469324,3c56f7,EWG7RB  ,2026-07-25 00:00:00,EDDB,LEPA,D-AEWW,A320 214SL,A320,EWG,2026-07-25 12:45:05,2026-07-25 15:17:05,v0.0.2,EDDB-LEPA,Afternoon
2211029642416674759,4ca4ea,RYR584E ,2026-07-25 00:00:00,EDDB,LEPA,EI-DPF,BOEING 737-8AS,B738,RYR,2026-07-25 18:16:15,2026-07-25 20:55:25,v0.0.2,EDDB-LEPA,Evening
594048462248719349,4ca8d9,RYR691A ,2026-07-25 00:00:00,EDDB,LEPA,EI-ENN,BOEING 737-8AS,B738,RYR,2026-07-25 19:50:25,2026-07-25 22:13:20,v0.0.2,EDDB-LEPA,Evening
-5792576210800301567,440713,EJU17TX ,2026-07-25 00:00:00,EDDB,LEPA,OE-IJE,,A320,EZY,2026-07-25 21:18:20,2026-07-25 23:53:15,v0.0.2,EDDB-LEPA,Evening
-5337400047288521596,3c56eb,EWG4EH  ,2026-07-26 00:00:00,EDDB,LEPA,D-AEWK,A320 214SL,A320,EWG,2026-07-26 03:38:10,2026-07-26 05:59:55,v0.0.2,EDDB-LEPA,Night
-2310960932228477643,440d10,EJU59TY ,2026-07-26 00:00:00,EDDB,LEPA,OE-IBS,,A320,,2026-07-26 04:07:50,2026-07-26 06:46:20,v0.0.2,EDDB-LEPA,Night
6273778207068657417,4d2270,RYR24XK ,2026-07-26 00:00:00,EDDB,LEPA,9H-QBA,,B738,,2026-07-26 04:27:25,2026-07-26 06:53:40,v0.0.2,EDDB-LEPA,Night
7074366446479378680,3c56ed,EWG5SP  ,2026-07-26 00:00:00,EDDB,LEPA,D-AEWM,A320 214SL,A320,EWG,2026-07-26 04:36:00,2026-07-26 06:59:55,v0.0.2,EDDB-LEPA,Night
6266973702141220031,4d2080,RYR691A ,2026-07-26 00:00:00,EDDB,LEPA,,,,,2026-07-26 06:54:50,2026-07-26 09:14:50,v0.0.2,EDDB-LEPA,Morning
-1532256673945027526,44020c,EJU32EY ,2026-07-26 00:00:00,EDDB,LEPA,,,,,2026-07-26 10:04:45,2026-07-26 12:28:50,v0.0.2,EDDB-LEPA,Morning
-4599349569038907550,4ca645,RYR584E ,2026-07-26 00:00:00,EDDB,LEPA,EI-DYC,BOEING 737-8AS,B738,RYR,2026-07-26 13:31:40,2026-07-26 15:56:10,v0.0.2,EDDB-LEPA,Afternoon
2176038713411942830,3c55c3,EWG7RB  ,2026-07-26 00:00:00,EDDB,LEPA,D-AENC,,A20N,,2026-07-26 14:01:15,2026-07-26 16:38:30,v0.0.2,EDDB-LEPA,Afternoon
5444441120492249392,4ca4ea,RYR4PT  ,2026-07-26 00:00:00,EDDB,LEPA,EI-DPF,BOEING 737-8AS,B738,RYR,2026-07-26 17:27:35,2026-07-26 19:42:40,v0.0.2,EDDB-LEPA,Afternoon
3639530290852939788,4d2509,EWG41W  ,2026-07-26 00:00:00,EDDB,LEPA,9H-EUN,Airbus A320-214,A320,EWG,2026-07-26 17:34:40,2026-07-26 19:52:30,v0.0.2,EDDB-LEPA,Afternoon
-880586238524740383,440c31,EJU17TX ,2026-07-26 00:00:00,EDDB,LEPA,OE-LKY,,A319,,2026-07-26 20:14:05,2026-07-26 22:25:50,v0.0.2,EDDB-LEPA,Evening
4172649025656978011,3c54a2,EWG4EH  ,2026-07-27 00:00:00,EDDB,LEPA,D-AEEB,Airbus A321-251NX,A21N,EWG,2026-07-27 03:34:35,2026-07-27 05:49:45,v0.0.2,EDDB-LEPA,Night
-5848403974775252461,4404a4,EJU59TY ,2026-07-27 00:00:00,EDDB,LEPA,OE-ICL,,A320,,2026-07-27 04:26:25,2026-07-27 06:39:45,v0.0.2,EDDB-LEPA,Night
-3140966401225835528,4ca854,RYR584E ,2026-07-27 00:00:00,EDDB,LEPA,EI-EML,BOEING 737-8AS,B738,RYR,2026-07-27 05:12:05,2026-07-27 07:26:10,v0.0.2,EDDB-LEPA,Morning
711947371898754434,4d2220,RYR4PT  ,2026-07-27 00:00:00,EDDB,LEPA,9H-QBM,737-8AS,B738,RYR,2026-07-27 07:25:10,2026-07-27 09:32:50,v0.0.2,EDDB-LEPA,Morning
-4757336450889192734,3c49cc,EWG5SP  ,2026-07-27 00:00:00,EDDB,LEPA,D-ABNL,A320 214,A320,EWG,2026-07-27 08:56:15,2026-07-27 11:10:30,v0.0.2,EDDB-LEPA,Morning
4637357323569050833,3c56ea,EWG7RB  ,2026-07-27 00:00:00,EDDB,LEPA,D-AEWJ,A320 214SL,A320,EWG,2026-07-27 09:58:10,2026-07-27 12:12:20,v0.0.2,EDDB-LEPA,Morning
7678213303319190448,4d24cb,RYR24XK ,2026-07-27 00:00:00,EDDB,LEPA,9H-VVJ,Boeing 737 MAX 8-200,B38M,RYR,2026-07-27 13:43:20,2026-07-27 15:54:35,v0.0.2,EDDB-LEPA,Afternoon
2785399708477775806,4ca9ed,RYR691A ,2026-07-27 00:00:00,EDDB,LEPA,EI-EVP,BOEING 737-8AS,B738,RYR,2026-07-27 20:25:05,2026-07-27 22:39:20,v0.0.2,EDDB-LEPA,Evening
-7833740953315405494,4cafb4,RYR584E ,2026-07-28 00:00:00,EDDB,LEPA,EI-GSH,737-800,B738,RYR,2026-07-28 04:10:15,2026-07-28 06:29:00,v0.0.2,EDDB-LEPA,Night
7853504619676808191,4caa60,RYR4PT  ,2026-07-28 00:00:00,EDDB,LEPA,EI-EXE,BOEING 737-8AS,B738,RYR,2026-07-28 07:53:35,2026-07-28 10:16:45,v0.0.2,EDDB-LEPA,Morning
-3311566584026996111,3c56eb,EWG4EH  ,2026-07-28 00:00:00,EDDB,LEPA,D-AEWK,A320 214SL,A320,EWG,2026-07-28 08:58:10,2026-07-28 11:21:35,v0.0.2,EDDB-LEPA,Morning
1759195587515165850,3c49cc,EWG5SP  ,2026-07-28 00:00:00,EDDB,LEPA,D-ABNL,A320 214,A320,EWG,2026-07-28 09:26:35,2026-07-28 11:48:20,v0.0.2,EDDB-LEPA,Morning
-3175622239969272221,3e2907,DIGST   ,2026-07-28 00:00:00,EDDB,LEPA,D-IGST,Premier I,PRM1,,2026-07-28 10:08:15,2026-07-28 12:44:00,v0.0.2,EDDB-LEPA,Morning
6089497161271132677,440732,EJU59TY ,2026-07-28 00:00:00,EDDB,LEPA,OE-LQE,Airbus A319-111,A319,EJU,2026-07-28 12:26:20,2026-07-28 14:47:45,v0.0.2,EDDB-LEPA,Afternoon
-7351695211899379623,4d2080,RYR99FP ,2026-07-28 00:00:00,EDDB,LEPA,,,,,2026-07-28 13:03:15,2026-07-28 15:28:10,v0.0.2,EDDB-LEPA,Afternoon
-3054263015301926017,3c56ea,EWG7RB  ,2026-07-28 00:00:00,EDDB,LEPA,D-AEWJ,A320 214SL,A320,EWG,2026-07-28 14:20:50,2026-07-28 16:50:35,v0.0.2,EDDB-LEPA,Afternoon
-6767529867678402350,3c54a2,EWG3XM  ,2026-07-28 00:00:00,EDDB,LEPA,D-AEEB,Airbus A321-251NX,A21N,EWG,2026-07-28 14:29:00,2026-07-28 16:54:50,v0.0.2,EDDB-LEPA,Afternoon
3974914098018627240,470bc9,FCA3MB  ,2026-07-28 00:00:00,EDDB,LEPA,HA-EMB,Embraer Phenom 300,E55P,,2026-07-28 14:30:20,2026-07-28 17:05:55,v0.0.2,EDDB-LEPA,Afternoon
-4577486921153576413,4d22b0,RYR24XK ,2026-07-28 00:00:00,EDDB,LEPA,9H-LOU,,A320,,2026-07-28 17:25:05,2026-07-28 19:51:00,v0.0.2,EDDB-LEPA,Afternoon
-8945961362889490724,440019,EJU17TX ,2026-07-28 00:00:00,EDDB,LEPA,OE-ICF,,A320,EZY,2026-07-28 17:49:25,2026-07-28 20:08:25,v0.0.2,EDDB-LEPA,Afternoon
1198055249252443494,4cafd2,RYR584E ,2026-07-29 00:00:00,EDDB,LEPA,EI-GXM,,B738,,2026-07-29 04:04:05,2026-07-29 06:21:15,v0.0.2,EDDB-LEPA,Night
5039038573776505819,3c648f,EWG4EH  ,2026-07-29 00:00:00,EDDB,LEPA,D-AIDO,Airbus A321 231,A321,DLH,2026-07-29 04:05:40,2026-07-29 06:23:20,v0.0.2,EDDB-LEPA,Night
-7576034810689859662,4caa60,RYR4PT  ,2026-07-29 00:00:00,EDDB,LEPA,EI-EXE,BOEING 737-8AS,B738,RYR,2026-07-29 07:50:10,2026-07-29 10:06:45,v0.0.2,EDDB-LEPA,Morning
-5352406743594425824,3c56ea,EWG3XM  ,2026-07-29 00:00:00,EDDB,LEPA,D-AEWJ,A320 214SL,A320,EWG,2026-07-29 08:17:35,2026-07-29 10:34:25,v0.0.2,EDDB-LEPA,Morning
-3853476113078903655,4402f0,EJU32EY ,2026-07-29 00:00:00,EDDB,LEPA,OE-INO,,A320,,2026-07-29 08:50:25,2026-07-29 11:11:40,v0.0.2,EDDB-LEPA,Morning
-8156146085976814434,3c648f,EWG5SP  ,2026-07-29 00:00:00,EDDB,LEPA,D-AIDO,Airbus A321 231,A321,DLH,2026-07-29 11:18:45,2026-07-29 13:37:00,v0.0.2,EDDB-LEPA,Morning
-3079247243251850562,4d22c4,RYR24XK ,2026-07-29 00:00:00,EDDB,LEPA,9H-IHH,A320-232,A320,LDA,2026-07-29 15:07:10,2026-07-29 17:28:20,v0.0.2,EDDB-LEPA,Afternoon
5045325631854360679,3c56eb,EWG7RB  ,2026-07-29 00:00:00,EDDB,LEPA,D-AEWK,A320 214SL,A320,EWG,2026-07-29 15:29:10,2026-07-29 17:49:35,v0.0.2,EDDB-LEPA,Afternoon
5422868971692735243,3e2907,DIGST   ,2026-07-29 00:00:00,EDDB,LEPA,D-IGST,Premier I,PRM1,,2026-07-29 17:06:35,2026-07-29 19:40:25,v0.0.2,EDDB-LEPA,Afternoon
-3460666618313710655,4d21f0,RYR691A ,2026-07-29 00:00:00,EDDB,LEPA,9H-QAH,737-8AS,B738,MAY,2026-07-29 18:46:55,2026-07-29 21:05:50,v0.0.2,EDDB-LEPA,Evening
5920407745208186653,440582,EJU17TX ,2026-07-29 00:00:00,EDDB,LEPA,OE-LKF,,A319,,2026-07-29 20:46:50,2026-07-29 23:05:10,v0.0.2,EDDB-LEPA,Evening
8441221438522647747,440db0,EJU59TY ,2026-07-30 00:00:00,EDDB,LEPA,OE-IDX,A320-216 (W),A320,EJU,2026-07-30 04:14:25,2026-07-30 06:38:15,v0.0.2,EDDB-LEPA,Night
4246743416094271676,4ca256,RYR584E ,2026-07-30 00:00:00,EDDB,LEPA,EI-DHA,BOEING 737-8AS,B738,RYR,2026-07-30 05:25:20,2026-07-30 07:49:00,v0.0.2,EDDB-LEPA,Morning
-5778795846668954063,4ca853,RYR4PT  ,2026-07-30 00:00:00,EDDB,LEPA,EI-EMK,BOEING 737-8AS,B738,RYR,2026-07-30 07:30:35,2026-07-30 09:55:45,v0.0.2,EDDB-LEPA,Morning
-6131363474486602570,3c49cc,EWG4EH  ,2026-07-30 00:00:00,EDDB,LEPA,D-ABNL,A320 214,A320,EWG,2026-07-30 08:22:00,2026-07-30 10:43:15,v0.0.2,EDDB-LEPA,Morning
3611841869221929397,3c56eb,EWG5SP  ,2026-07-30 00:00:00,EDDB,LEPA,D-AEWK,A320 214SL,A320,EWG,2026-07-30 09:23:10,2026-07-30 11:42:35,v0.0.2,EDDB-LEPA,Morning
-5004665729780460613,3c54a2,EWG3XM  ,2026-07-30 00:00:00,EDDB,LEPA,D-AEEB,Airbus A321-251NX,A21N,EWG,2026-07-30 14:13:20,2026-07-30 16:34:00,v0.0.2,EDDB-LEPA,Afternoon
3215737640464853133,3c56f7,EWG7RB  ,2026-07-30 00:00:00,EDDB,LEPA,D-AEWW,A320 214SL,A320,EWG,2026-07-30 15:20:35,2026-07-30 17:46:40,v0.0.2,EDDB-LEPA,Afternoon
-3044383542682910841,440019,EJU32EY ,2026-07-30 00:00:00,EDDB,LEPA,OE-ICF,,A320,EZY,2026-07-30 18:33:45,2026-07-30 20:57:25,v0.0.2,EDDB-LEPA,Evening
-815501492712766483,4d22b0,RYR24XK ,2026-07-30 00:00:00,EDDB,LEPA,9H-LOU,,A320,,2026-07-30 18:52:40,2026-07-30 21:14:25,v0.0.2,EDDB-LEPA,Evening
-7704638933843491572,4d22af,RYR691A ,2026-07-30 00:00:00,EDDB,LEPA,9H-LMP,,A320,,2026-07-30 20:29:05,2026-07-30 22:50:15,v0.0.2,EDDB-LEPA,Evening
-5210905723956058247,4ca256,RYR584E ,2026-07-31 00:00:00,EDDB,LEPA,EI-DHA,BOEING 737-8AS,B738,RYR,2026-07-31 04:11:35,2026-07-31 06:37:10,v0.0.2,EDDB-LEPA,Night
-3427451180989750799,3c56eb,EWG4EH  ,2026-07-31 00:00:00,EDDB,LEPA,D-AEWK,A320 214SL,A320,EWG,2026-07-31 05:02:05,2026-07-31 07:38:25,v0.0.2,EDDB-LEPA,Morning
-5957970230459718597,4cafd2,RYR99FP ,2026-07-31 00:00:00,EDDB,LEPA,EI-GXM,,B738,,2026-07-31 09:01:40,2026-07-31 11:24:55,v0.0.2,EDDB-LEPA,Morning
-8804834639533411959,440005,EJU17TX ,2026-07-31 00:00:00,EDDB,LEPA,OE-ING,,A320,,2026-07-31 09:05:45,2026-07-31 11:29:45,v0.0.2,EDDB-LEPA,Morning
3518202812416031586,4cac55,RYR4PT  ,2026-07-31 00:00:00,EDDB,LEPA,EI-HGR,,B38M,,2026-07-31 13:17:35,2026-07-31 15:41:30,v0.0.2,EDDB-LEPA,Afternoon
-8609677595148828727,44061b,EJU59TY ,2026-07-31 00:00:00,EDDB,LEPA,OE-LKK,,A319,,2026-07-31 14:25:55,2026-07-31 16:53:00,v0.0.2,EDDB-LEPA,Afternoon
-3159442070981092628,3c56f7,EWG5SP  ,2026-07-31 00:00:00,EDDB,LEPA,D-AEWW,A320 214SL,A320,EWG,2026-07-31 15:11:25,2026-07-31 17:42:50,v0.0.2,EDDB-LEPA,Afternoon
-5026558233727429045,4d240f,EWG41W  ,2026-07-31 00:00:00,EDDB,LEPA,9H-EUX,,A320,,2026-07-31 18:12:50,2026-07-31 20:40:25,v0.0.2,EDDB-LEPA,Evening
-779055553456775865,4d221e,RYR24XK ,2026-07-31 00:00:00,EDDB,LEPA,9H-QEB,737-8AS,B738,RYR,2026-07-31 20:41:30,2026-07-31 23:07:05,v0.0.2,EDDB-LEPA,Evening
4837604545328709699,3c7981,CFG1WT  ,2026-07-01 00:00:00,EDDF,LEPA,,,,,2026-07-01 02:57:10,2026-07-01 04:49:10,v0.0.2,EDDF-LEPA,Night
-4884054450518256700,3c79ba,CFG2KP  ,2026-07-01 00:00:00,EDDF,LEPA,D-ANMZ,Airbus A321-271NX,A21N,CFG,2026-07-01 03:04:35,2026-07-01 05:07:00,v0.0.2,EDDF-LEPA,Night
3080588390456109377,3c0c9e,TUI3WL  ,2026-07-01 00:00:00,EDDF,LEPA,D-ATUF,737NG 8K5/W,B738,TUI,2026-07-01 03:49:40,2026-07-01 05:40:10,v0.0.2,EDDF-LEPA,Night
6542263913216404697,3c66b9,OCN4WJ  ,2026-07-01 00:00:00,EDDF,LEPA,D-AIUY,A320 214SL,A320,DLH,2026-07-01 08:35:10,2026-07-01 10:25:20,v0.0.2,EDDF-LEPA,Morning
4482429452289999865,3c7982,CFG7LC  ,2026-07-01 00:00:00,EDDF,LEPA,,,,,2026-07-01 09:14:10,2026-07-01 11:11:25,v0.0.2,EDDF-LEPA,Morning
-3159280063321448669,3c6474,CFG3TY  ,2026-07-01 00:00:00,EDDF,LEPA,,,,,2026-07-01 09:37:30,2026-07-01 11:52:40,v0.0.2,EDDF-LEPA,Morning
5433439547129141166,3c6545,DLH99F  ,2026-07-01 00:00:00,EDDF,LEPA,D-AIJE,A320-271N,A20N,DLH,2026-07-01 11:38:00,2026-07-01 13:23:20,v0.0.2,EDDF-LEPA,Morning
7235250532939819678,3c66b4,OCN1EJ  ,2026-07-01 00:00:00,EDDF,LEPA,D-AIUT,A320 214SL,A320,DLH,2026-07-01 12:25:20,2026-07-01 14:08:30,v0.0.2,EDDF-LEPA,Afternoon
370147732263671567,3c66e8,OCN518  ,2026-07-01 00:00:00,EDDF,LEPA,D-AIWH,A320-214,A320,DLH,2026-07-01 12:50:30,2026-07-01 14:35:40,v0.0.2,EDDF-LEPA,Afternoon
1018376251477202678,3c0ac6,CFG4KC  ,2026-07-01 00:00:00,EDDF,LEPA,D-ATCB,,A321,,2026-07-01 14:24:50,2026-07-01 16:16:15,v0.0.2,EDDF-LEPA,Afternoon
-2589113826086883386,3c66b3,OCN6NH  ,2026-07-01 00:00:00,EDDF,LEPA,D-AIUS,A320 214SL,A320,DLH,2026-07-01 15:15:50,2026-07-01 17:14:30,v0.0.2,EDDF-LEPA,Afternoon
-8670098293283139444,4247b9,VPCPF   ,2026-07-01 00:00:00,EDDF,LEPA,VP-CPF,,CL35,,2026-07-01 16:29:35,2026-07-01 18:24:45,v0.0.2,EDDF-LEPA,Afternoon
2584991013404369720,3c786b,CFG9XY  ,2026-07-02 00:00:00,EDDF,LEPA,,,,,2026-07-02 02:46:45,2026-07-02 04:43:40,v0.0.2,EDDF-LEPA,Night
249740510130725791,3c7982,CFG1CD  ,2026-07-02 00:00:00,EDDF,LEPA,,,,,2026-07-02 02:58:35,2026-07-02 04:49:55,v0.0.2,EDDF-LEPA,Night
-3359908687569799074,3c618b,TUI3WL  ,2026-07-02 00:00:00,EDDF,LEPA,D-AHLK,737NG 8K5/W,B738,TUI,2026-07-02 03:39:25,2026-07-02 05:26:35,v0.0.2,EDDF-LEPA,Night
-1953565652514025564,3c6474,CFG5PZ  ,2026-07-02 00:00:00,EDDF,LEPA,,,,,2026-07-02 05:05:40,2026-07-02 06:56:50,v0.0.2,EDDF-LEPA,Morning
-1458842061474285394,3c664f,DLH68X  ,2026-07-02 00:00:00,EDDF,LEPA,D-AIRO,A321 131,A321,DLH,2026-07-02 07:48:00,2026-07-02 09:41:35,v0.0.2,EDDF-LEPA,Morning
1759885387066622801,3c66b9,OCN4WJ  ,2026-07-02 00:00:00,EDDF,LEPA,D-AIUY,A320 214SL,A320,DLH,2026-07-02 08:45:30,2026-07-02 10:27:50,v0.0.2,EDDF-LEPA,Morning
-3151314640428389797,3c7989,CFG9DV  ,2026-07-02 00:00:00,EDDF,LEPA,,,,,2026-07-02 08:59:45,2026-07-02 10:45:35,v0.0.2,EDDF-LEPA,Morning
4127903538670170907,3c65d9,DLH99F  ,2026-07-02 00:00:00,EDDF,LEPA,D-AINY,A320-271N,A20N,DLH,2026-07-02 12:11:55,2026-07-02 13:55:20,v0.0.2,EDDF-LEPA,Afternoon
-4422368288377210854,3c66b9,OCN6NH  ,2026-07-02 00:00:00,EDDF,LEPA,D-AIUY,A320 214SL,A320,DLH,2026-07-02 15:13:25,2026-07-02 16:59:55,v0.0.2,EDDF-LEPA,Afternoon
5901866841143244397,3c7989,CFG6FT  ,2026-07-02 00:00:00,EDDF,LEPA,,,,,2026-07-02 15:37:10,2026-07-02 17:30:05,v0.0.2,EDDF-LEPA,Afternoon
2850440509971213226,3c66b1,OCN518  ,2026-07-02 00:00:00,EDDF,LEPA,D-AIUQ,A320 214SL,A320,DLH,2026-07-02 15:51:55,2026-07-02 17:39:40,v0.0.2,EDDF-LEPA,Afternoon
-223689286637298627,3c79b7,CFG3HM  ,2026-07-03 00:00:00,EDDF,LEPA,,,,,2026-07-03 02:50:45,2026-07-03 04:45:00,v0.0.2,EDDF-LEPA,Night
8022235088163790069,3c6422,CFG2VZ  ,2026-07-03 00:00:00,EDDF,LEPA,D-AIAB,Airbus A321-211,A321,CFG,2026-07-03 02:54:40,2026-07-03 04:52:15,v0.0.2,EDDF-LEPA,Night
7460981350735566192,3c7422,TUI3WL  ,2026-07-03 00:00:00,EDDF,LEPA,D-AMAB,,B38M,,2026-07-03 03:24:40,2026-07-03 05:10:05,v0.0.2,EDDF-LEPA,Night
5920032118209092591,3c66e9,OCN4WJ  ,2026-07-03 00:00:00,EDDF,LEPA,D-AIWI,A320-214,A320,DLH,2026-07-03 03:51:25,2026-07-03 05:45:35,v0.0.2,EDDF-LEPA,Night
-434538131082102254,3c66e7,OCN1EJ  ,2026-07-03 00:00:00,EDDF,LEPA,D-AIWG,A320-214,A320,DLH,2026-07-03 07:19:15,2026-07-03 09:08:35,v0.0.2,EDDF-LEPA,Morning
-8309725636847405803,3c6637,DLH68X  ,2026-07-03 00:00:00,EDDF,LEPA,D-AIQW,A320 211,A320,DLH,2026-07-03 07:22:45,2026-07-03 09:14:50,v0.0.2,EDDF-LEPA,Morning
-1472876957548958242,3c786b,CFG3KJ  ,2026-07-03 00:00:00,EDDF,LEPA,,,,,2026-07-03 08:15:45,2026-07-03 10:09:35,v0.0.2,EDDF-LEPA,Morning
5617328521103102998,3c7989,CFG8EF  ,2026-07-03 00:00:00,EDDF,LEPA,,,,,2026-07-03 09:03:00,2026-07-03 11:11:55,v0.0.2,EDDF-LEPA,Morning
-5207996651487788926,3c088d,CFG2DT  ,2026-07-03 00:00:00,EDDF,LEPA,,,,,2026-07-03 09:58:55,2026-07-03 11:45:05,v0.0.2,EDDF-LEPA,Morning
5235671834510012819,3c66e9,OCN518  ,2026-07-03 00:00:00,EDDF,LEPA,D-AIWI,A320-214,A320,DLH,2026-07-03 10:40:35,2026-07-03 12:38:15,v0.0.2,EDDF-LEPA,Morning
-4401757025210386920,3c6659,DLH99F  ,2026-07-03 00:00:00,EDDF,LEPA,D-AIRY,A321 131,A321,DLH,2026-07-03 11:26:30,2026-07-03 13:13:00,v0.0.2,EDDF-LEPA,Morning
2460879461413540780,3c66e8,OCN6NH  ,2026-07-03 00:00:00,EDDF,LEPA,D-AIWH,A320-214,A320,DLH,2026-07-03 14:55:25,2026-07-03 16:57:40,v0.0.2,EDDF-LEPA,Afternoon
8761903161862447092,3c7989,CFG4LM  ,2026-07-03 00:00:00,EDDF,LEPA,,,,,2026-07-03 15:53:35,2026-07-03 17:49:50,v0.0.2,EDDF-LEPA,Afternoon
3860434010360538394,3c79b9,CFG8DM  ,2026-07-04 00:00:00,EDDF,LEPA,,,,,2026-07-04 02:46:10,2026-07-04 04:52:40,v0.0.2,EDDF-LEPA,Night
3063598700605498509,3c7989,CFG2LV  ,2026-07-04 00:00:00,EDDF,LEPA,,,,,2026-07-04 02:58:05,2026-07-04 04:59:10,v0.0.2,EDDF-LEPA,Night
2783170491145631303,3c648a,DLH35E  ,2026-07-04 00:00:00,EDDF,LEPA,D-AIDJ,A321 231,A321,DLH,2026-07-04 03:41:35,2026-07-04 05:49:05,v0.0.2,EDDF-LEPA,Night
-7896821861736861922,3c66b6,OCN2056 ,2026-07-04 00:00:00,EDDF,LEPA,D-AIUV,A320 214SL,A320,DLH,2026-07-04 03:43:05,2026-07-04 05:40:20,v0.0.2,EDDF-LEPA,Night
8910724692357327502,3c7422,TUI3WL  ,2026-07-04 00:00:00,EDDF,LEPA,D-AMAB,,B38M,,2026-07-04 03:43:35,2026-07-04 05:34:25,v0.0.2,EDDF-LEPA,Night
8495139237787187467,3c786b,CFG3HL  ,2026-07-04 00:00:00,EDDF,LEPA,,,,,2026-07-04 04:09:40,2026-07-04 06:07:20,v0.0.2,EDDF-LEPA,Night
-8821130071002698836,3c66ba,OCN4WJ  ,2026-07-04 00:00:00,EDDF,LEPA,D-AIUZ,A320 214SL,A320,DLH,2026-07-04 04:56:50,2026-07-04 06:55:40,v0.0.2,EDDF-LEPA,Night
2143651085209445767,3c6666,DLH68X  ,2026-07-04 00:00:00,EDDF,LEPA,D-AISF,A321 231,A321,DLH,2026-07-04 07:07:40,2026-07-04 09:09:55,v0.0.2,EDDF-LEPA,Morning
-8451328270726788867,3c79b7,CFG7PC  ,2026-07-04 00:00:00,EDDF,LEPA,,,,,2026-07-04 08:56:35,2026-07-04 10:47:15,v0.0.2,EDDF-LEPA,Morning
-5361123396933617622,3c6474,CFG5DP  ,2026-07-04 00:00:00,EDDF,LEPA,,,,,2026-07-04 09:04:50,2026-07-04 10:59:55,v0.0.2,EDDF-LEPA,Morning
-260433739168737645,3c6475,CFG7MX  ,2026-07-04 00:00:00,EDDF,LEPA,D-AICU,,A320,,2026-07-04 11:02:50,2026-07-04 12:59:55,v0.0.2,EDDF-LEPA,Morning
-4762953408079712602,3c65c9,DLH99F  ,2026-07-04 00:00:00,EDDF,LEPA,D-AINI,Airbus A320 271NSL,A20N,DLH,2026-07-04 11:20:55,2026-07-04 13:25:25,v0.0.2,EDDF-LEPA,Morning
6753227613485706734,3c66e7,OCN518  ,2026-07-04 00:00:00,EDDF,LEPA,D-AIWG,A320-214,A320,DLH,2026-07-04 13:08:00,2026-07-04 15:10:45,v0.0.2,EDDF-LEPA,Afternoon
5111701803713214505,3c66b9,OCN6NH  ,2026-07-04 00:00:00,EDDF,LEPA,D-AIUY,A320 214SL,A320,DLH,2026-07-04 15:47:35,2026-07-04 17:40:55,v0.0.2,EDDF-LEPA,Afternoon
-5338003631769308768,3c79b7,CFG8WK  ,2026-07-05 00:00:00,EDDF,LEPA,,,,,2026-07-05 02:50:40,2026-07-05 04:49:15,v0.0.2,EDDF-LEPA,Night
6995447216977416147,3c0c9e,TUI3WL  ,2026-07-05 00:00:00,EDDF,LEPA,D-ATUF,737NG 8K5/W,B738,TUI,2026-07-05 02:58:15,2026-07-05 04:57:40,v0.0.2,EDDF-LEPA,Night
-2153980346046799827,3c7984,CFG1YZ  ,2026-07-05 00:00:00,EDDF,LEPA,,,,,2026-07-05 03:07:40,2026-07-05 04:59:10,v0.0.2,EDDF-LEPA,Night
-3525925031236205770,3c65c1,DLH35E  ,2026-07-05 00:00:00,EDDF,LEPA,D-AINA,A320 271NSL,A20N,DLH,2026-07-05 04:01:35,2026-07-05 06:06:20,v0.0.2,EDDF-LEPA,Night
6319666613849165668,3c6474,CFG4LT  ,2026-07-05 00:00:00,EDDF,LEPA,,,,,2026-07-05 04:36:55,2026-07-05 06:35:30,v0.0.2,EDDF-LEPA,Night
-562477386968244270,3c66aa,DLH68X  ,2026-07-05 00:00:00,EDDF,LEPA,D-AIUJ,A320 214SL,A320,DLH,2026-07-05 07:01:50,2026-07-05 08:59:55,v0.0.2,EDDF-LEPA,Morning
-3382532536770544881,3c66e9,OCN4WJ  ,2026-07-05 00:00:00,EDDF,LEPA,D-AIWI,A320-214,A320,DLH,2026-07-05 08:40:45,2026-07-05 10:37:10,v0.0.2,EDDF-LEPA,Morning
1907447503772395198,3c79b9,CFG1HE  ,2026-07-05 00:00:00,EDDF,LEPA,,,,,2026-07-05 09:13:25,2026-07-05 11:12:25,v0.0.2,EDDF-LEPA,Morning
6511084607100122892,3c6468,CFG2HD  ,2026-07-05 00:00:00,EDDF,LEPA,D-AICH,A320 212,A320,CFG,2026-07-05 09:45:50,2026-07-05 11:56:55,v0.0.2,EDDF-LEPA,Morning
3050569937388889625,3c6482,DLH99F  ,2026-07-05 00:00:00,EDDF,LEPA,D-AIDB,A321 231,A321,DLH,2026-07-05 11:21:10,2026-07-05 13:20:40,v0.0.2,EDDF-LEPA,Morning
6625210605643627023,3c66ba,OCN518  ,2026-07-05 00:00:00,EDDF,LEPA,D-AIUZ,A320 214SL,A320,DLH,2026-07-05 12:55:55,2026-07-05 14:56:25,v0.0.2,EDDF-LEPA,Afternoon
-7337232333348836413,3c66b8,OCN6NH  ,2026-07-05 00:00:00,EDDF,LEPA,D-AIUX,A320 214SL,A320,DLH,2026-07-05 15:57:25,2026-07-05 17:49:05,v0.0.2,EDDF-LEPA,Afternoon
8196455980528286456,3c79b9,CFG6ET  ,2026-07-05 00:00:00,EDDF,LEPA,,,,,2026-07-05 16:50:20,2026-07-05 18:28:30,v0.0.2,EDDF-LEPA,Afternoon
-7035341277751486210,3c79b8,CFG8PR  ,2026-07-06 00:00:00,EDDF,LEPA,,,,,2026-07-06 03:22:55,2026-07-06 05:18:50,v0.0.2,EDDF-LEPA,Night
1557479225316197536,3c7439,TUI3WL  ,2026-07-06 00:00:00,EDDF,LEPA,D-AMAY,,B38M,,2026-07-06 03:49:15,2026-07-06 05:31:55,v0.0.2,EDDF-LEPA,Night
8459596768329389694,3c79b7,CFG5HV  ,2026-07-06 00:00:00,EDDF,LEPA,,,,,2026-07-06 03:53:50,2026-07-06 05:41:20,v0.0.2,EDDF-LEPA,Night
-5233462854375732657,3c786b,CFG4MV  ,2026-07-06 00:00:00,EDDF,LEPA,,,,,2026-07-06 04:41:20,2026-07-06 06:31:35,v0.0.2,EDDF-LEPA,Night
7735400716380218259,3c6545,DLH68X  ,2026-07-06 00:00:00,EDDF,LEPA,D-AIJE,A320-271N,A20N,DLH,2026-07-06 06:43:00,2026-07-06 08:35:40,v0.0.2,EDDF-LEPA,Morning
-2007012008173363117,3c66e7,OCN4WJ  ,2026-07-06 00:00:00,EDDF,LEPA,D-AIWG,A320-214,A320,DLH,2026-07-06 08:18:25,2026-07-06 10:14:20,v0.0.2,EDDF-LEPA,Morning
1626711521514133503,3c6469,CFG9KL  ,2026-07-06 00:00:00,EDDF,LEPA,D-AICI,Airbus A320-212,A320,CFG,2026-07-06 09:23:05,2026-07-06 11:27:50,v0.0.2,EDDF-LEPA,Morning
-6650845110766098927,3c0acc,CFG8ZY  ,2026-07-06 00:00:00,EDDF,LEPA,D-ATCH,,A320,,2026-07-06 09:38:20,2026-07-06 11:39:55,v0.0.2,EDDF-LEPA,Morning
-5590088547737980356,3c6544,DLH99F  ,2026-07-06 00:00:00,EDDF,LEPA,D-AIJD,,A20N,DLH,2026-07-06 11:14:45,2026-07-06 13:12:40,v0.0.2,EDDF-LEPA,Morning
3315129194140096035,3c66e9,OCN518  ,2026-07-06 00:00:00,EDDF,LEPA,D-AIWI,A320-214,A320,DLH,2026-07-06 12:28:05,2026-07-06 14:17:00,v0.0.2,EDDF-LEPA,Afternoon
-181860338254264720,3c66b8,OCN6NH  ,2026-07-06 00:00:00,EDDF,LEPA,D-AIUX,A320 214SL,A320,DLH,2026-07-06 15:22:50,2026-07-06 17:17:00,v0.0.2,EDDF-LEPA,Afternoon
1710211865637350624,3c0acc,CFG9EM  ,2026-07-06 00:00:00,EDDF,LEPA,D-ATCH,,A320,,2026-07-06 16:31:35,2026-07-06 18:28:25,v0.0.2,EDDF-LEPA,Afternoon
6740992308796996429,3c7989,CFG2XR  ,2026-07-07 00:00:00,EDDF,LEPA,,,,,2026-07-07 02:50:45,2026-07-07 04:45:35,v0.0.2,EDDF-LEPA,Night
-8696831218776191805,3c79ba,CFG9FV  ,2026-07-07 00:00:00,EDDF,LEPA,D-ANMZ,Airbus A321-271NX,A21N,CFG,2026-07-07 03:04:20,2026-07-07 04:52:35,v0.0.2,EDDF-LEPA,Night
7835904588183444309,3c7439,TUI3WL  ,2026-07-07 00:00:00,EDDF,LEPA,D-AMAY,,B38M,,2026-07-07 03:38:45,2026-07-07 05:27:50,v0.0.2,EDDF-LEPA,Night
7217995594236839139,3c7878,CFG2JY  ,2026-07-07 00:00:00,EDDF,LEPA,,,,,2026-07-07 04:26:25,2026-07-07 06:19:40,v0.0.2,EDDF-LEPA,Night
-4545146222992765522,3c66e8,OCN4WJ  ,2026-07-07 00:00:00,EDDF,LEPA,D-AIWH,A320-214,A320,DLH,2026-07-07 08:54:35,2026-07-07 10:53:25,v0.0.2,EDDF-LEPA,Morning
5267813053317736266,3c6475,CFG6CK  ,2026-07-07 00:00:00,EDDF,LEPA,D-AICU,,A320,,2026-07-07 09:36:30,2026-07-07 11:27:15,v0.0.2,EDDF-LEPA,Morning
7558954061516307037,3c6670,DLH99F  ,2026-07-07 00:00:00,EDDF,LEPA,D-AISP,A321 231,A321,DLH,2026-07-07 11:28:20,2026-07-07 13:13:55,v0.0.2,EDDF-LEPA,Morning
9083863052191053096,3c66b8,OCN6NH  ,2026-07-07 00:00:00,EDDF,LEPA,D-AIUX,A320 214SL,A320,DLH,2026-07-07 14:53:30,2026-07-07 16:40:10,v0.0.2,EDDF-LEPA,Afternoon
1606779983881718909,3c7984,CFG6DA  ,2026-07-07 00:00:00,EDDF,LEPA,,,,,2026-07-07 16:03:20,2026-07-07 17:48:05,v0.0.2,EDDF-LEPA,Afternoon
6389242853261074451,3c79b7,CFG1WT  ,2026-07-08 00:00:00,EDDF,LEPA,,,,,2026-07-08 02:52:00,2026-07-08 04:44:00,v0.0.2,EDDF-LEPA,Night
2319406795304628375,3c79b9,CFG2KP  ,2026-07-08 00:00:00,EDDF,LEPA,,,,,2026-07-08 03:11:25,2026-07-08 04:59:55,v0.0.2,EDDF-LEPA,Night
-7394069477241958666,3c7422,TUI3WL  ,2026-07-08 00:00:00,EDDF,LEPA,D-AMAB,,B38M,,2026-07-08 03:38:00,2026-07-08 05:24:00,v0.0.2,EDDF-LEPA,Night
-2447449177451703995,3c786c,CFG7AL  ,2026-07-08 00:00:00,EDDF,LEPA,,,,,2026-07-08 03:51:20,2026-07-08 06:24:20,v0.0.2,EDDF-LEPA,Night
-1713237476954310806,3c66b2,OCN4WJ  ,2026-07-08 00:00:00,EDDF,LEPA,D-AIUR,A320 214SL,A320,DLH,2026-07-08 08:38:00,2026-07-08 10:26:30,v0.0.2,EDDF-LEPA,Morning
-6815817073857591240,3c7984,CFG7LC  ,2026-07-08 00:00:00,EDDF,LEPA,,,,,2026-07-08 08:51:15,2026-07-08 10:32:45,v0.0.2,EDDF-LEPA,Morning
6938409426269994763,3c786b,CFG3TY  ,2026-07-08 00:00:00,EDDF,LEPA,,,,,2026-07-08 09:29:00,2026-07-08 11:28:40,v0.0.2,EDDF-LEPA,Morning
-7819517094302269912,3c65c9,DLH99F  ,2026-07-08 00:00:00,EDDF,LEPA,D-AINI,Airbus A320 271NSL,A20N,DLH,2026-07-08 11:17:10,2026-07-08 13:07:55,v0.0.2,EDDF-LEPA,Morning
5282956423288363477,3e35d4,DGJ536  ,2026-07-08 00:00:00,EDDF,LEPA,D-ILOU,,C25A,,2026-07-08 11:53:10,2026-07-08 13:45:20,v0.0.2,EDDF-LEPA,Morning
1402739588949872144,3c66b9,OCN1EJ  ,2026-07-08 00:00:00,EDDF,LEPA,D-AIUY,A320 214SL,A320,DLH,2026-07-08 12:28:00,2026-07-08 14:11:40,v0.0.2,EDDF-LEPA,Afternoon
3611723158743379872,3c66e9,OCN518  ,2026-07-08 00:00:00,EDDF,LEPA,D-AIWI,A320-214,A320,DLH,2026-07-08 12:43:55,2026-07-08 14:28:40,v0.0.2,EDDF-LEPA,Afternoon
2159964195333395795,3c7981,CFG4KC  ,2026-07-08 00:00:00,EDDF,LEPA,,,,,2026-07-08 14:14:55,2026-07-08 16:05:00,v0.0.2,EDDF-LEPA,Afternoon
2948876872274635490,3c66b3,OCN6NH  ,2026-07-08 00:00:00,EDDF,LEPA,D-AIUS,A320 214SL,A320,DLH,2026-07-08 14:57:30,2026-07-08 16:47:55,v0.0.2,EDDF-LEPA,Afternoon
-6711739000770704371,3c79ba,CFG9XY  ,2026-07-09 00:00:00,EDDF,LEPA,D-ANMZ,Airbus A321-271NX,A21N,CFG,2026-07-09 02:47:40,2026-07-09 04:45:10,v0.0.2,EDDF-LEPA,Night
-604601233802215352,3c7981,CFG1CD  ,2026-07-09 00:00:00,EDDF,LEPA,,,,,2026-07-09 03:03:40,2026-07-09 04:51:05,v0.0.2,EDDF-LEPA,Night
8343484933019600481,3c7438,TUI3WL  ,2026-07-09 00:00:00,EDDF,LEPA,D-AMAX,,B38M,,2026-07-09 03:47:05,2026-07-09 05:38:10,v0.0.2,EDDF-LEPA,Night
-8991881620058370228,3c786b,CFG5PZ  ,2026-07-09 00:00:00,EDDF,LEPA,,,,,2026-07-09 05:17:50,2026-07-09 07:06:10,v0.0.2,EDDF-LEPA,Morning
-7846650731541010240,3c66ea,DLH68X  ,2026-07-09 00:00:00,EDDF,LEPA,D-AIWJ,A320-214,A320,DLH,2026-07-09 07:44:05,2026-07-09 09:44:35,v0.0.2,EDDF-LEPA,Morning
-6065792503000064327,3c66b2,OCN4WJ  ,2026-07-09 00:00:00,EDDF,LEPA,D-AIUR,A320 214SL,A320,DLH,2026-07-09 08:54:15,2026-07-09 10:42:35,v0.0.2,EDDF-LEPA,Morning
-8471923824096066894,3c786c,CFG1PW  ,2026-07-09 00:00:00,EDDF,LEPA,,,,,2026-07-09 09:08:00,2026-07-09 11:07:15,v0.0.2,EDDF-LEPA,Morning
-8515908034448384358,3c7989,CFG9DV  ,2026-07-09 00:00:00,EDDF,LEPA,,,,,2026-07-09 09:55:20,2026-07-09 11:50:50,v0.0.2,EDDF-LEPA,Morning
-2855841005245644964,3cc82c,VJH357  ,2026-07-09 00:00:00,EDDF,LEPA,D-CDCM,,C56X,,2026-07-09 10:02:25,2026-07-09 12:06:50,v0.0.2,EDDF-LEPA,Morning
-5888199068015253022,3c65c7,DLH99F  ,2026-07-09 00:00:00,EDDF,LEPA,D-AING,Airbus A320 271NSL,A20N,DLH,2026-07-09 11:41:40,2026-07-09 13:25:10,v0.0.2,EDDF-LEPA,Morning
-148525712127569378,3c66b3,OCN518  ,2026-07-09 00:00:00,EDDF,LEPA,D-AIUS,A320 214SL,A320,DLH,2026-07-09 12:25:20,2026-07-09 14:31:15,v0.0.2,EDDF-LEPA,Afternoon
752082399724902300,3c66b6,OCN6NH  ,2026-07-09 00:00:00,EDDF,LEPA,D-AIUV,A320 214SL,A320,DLH,2026-07-09 15:22:15,2026-07-09 17:15:50,v0.0.2,EDDF-LEPA,Afternoon
7332543266297612493,3c7989,CFG6FT  ,2026-07-09 00:00:00,EDDF,LEPA,,,,,2026-07-09 16:47:05,2026-07-09 18:31:40,v0.0.2,EDDF-LEPA,Afternoon
-3436703913288592704,3c79b7,CFG3HM  ,2026-07-10 00:00:00,EDDF,LEPA,,,,,2026-07-10 02:53:00,2026-07-10 04:48:45,v0.0.2,EDDF-LEPA,Night
4553088720482517306,3c7989,CFG2VZ  ,2026-07-10 00:00:00,EDDF,LEPA,,,,,2026-07-10 02:58:30,2026-07-10 04:54:40,v0.0.2,EDDF-LEPA,Night
-4567570294239326024,3c7422,TUI3WL  ,2026-07-10 00:00:00,EDDF,LEPA,D-AMAB,,B38M,,2026-07-10 03:10:40,2026-07-10 05:11:45,v0.0.2,EDDF-LEPA,Night
-5429949415133035840,3c66ba,OCN4WJ  ,2026-07-10 00:00:00,EDDF,LEPA,D-AIUZ,A320 214SL,A320,DLH,2026-07-10 03:44:55,2026-07-10 05:46:30,v0.0.2,EDDF-LEPA,Night
-1571428569254599157,3c66e8,OCN1EJ  ,2026-07-10 00:00:00,EDDF,LEPA,D-AIWH,A320-214,A320,DLH,2026-07-10 07:08:35,2026-07-10 08:59:55,v0.0.2,EDDF-LEPA,Morning
-7047982953408651949,3c6488,DLH68X  ,2026-07-10 00:00:00,EDDF,LEPA,D-AIDH,Airbus A321 231,A321,DLH,2026-07-10 07:18:55,2026-07-10 09:11:10,v0.0.2,EDDF-LEPA,Morning
5307917367289018417,3c088d,CFG3KJ  ,2026-07-10 00:00:00,EDDF,LEPA,,,,,2026-07-10 08:18:15,2026-07-10 10:22:40,v0.0.2,EDDF-LEPA,Morning
6585988377506613717,3c79b9,CFG8EF  ,2026-07-10 00:00:00,EDDF,LEPA,,,,,2026-07-10 09:08:30,2026-07-10 10:59:55,v0.0.2,EDDF-LEPA,Morning
-5173809187544118466,3c7878,CFG2DT  ,2026-07-10 00:00:00,EDDF,LEPA,,,,,2026-07-10 09:37:35,2026-07-10 11:29:05,v0.0.2,EDDF-LEPA,Morning
-7425687860515479292,3c66ba,OCN518  ,2026-07-10 00:00:00,EDDF,LEPA,D-AIUZ,A320 214SL,A320,DLH,2026-07-10 10:26:10,2026-07-10 12:18:15,v0.0.2,EDDF-LEPA,Morning
-3556067980256178916,3c667a,DLH99F  ,2026-07-10 00:00:00,EDDF,LEPA,D-AISZ,A321 231,A321,DLH,2026-07-10 11:24:45,2026-07-10 13:20:35,v0.0.2,EDDF-LEPA,Morning
-5251163129122452869,3c66b9,OCN6NH  ,2026-07-10 00:00:00,EDDF,LEPA,D-AIUY,A320 214SL,A320,DLH,2026-07-10 14:54:15,2026-07-10 16:57:45,v0.0.2,EDDF-LEPA,Afternoon
-6274785921085991089,3c79b9,CFG4LM  ,2026-07-10 00:00:00,EDDF,LEPA,,,,,2026-07-10 16:01:30,2026-07-10 17:57:25,v0.0.2,EDDF-LEPA,Afternoon
1135730176765715484,3c79b7,CFG8DM  ,2026-07-11 00:00:00,EDDF,LEPA,,,,,2026-07-11 02:50:10,2026-07-11 04:57:55,v0.0.2,EDDF-LEPA,Night
5602176206208661030,3c7983,CFG2LV  ,2026-07-11 00:00:00,EDDF,LEPA,,,,,2026-07-11 03:06:45,2026-07-11 04:59:55,v0.0.2,EDDF-LEPA,Night
5288226462602048167,3c7422,TUI3WL  ,2026-07-11 00:00:00,EDDF,LEPA,D-AMAB,,B38M,,2026-07-11 03:42:00,2026-07-11 05:29:45,v0.0.2,EDDF-LEPA,Night
-384008569988628528,3c66b9,OCN2056 ,2026-07-11 00:00:00,EDDF,LEPA,D-AIUY,A320 214SL,A320,DLH,2026-07-11 03:47:25,2026-07-11 05:50:55,v0.0.2,EDDF-LEPA,Night
-4205912430097513736,3c674f,DLH35E  ,2026-07-11 00:00:00,EDDF,LEPA,D-AIZO,A320 214,A320,DLH,2026-07-11 03:53:50,2026-07-11 05:52:15,v0.0.2,EDDF-LEPA,Night
-5102466800314421462,3c7861,CFG3HL  ,2026-07-11 00:00:00,EDDF,LEPA,,,,,2026-07-11 04:31:00,2026-07-11 06:32:55,v0.0.2,EDDF-LEPA,Night
-3438663560576675092,3c66ba,OCN4WJ  ,2026-07-11 00:00:00,EDDF,LEPA,D-AIUZ,A320 214SL,A320,DLH,2026-07-11 05:08:50,2026-07-11 07:09:15,v0.0.2,EDDF-LEPA,Morning
2717110042143132251,3c6657,DLH68X  ,2026-07-11 00:00:00,EDDF,LEPA,D-AIRW,A321 131,A321,DLH,2026-07-11 07:16:50,2026-07-11 09:10:35,v0.0.2,EDDF-LEPA,Morning
5528214170839679770,3c79b9,CFG7PC  ,2026-07-11 00:00:00,EDDF,LEPA,,,,,2026-07-11 09:01:30,2026-07-11 10:59:55,v0.0.2,EDDF-LEPA,Morning
-6081595813854141736,3c786b,CFG5DP  ,2026-07-11 00:00:00,EDDF,LEPA,,,,,2026-07-11 09:21:20,2026-07-11 11:12:35,v0.0.2,EDDF-LEPA,Morning
-5101224187046144036,3c66e1,DLH99F  ,2026-07-11 00:00:00,EDDF,LEPA,D-AIWA,A320 214SL,A320,DLH,2026-07-11 11:14:10,2026-07-11 13:22:05,v0.0.2,EDDF-LEPA,Morning
-3709607053890203083,3c7879,CFG7MX  ,2026-07-11 00:00:00,EDDF,LEPA,,,,,2026-07-11 12:36:30,2026-07-11 14:18:25,v0.0.2,EDDF-LEPA,Afternoon
-4665323623668511094,3c66b4,OCN518  ,2026-07-11 00:00:00,EDDF,LEPA,D-AIUT,A320 214SL,A320,DLH,2026-07-11 13:16:55,2026-07-11 15:15:40,v0.0.2,EDDF-LEPA,Afternoon
-5406335244434240243,3c66b1,OCN6NH  ,2026-07-11 00:00:00,EDDF,LEPA,D-AIUQ,A320 214SL,A320,DLH,2026-07-11 15:20:50,2026-07-11 17:17:45,v0.0.2,EDDF-LEPA,Afternoon
8851031406793912614,3c7984,CFG8WK  ,2026-07-12 00:00:00,EDDF,LEPA,,,,,2026-07-12 02:51:50,2026-07-12 04:52:35,v0.0.2,EDDF-LEPA,Night
-8263312377370303201,3c79b7,CFG1YZ  ,2026-07-12 00:00:00,EDDF,LEPA,,,,,2026-07-12 03:07:35,2026-07-12 05:09:30,v0.0.2,EDDF-LEPA,Night
-4781571527608604855,3c0c9e,TUI3WL  ,2026-07-12 00:00:00,EDDF,LEPA,D-ATUF,737NG 8K5/W,B738,TUI,2026-07-12 03:09:40,2026-07-12 05:11:55,v0.0.2,EDDF-LEPA,Night
-2606918850066200911,3c6758,DLH35E  ,2026-07-12 00:00:00,EDDF,LEPA,D-AIZX,Airbus A320 214SL,A320,DLH,2026-07-12 03:58:10,2026-07-12 05:58:55,v0.0.2,EDDF-LEPA,Night
-2140501844666751848,3c786b,CFG4LT  ,2026-07-12 00:00:00,EDDF,LEPA,,,,,2026-07-12 04:51:35,2026-07-12 06:56:50,v0.0.2,EDDF-LEPA,Night
8527058710499857153,3c6666,DLH68X  ,2026-07-12 00:00:00,EDDF,LEPA,D-AISF,A321 231,A321,DLH,2026-07-12 07:06:20,2026-07-12 08:59:55,v0.0.2,EDDF-LEPA,Morning
4432928874323643168,3c7989,CFG1HE  ,2026-07-12 00:00:00,EDDF,LEPA,,,,,2026-07-12 08:51:55,2026-07-12 10:59:55,v0.0.2,EDDF-LEPA,Morning
-7079611414766258875,3c66ba,OCN4WJ  ,2026-07-12 00:00:00,EDDF,LEPA,D-AIUZ,A320 214SL,A320,DLH,2026-07-12 09:01:25,2026-07-12 10:50:20,v0.0.2,EDDF-LEPA,Morning
-3288722829830000492,3c0acc,CFG2HD  ,2026-07-12 00:00:00,EDDF,LEPA,D-ATCH,,A320,,2026-07-12 09:30:15,2026-07-12 11:30:15,v0.0.2,EDDF-LEPA,Morning
8195766427480628787,3c66a1,DLH99F  ,2026-07-12 00:00:00,EDDF,LEPA,D-AIUA,A320 214SL,A320,DLH,2026-07-12 11:01:45,2026-07-12 13:22:40,v0.0.2,EDDF-LEPA,Morning
7950854929337700498,3c66b6,OCN518  ,2026-07-12 00:00:00,EDDF,LEPA,D-AIUV,A320 214SL,A320,DLH,2026-07-12 13:06:40,2026-07-12 14:59:55,v0.0.2,EDDF-LEPA,Afternoon
4335993395932237605,3c7989,CFG6ET  ,2026-07-12 00:00:00,EDDF,LEPA,,,,,2026-07-12 15:43:15,2026-07-12 17:36:00,v0.0.2,EDDF-LEPA,Afternoon
4886981756140105121,3c66b8,OCN6NH  ,2026-07-12 00:00:00,EDDF,LEPA,D-AIUX,A320 214SL,A320,DLH,2026-07-12 15:55:20,2026-07-12 17:59:55,v0.0.2,EDDF-LEPA,Afternoon
8788532327379831052,3c7982,CFG8PR  ,2026-07-13 00:00:00,EDDF,LEPA,,,,,2026-07-13 03:22:15,2026-07-13 05:25:45,v0.0.2,EDDF-LEPA,Night
-8156953806008118,3c7984,CFG5HV  ,2026-07-13 00:00:00,EDDF,LEPA,,,,,2026-07-13 03:43:05,2026-07-13 05:56:05,v0.0.2,EDDF-LEPA,Night
4721724721711361633,3c743a,TUI3WL  ,2026-07-13 00:00:00,EDDF,LEPA,D-AMAZ,,B38M,,2026-07-13 03:49:25,2026-07-13 05:46:20,v0.0.2,EDDF-LEPA,Night
7397198753817941301,3c6474,CFG4MV  ,2026-07-13 00:00:00,EDDF,LEPA,,,,,2026-07-13 05:33:35,2026-07-13 07:43:45,v0.0.2,EDDF-LEPA,Morning
1775811802342795363,3c64ae,DLH68X  ,2026-07-13 00:00:00,EDDF,LEPA,D-AIEN,,A21N,,2026-07-13 06:32:05,2026-07-13 08:32:10,v0.0.2,EDDF-LEPA,Morning
5841855650949668611,3c66b6,OCN4WJ  ,2026-07-13 00:00:00,EDDF,LEPA,D-AIUV,A320 214SL,A320,DLH,2026-07-13 08:32:50,2026-07-13 10:35:10,v0.0.2,EDDF-LEPA,Morning
-4349029097351323927,3c7879,CFG8ZY  ,2026-07-13 00:00:00,EDDF,LEPA,,,,,2026-07-13 09:21:35,2026-07-13 11:14:10,v0.0.2,EDDF-LEPA,Morning
648605577653549172,3c6473,CFG9KL  ,2026-07-13 00:00:00,EDDF,LEPA,D-AICS,,A320,,2026-07-13 09:39:05,2026-07-13 11:41:40,v0.0.2,EDDF-LEPA,Morning
5516779018615255197,3c6634,DLH99F  ,2026-07-13 00:00:00,EDDF,LEPA,D-AIQT,A320 211,A320,DLH,2026-07-13 11:30:45,2026-07-13 13:24:30,v0.0.2,EDDF-LEPA,Morning
9213626719890251565,3c66e7,OCN518  ,2026-07-13 00:00:00,EDDF,LEPA,D-AIWG,A320-214,A320,DLH,2026-07-13 12:40:30,2026-07-13 14:34:30,v0.0.2,EDDF-LEPA,Afternoon
1123836143684406811,3c66b6,OCN6NH  ,2026-07-13 00:00:00,EDDF,LEPA,D-AIUV,A320 214SL,A320,DLH,2026-07-13 15:11:30,2026-07-13 17:06:25,v0.0.2,EDDF-LEPA,Afternoon
957017134180465704,3c7879,CFG9EM  ,2026-07-13 00:00:00,EDDF,LEPA,,,,,2026-07-13 15:54:00,2026-07-13 17:54:25,v0.0.2,EDDF-LEPA,Afternoon
-5112642756995794306,3c79b7,CFG2XR  ,2026-07-14 00:00:00,EDDF,LEPA,,,,,2026-07-14 02:56:05,2026-07-14 04:54:25,v0.0.2,EDDF-LEPA,Night
859273117425438242,3c79ba,CFG9FV  ,2026-07-14 00:00:00,EDDF,LEPA,D-ANMZ,Airbus A321-271NX,A21N,CFG,2026-07-14 03:08:50,2026-07-14 05:09:55,v0.0.2,EDDF-LEPA,Night
-1878906370123013880,3c0d0c,TUI3WL  ,2026-07-14 00:00:00,EDDF,LEPA,D-ATYL,,B738,,2026-07-14 03:35:00,2026-07-14 05:35:50,v0.0.2,EDDF-LEPA,Night
7842846117951204470,3c7879,CFG2JY  ,2026-07-14 00:00:00,EDDF,LEPA,,,,,2026-07-14 04:40:40,2026-07-14 06:40:30,v0.0.2,EDDF-LEPA,Night
-1093154955777117591,3c088d,CFG6CK  ,2026-07-14 00:00:00,EDDF,LEPA,,,,,2026-07-14 09:39:05,2026-07-14 11:28:10,v0.0.2,EDDF-LEPA,Morning
8620789232994078143,3c7983,CFG8DC  ,2026-07-14 00:00:00,EDDF,LEPA,,,,,2026-07-14 10:27:40,2026-07-14 12:24:20,v0.0.2,EDDF-LEPA,Morning
-3096955168557405769,3c648c,DLH99F  ,2026-07-14 00:00:00,EDDF,LEPA,D-AIDL,A321 231,A321,DLH,2026-07-14 11:29:15,2026-07-14 13:21:25,v0.0.2,EDDF-LEPA,Morning
-6262111791979789594,3c66b1,OCN6NH  ,2026-07-14 00:00:00,EDDF,LEPA,D-AIUQ,A320 214SL,A320,DLH,2026-07-14 15:20:50,2026-07-14 17:20:20,v0.0.2,EDDF-LEPA,Afternoon
7046459932815816003,3c7983,CFG6DA  ,2026-07-14 00:00:00,EDDF,LEPA,,,,,2026-07-14 17:07:30,2026-07-14 18:55:40,v0.0.2,EDDF-LEPA,Afternoon
5416777335098447325,3c79b7,CFG1WT  ,2026-07-15 00:00:00,EDDF,LEPA,,,,,2026-07-15 03:05:25,2026-07-15 05:08:40,v0.0.2,EDDF-LEPA,Night
-8225060889042102755,3c7989,CFG2KP  ,2026-07-15 00:00:00,EDDF,LEPA,,,,,2026-07-15 03:07:25,2026-07-15 05:05:35,v0.0.2,EDDF-LEPA,Night
-7713051177138463940,3c743a,TUI3WL  ,2026-07-15 00:00:00,EDDF,LEPA,D-AMAZ,,B38M,,2026-07-15 03:37:05,2026-07-15 05:29:10,v0.0.2,EDDF-LEPA,Night
5796624564808932178,3c7879,CFG7AL  ,2026-07-15 00:00:00,EDDF,LEPA,,,,,2026-07-15 04:24:00,2026-07-15 06:23:40,v0.0.2,EDDF-LEPA,Night
-1468845113359118024,3c66ba,OCN4WJ  ,2026-07-15 00:00:00,EDDF,LEPA,D-AIUZ,A320 214SL,A320,DLH,2026-07-15 08:38:15,2026-07-15 10:40:20,v0.0.2,EDDF-LEPA,Morning
-8968599691584024571,3c7983,CFG7LC  ,2026-07-15 00:00:00,EDDF,LEPA,,,,,2026-07-15 09:24:45,2026-07-15 11:20:20,v0.0.2,EDDF-LEPA,Morning
2054325916239562324,3c6469,CFG3TY  ,2026-07-15 00:00:00,EDDF,LEPA,D-AICI,Airbus A320-212,A320,CFG,2026-07-15 10:03:15,2026-07-15 12:22:10,v0.0.2,EDDF-LEPA,Morning
2983614592396511114,3c65d6,DLH99F  ,2026-07-15 00:00:00,EDDF,LEPA,D-AINV,,A20N,DLH,2026-07-15 11:28:50,2026-07-15 13:29:45,v0.0.2,EDDF-LEPA,Morning
4512487274986119955,3c66b1,OCN1EJ  ,2026-07-15 00:00:00,EDDF,LEPA,D-AIUQ,A320 214SL,A320,DLH,2026-07-15 12:06:40,2026-07-15 14:11:15,v0.0.2,EDDF-LEPA,Afternoon
-1633192529075036433,3c66e7,OCN518  ,2026-07-15 00:00:00,EDDF,LEPA,D-AIWG,A320-214,A320,DLH,2026-07-15 12:54:05,2026-07-15 14:48:50,v0.0.2,EDDF-LEPA,Afternoon
-4068544817619509358,3c7981,CFG4KC  ,2026-07-15 00:00:00,EDDF,LEPA,,,,,2026-07-15 14:28:45,2026-07-15 16:36:45,v0.0.2,EDDF-LEPA,Afternoon
7351025638191432952,3c66b8,OCN6NH  ,2026-07-15 00:00:00,EDDF,LEPA,D-AIUX,A320 214SL,A320,DLH,2026-07-15 16:36:50,2026-07-15 18:36:25,v0.0.2,EDDF-LEPA,Afternoon
-8885062362751854163,3c79b7,CFG1CD  ,2026-07-16 00:00:00,EDDF,LEPA,,,,,2026-07-16 03:02:30,2026-07-16 04:59:55,v0.0.2,EDDF-LEPA,Night
-4083408685818454693,3c79b9,CFG9XY  ,2026-07-16 00:00:00,EDDF,LEPA,,,,,2026-07-16 03:03:35,2026-07-16 04:58:00,v0.0.2,EDDF-LEPA,Night
37979426327064594,3c0d0c,TUI3WL  ,2026-07-16 00:00:00,EDDF,LEPA,D-ATYL,,B738,,2026-07-16 03:37:40,2026-07-16 05:32:20,v0.0.2,EDDF-LEPA,Night
-4402930488481542769,3c786b,CFG5PZ  ,2026-07-16 00:00:00,EDDF,LEPA,,,,,2026-07-16 05:16:40,2026-07-16 07:11:10,v0.0.2,EDDF-LEPA,Morning
903515680852299274,3c6482,DLH68X  ,2026-07-16 00:00:00,EDDF,LEPA,D-AIDB,A321 231,A321,DLH,2026-07-16 07:48:25,2026-07-16 10:06:15,v0.0.2,EDDF-LEPA,Morning
6081457621624964761,3c66e8,OCN4WJ  ,2026-07-16 00:00:00,EDDF,LEPA,D-AIWH,A320-214,A320,DLH,2026-07-16 09:01:20,2026-07-16 10:53:15,v0.0.2,EDDF-LEPA,Morning
2347161057615313278,3c7981,CFG9DV  ,2026-07-16 00:00:00,EDDF,LEPA,,,,,2026-07-16 09:11:00,2026-07-16 10:59:55,v0.0.2,EDDF-LEPA,Morning
4818339439444667360,3c7879,CFG1PW  ,2026-07-16 00:00:00,EDDF,LEPA,,,,,2026-07-16 09:33:50,2026-07-16 11:35:40,v0.0.2,EDDF-LEPA,Morning
-4462920161734140023,3c65c1,DLH99F  ,2026-07-16 00:00:00,EDDF,LEPA,D-AINA,A320 271NSL,A20N,DLH,2026-07-16 11:47:10,2026-07-16 13:41:45,v0.0.2,EDDF-LEPA,Morning
2891933726768757925,3c66b9,OCN518  ,2026-07-16 00:00:00,EDDF,LEPA,D-AIUY,A320 214SL,A320,DLH,2026-07-16 13:12:25,2026-07-16 15:14:55,v0.0.2,EDDF-LEPA,Afternoon
6762012128340342151,3c66e8,OCN6NH  ,2026-07-16 00:00:00,EDDF,LEPA,D-AIWH,A320-214,A320,DLH,2026-07-16 15:56:25,2026-07-16 17:51:15,v0.0.2,EDDF-LEPA,Afternoon
1335654185347842748,3c7981,CFG6FT  ,2026-07-16 00:00:00,EDDF,LEPA,,,,,2026-07-16 16:01:40,2026-07-16 17:59:55,v0.0.2,EDDF-LEPA,Afternoon
-5279248555816980694,3c79b8,CFG3HM  ,2026-07-17 00:00:00,EDDF,LEPA,,,,,2026-07-17 02:53:30,2026-07-17 04:59:55,v0.0.2,EDDF-LEPA,Night
3567944410504137157,3c743a,TUI3WL  ,2026-07-17 00:00:00,EDDF,LEPA,D-AMAZ,,B38M,,2026-07-17 03:30:10,2026-07-17 05:23:05,v0.0.2,EDDF-LEPA,Night
-6773361225035271281,3c66e8,OCN4WJ  ,2026-07-17 00:00:00,EDDF,LEPA,D-AIWH,A320-214,A320,DLH,2026-07-17 03:43:50,2026-07-17 05:50:35,v0.0.2,EDDF-LEPA,Night
3794562738354179503,3c65d8,DLH68X  ,2026-07-17 00:00:00,EDDF,LEPA,D-AINX,Airbus A320-271N,A20N,DLH,2026-07-17 07:11:30,2026-07-17 09:20:00,v0.0.2,EDDF-LEPA,Morning
6811581681881981817,3c66b6,OCN1EJ  ,2026-07-17 00:00:00,EDDF,LEPA,D-AIUV,A320 214SL,A320,DLH,2026-07-17 07:12:35,2026-07-17 09:09:05,v0.0.2,EDDF-LEPA,Morning
3920930435540538804,3c0acc,CFG3KJ  ,2026-07-17 00:00:00,EDDF,LEPA,D-ATCH,,A320,,2026-07-17 08:46:30,2026-07-17 10:46:15,v0.0.2,EDDF-LEPA,Morning
-8294308180585915683,3c7981,CFG8EF  ,2026-07-17 00:00:00,EDDF,LEPA,,,,,2026-07-17 09:06:10,2026-07-17 11:19:20,v0.0.2,EDDF-LEPA,Morning
8412996361544175728,3c786b,CFG2DT  ,2026-07-17 00:00:00,EDDF,LEPA,,,,,2026-07-17 10:28:35,2026-07-17 12:25:10,v0.0.2,EDDF-LEPA,Morning
4129683907201966277,3c66e8,OCN518  ,2026-07-17 00:00:00,EDDF,LEPA,D-AIWH,A320-214,A320,DLH,2026-07-17 10:29:45,2026-07-17 12:32:20,v0.0.2,EDDF-LEPA,Morning
7764680238010239354,3c664e,DLH99F  ,2026-07-17 00:00:00,EDDF,LEPA,D-AIRN,A321 131,A321,DLH,2026-07-17 11:20:00,2026-07-17 13:11:40,v0.0.2,EDDF-LEPA,Morning
8648951512353345719,3cc146,PTN51P  ,2026-07-17 00:00:00,EDDF,LEPA,D-CAMO,,C25C,,2026-07-17 12:59:05,2026-07-17 14:59:55,v0.0.2,EDDF-LEPA,Afternoon
-4509788011375941815,3c66e7,OCN6NH  ,2026-07-17 00:00:00,EDDF,LEPA,D-AIWG,A320-214,A320,DLH,2026-07-17 15:34:50,2026-07-17 17:32:25,v0.0.2,EDDF-LEPA,Afternoon
2777313470400648150,3c6433,CFG4LM  ,2026-07-17 00:00:00,EDDF,LEPA,D-AIAS,,A321,,2026-07-17 16:46:10,2026-07-17 18:46:30,v0.0.2,EDDF-LEPA,Afternoon
2576410032348058128,3c79b8,CFG8DM  ,2026-07-18 00:00:00,EDDF,LEPA,,,,,2026-07-18 02:55:30,2026-07-18 04:59:55,v0.0.2,EDDF-LEPA,Night
-7333313945051464878,3c7983,CFG2LV  ,2026-07-18 00:00:00,EDDF,LEPA,,,,,2026-07-18 03:18:15,2026-07-18 05:28:00,v0.0.2,EDDF-LEPA,Night
2009078047910746066,3c66b2,OCN2056 ,2026-07-18 00:00:00,EDDF,LEPA,D-AIUR,A320 214SL,A320,DLH,2026-07-18 03:36:25,2026-07-18 05:48:10,v0.0.2,EDDF-LEPA,Night
6013950540701775324,3c743a,TUI3WL  ,2026-07-18 00:00:00,EDDF,LEPA,D-AMAZ,,B38M,,2026-07-18 03:38:20,2026-07-18 05:36:55,v0.0.2,EDDF-LEPA,Night
1699867206281556256,3c65d8,DLH35E  ,2026-07-18 00:00:00,EDDF,LEPA,D-AINX,Airbus A320-271N,A20N,DLH,2026-07-18 03:48:45,2026-07-18 05:56:30,v0.0.2,EDDF-LEPA,Night
8625192226411511590,3c786b,CFG3HL  ,2026-07-18 00:00:00,EDDF,LEPA,,,,,2026-07-18 04:08:40,2026-07-18 06:11:30,v0.0.2,EDDF-LEPA,Night
8426883177504048621,3c66b3,OCN4WJ  ,2026-07-18 00:00:00,EDDF,LEPA,D-AIUS,A320 214SL,A320,DLH,2026-07-18 05:06:50,2026-07-18 07:11:40,v0.0.2,EDDF-LEPA,Morning
-3238433521448456954,3c6675,DLH68X  ,2026-07-18 00:00:00,EDDF,LEPA,D-AISU,A321 231,A321,DLH,2026-07-18 07:19:30,2026-07-18 09:30:55,v0.0.2,EDDF-LEPA,Morning
-1079462752906068270,3c7984,CFG7PC  ,2026-07-18 00:00:00,EDDF,LEPA,,,,,2026-07-18 09:03:25,2026-07-18 11:03:45,v0.0.2,EDDF-LEPA,Morning
8116100159622619039,3c786c,CFG5DP  ,2026-07-18 00:00:00,EDDF,LEPA,,,,,2026-07-18 09:06:05,2026-07-18 10:59:55,v0.0.2,EDDF-LEPA,Morning
7670540407217983260,3c0ac7,CFG7MX  ,2026-07-18 00:00:00,EDDF,LEPA,D-ATCC,,A321,,2026-07-18 11:41:45,2026-07-18 13:46:10,v0.0.2,EDDF-LEPA,Morning
-1660194120665037459,3c65c3,DLH99F  ,2026-07-18 00:00:00,EDDF,LEPA,D-AINC,A320 271NSL,A20N,DLH,2026-07-18 11:47:35,2026-07-18 13:57:05,v0.0.2,EDDF-LEPA,Morning
488323224814893827,3c66e9,OCN518  ,2026-07-18 00:00:00,EDDF,LEPA,D-AIWI,A320-214,A320,DLH,2026-07-18 12:57:35,2026-07-18 15:16:20,v0.0.2,EDDF-LEPA,Afternoon
-2812000169427507499,3c66b1,OCN6NH  ,2026-07-18 00:00:00,EDDF,LEPA,D-AIUQ,A320 214SL,A320,DLH,2026-07-18 16:00:20,2026-07-18 18:13:05,v0.0.2,EDDF-LEPA,Afternoon
389322131461629524,3c7984,CFG8WK  ,2026-07-19 00:00:00,EDDF,LEPA,,,,,2026-07-19 02:58:10,2026-07-19 04:59:30,v0.0.2,EDDF-LEPA,Night
6202412944531881959,3c618b,TUI3WL  ,2026-07-19 00:00:00,EDDF,LEPA,D-AHLK,737NG 8K5/W,B738,TUI,2026-07-19 03:14:25,2026-07-19 05:21:35,v0.0.2,EDDF-LEPA,Night
-169962581738556862,3c79b8,CFG1YZ  ,2026-07-19 00:00:00,EDDF,LEPA,,,,,2026-07-19 03:23:25,2026-07-19 05:27:50,v0.0.2,EDDF-LEPA,Night
2383448170916219117,3c6671,DLH35E  ,2026-07-19 00:00:00,EDDF,LEPA,D-AISQ,A321 231,A321,DLH,2026-07-19 03:49:35,2026-07-19 05:59:15,v0.0.2,EDDF-LEPA,Night
-5938378977293625734,3c7861,CFG4LT  ,2026-07-19 00:00:00,EDDF,LEPA,,,,,2026-07-19 04:38:50,2026-07-19 06:56:25,v0.0.2,EDDF-LEPA,Night
9171975713579035583,3c664f,DLH68X  ,2026-07-19 00:00:00,EDDF,LEPA,D-AIRO,A321 131,A321,DLH,2026-07-19 07:06:20,2026-07-19 09:22:55,v0.0.2,EDDF-LEPA,Morning
8025354634691641799,3c66b9,OCN4WJ  ,2026-07-19 00:00:00,EDDF,LEPA,D-AIUY,A320 214SL,A320,DLH,2026-07-19 08:30:30,2026-07-19 10:39:10,v0.0.2,EDDF-LEPA,Morning
4787940176176349074,3c7989,CFG1HE  ,2026-07-19 00:00:00,EDDF,LEPA,,,,,2026-07-19 08:59:00,2026-07-19 10:59:25,v0.0.2,EDDF-LEPA,Morning
5530913228439868149,3c7879,CFG2HD  ,2026-07-19 00:00:00,EDDF,LEPA,,,,,2026-07-19 09:46:05,2026-07-19 11:54:05,v0.0.2,EDDF-LEPA,Morning
-4556962160378494396,3c66b4,OCN518  ,2026-07-19 00:00:00,EDDF,LEPA,D-AIUT,A320 214SL,A320,DLH,2026-07-19 13:08:55,2026-07-19 14:59:55,v0.0.2,EDDF-LEPA,Afternoon
6121513212973852283,3c66b8,OCN6NH  ,2026-07-19 00:00:00,EDDF,LEPA,D-AIUX,A320 214SL,A320,DLH,2026-07-19 15:41:45,2026-07-19 17:37:50,v0.0.2,EDDF-LEPA,Afternoon
-4056273230740711537,3c7989,CFG6ET  ,2026-07-19 00:00:00,EDDF,LEPA,,,,,2026-07-19 16:11:10,2026-07-19 17:59:55,v0.0.2,EDDF-LEPA,Afternoon
-2181268748799222555,3c79b9,CFG8PR  ,2026-07-20 00:00:00,EDDF,LEPA,,,,,2026-07-20 03:28:20,2026-07-20 05:20:10,v0.0.2,EDDF-LEPA,Night
-6588398985480713169,3c743a,TUI3WL  ,2026-07-20 00:00:00,EDDF,LEPA,D-AMAZ,,B38M,,2026-07-20 03:42:15,2026-07-20 05:37:40,v0.0.2,EDDF-LEPA,Night
4314522570788049148,3c79ba,CFG5HV  ,2026-07-20 00:00:00,EDDF,LEPA,D-ANMZ,Airbus A321-271NX,A21N,CFG,2026-07-20 03:49:50,2026-07-20 05:46:20,v0.0.2,EDDF-LEPA,Night
1237688256897215445,3c7879,CFG4MV  ,2026-07-20 00:00:00,EDDF,LEPA,,,,,2026-07-20 04:37:15,2026-07-20 06:36:05,v0.0.2,EDDF-LEPA,Night
3561030144395931012,3c64b0,DLH68X  ,2026-07-20 00:00:00,EDDF,LEPA,D-AIEP,,A21N,,2026-07-20 06:35:25,2026-07-20 08:40:20,v0.0.2,EDDF-LEPA,Morning
-533380158353662172,3c66ba,OCN4WJ  ,2026-07-20 00:00:00,EDDF,LEPA,D-AIUZ,A320 214SL,A320,DLH,2026-07-20 08:50:40,2026-07-20 10:40:00,v0.0.2,EDDF-LEPA,Morning
1049655627404928226,3c0acc,CFG8ZY  ,2026-07-20 00:00:00,EDDF,LEPA,D-ATCH,,A320,,2026-07-20 09:26:50,2026-07-20 11:17:20,v0.0.2,EDDF-LEPA,Morning
-5435895500792478530,3c088d,CFG9KL  ,2026-07-20 00:00:00,EDDF,LEPA,,,,,2026-07-20 09:28:10,2026-07-20 11:22:55,v0.0.2,EDDF-LEPA,Morning
7265694755789392660,3c65c1,DLH99F  ,2026-07-20 00:00:00,EDDF,LEPA,D-AINA,A320 271NSL,A20N,DLH,2026-07-20 11:36:35,2026-07-20 13:25:50,v0.0.2,EDDF-LEPA,Morning
1240151926039734355,3c66b6,OCN518  ,2026-07-20 00:00:00,EDDF,LEPA,D-AIUV,A320 214SL,A320,DLH,2026-07-20 12:13:05,2026-07-20 14:08:10,v0.0.2,EDDF-LEPA,Afternoon
2942675687802562308,3cc8c8,JEI515  ,2026-07-20 00:00:00,EDDF,LEPA,D-CDIM,,LJ35,,2026-07-20 14:23:35,2026-07-20 16:16:10,v0.0.2,EDDF-LEPA,Afternoon
5069285610363208969,3c66b4,OCN6NH  ,2026-07-20 00:00:00,EDDF,LEPA,D-AIUT,A320 214SL,A320,DLH,2026-07-20 15:32:10,2026-07-20 17:21:30,v0.0.2,EDDF-LEPA,Afternoon
-4030769280460579035,3c0acc,CFG9EM  ,2026-07-20 00:00:00,EDDF,LEPA,D-ATCH,,A320,,2026-07-20 15:56:00,2026-07-20 17:58:45,v0.0.2,EDDF-LEPA,Afternoon
-4630890502044269063,3c7983,CFG2XR  ,2026-07-21 00:00:00,EDDF,LEPA,,,,,2026-07-21 02:58:55,2026-07-21 04:54:05,v0.0.2,EDDF-LEPA,Night
744896349211439556,3c7981,CFG9FV  ,2026-07-21 00:00:00,EDDF,LEPA,,,,,2026-07-21 03:04:00,2026-07-21 04:59:55,v0.0.2,EDDF-LEPA,Night
2603767183903549413,3c618b,TUI3WL  ,2026-07-21 00:00:00,EDDF,LEPA,D-AHLK,737NG 8K5/W,B738,TUI,2026-07-21 03:51:25,2026-07-21 05:56:00,v0.0.2,EDDF-LEPA,Night
-1874195126264471702,3c7861,CFG2JY  ,2026-07-21 00:00:00,EDDF,LEPA,,,,,2026-07-21 04:28:05,2026-07-21 06:42:40,v0.0.2,EDDF-LEPA,Night
-7267796403100861559,3c66b2,OCN4WJ  ,2026-07-21 00:00:00,EDDF,LEPA,D-AIUR,A320 214SL,A320,DLH,2026-07-21 08:49:45,2026-07-21 10:54:45,v0.0.2,EDDF-LEPA,Morning
7481901590960360760,3c79b7,CFG8DC  ,2026-07-21 00:00:00,EDDF,LEPA,,,,,2026-07-21 09:13:10,2026-07-21 11:15:35,v0.0.2,EDDF-LEPA,Morning
-8516199282438545770,3c6474,CFG6CK  ,2026-07-21 00:00:00,EDDF,LEPA,,,,,2026-07-21 09:43:35,2026-07-21 11:53:00,v0.0.2,EDDF-LEPA,Morning
-1303533709866057347,3c66ba,OCN6NH  ,2026-07-21 00:00:00,EDDF,LEPA,D-AIUZ,A320 214SL,A320,DLH,2026-07-21 15:03:55,2026-07-21 16:59:55,v0.0.2,EDDF-LEPA,Afternoon
-404267445405843812,3c79b7,CFG6DA  ,2026-07-21 00:00:00,EDDF,LEPA,,,,,2026-07-21 16:42:50,2026-07-21 18:32:10,v0.0.2,EDDF-LEPA,Afternoon
-2114190370631213679,3c7989,CFG1WT  ,2026-07-22 00:00:00,EDDF,LEPA,,,,,2026-07-22 02:46:30,2026-07-22 04:50:55,v0.0.2,EDDF-LEPA,Night
4294891029870868626,3c7982,CFG2KP  ,2026-07-22 00:00:00,EDDF,LEPA,,,,,2026-07-22 02:55:50,2026-07-22 04:54:55,v0.0.2,EDDF-LEPA,Night
6789134768276186261,3c7438,TUI3WL  ,2026-07-22 00:00:00,EDDF,LEPA,D-AMAX,,B38M,,2026-07-22 03:34:45,2026-07-22 05:23:00,v0.0.2,EDDF-LEPA,Night
2314620089370985659,3c7879,CFG7AL  ,2026-07-22 00:00:00,EDDF,LEPA,,,,,2026-07-22 04:37:10,2026-07-22 06:39:20,v0.0.2,EDDF-LEPA,Night
-7661842076736308760,3c66b3,OCN4WJ  ,2026-07-22 00:00:00,EDDF,LEPA,D-AIUS,A320 214SL,A320,DLH,2026-07-22 08:52:05,2026-07-22 10:49:00,v0.0.2,EDDF-LEPA,Morning
5440605827798702108,3c79b7,CFG7LC  ,2026-07-22 00:00:00,EDDF,LEPA,,,,,2026-07-22 09:02:05,2026-07-22 10:59:55,v0.0.2,EDDF-LEPA,Morning
-2225371775885812793,3c65c1,DLH99F  ,2026-07-22 00:00:00,EDDF,LEPA,D-AINA,A320 271NSL,A20N,DLH,2026-07-22 11:14:20,2026-07-22 13:22:35,v0.0.2,EDDF-LEPA,Morning
-6520868976576720687,3c66b6,OCN518  ,2026-07-22 00:00:00,EDDF,LEPA,D-AIUV,A320 214SL,A320,DLH,2026-07-22 12:42:30,2026-07-22 14:30:45,v0.0.2,EDDF-LEPA,Afternoon
7651877841053997426,3c7981,CFG4KC  ,2026-07-22 00:00:00,EDDF,LEPA,,,,,2026-07-22 14:54:05,2026-07-22 16:43:30,v0.0.2,EDDF-LEPA,Afternoon
2707010832401594670,3c66b9,OCN6NH  ,2026-07-22 00:00:00,EDDF,LEPA,D-AIUY,A320 214SL,A320,DLH,2026-07-22 15:25:15,2026-07-22 17:10:40,v0.0.2,EDDF-LEPA,Afternoon
519495024254442677,3c79b8,CFG9XY  ,2026-07-23 00:00:00,EDDF,LEPA,,,,,2026-07-23 02:53:40,2026-07-23 04:47:50,v0.0.2,EDDF-LEPA,Night
1626864081046594771,3c7983,CFG1CD  ,2026-07-23 00:00:00,EDDF,LEPA,,,,,2026-07-23 03:01:50,2026-07-23 04:52:05,v0.0.2,EDDF-LEPA,Night
-6877971469975818056,3c0d0c,TUI3WL  ,2026-07-23 00:00:00,EDDF,LEPA,D-ATYL,,B738,,2026-07-23 03:41:20,2026-07-23 05:28:10,v0.0.2,EDDF-LEPA,Night
6970318740307625937,3c787a,CFG5PZ  ,2026-07-23 00:00:00,EDDF,LEPA,D-ANCZ,Airbus A320-271N,A20N,CFG,2026-07-23 04:57:00,2026-07-23 06:59:50,v0.0.2,EDDF-LEPA,Night
8630474290833991405,3c6483,DLH68X  ,2026-07-23 00:00:00,EDDF,LEPA,D-AIDC,A321 231,A321,DLH,2026-07-23 07:47:40,2026-07-23 09:33:50,v0.0.2,EDDF-LEPA,Morning
-4418886972963169664,3c7981,CFG9DV  ,2026-07-23 00:00:00,EDDF,LEPA,,,,,2026-07-23 08:59:00,2026-07-23 10:58:15,v0.0.2,EDDF-LEPA,Morning
-3613151431577339733,3c66b3,OCN4WJ  ,2026-07-23 00:00:00,EDDF,LEPA,D-AIUS,A320 214SL,A320,DLH,2026-07-23 09:21:10,2026-07-23 11:25:15,v0.0.2,EDDF-LEPA,Morning
-8971450852894853287,3c7879,CFG1PW  ,2026-07-23 00:00:00,EDDF,LEPA,,,,,2026-07-23 09:28:30,2026-07-23 11:10:55,v0.0.2,EDDF-LEPA,Morning
5165594214434757710,3c65ca,DLH99F  ,2026-07-23 00:00:00,EDDF,LEPA,D-AINJ,A320-271N,A20N,DLH,2026-07-23 11:32:05,2026-07-23 13:14:45,v0.0.2,EDDF-LEPA,Morning
-8368835174436211799,3c66b9,OCN518  ,2026-07-23 00:00:00,EDDF,LEPA,D-AIUY,A320 214SL,A320,DLH,2026-07-23 12:36:15,2026-07-23 14:38:10,v0.0.2,EDDF-LEPA,Afternoon
-2786125701054843426,3c66b3,OCN6NH  ,2026-07-23 00:00:00,EDDF,LEPA,D-AIUS,A320 214SL,A320,DLH,2026-07-23 15:25:50,2026-07-23 17:09:55,v0.0.2,EDDF-LEPA,Afternoon
-8852397467096793648,3c7981,CFG6FT  ,2026-07-23 00:00:00,EDDF,LEPA,,,,,2026-07-23 15:58:55,2026-07-23 17:58:40,v0.0.2,EDDF-LEPA,Afternoon
-1038582593658000700,3c7989,CFG3HM  ,2026-07-24 00:00:00,EDDF,LEPA,,,,,2026-07-24 02:52:15,2026-07-24 04:42:05,v0.0.2,EDDF-LEPA,Night
6931746815792496708,3c7981,CFG2VZ  ,2026-07-24 00:00:00,EDDF,LEPA,,,,,2026-07-24 03:03:30,2026-07-24 04:53:15,v0.0.2,EDDF-LEPA,Night
-3873390335554712569,3c66e8,OCN4WJ  ,2026-07-24 00:00:00,EDDF,LEPA,D-AIWH,A320-214,A320,DLH,2026-07-24 03:41:10,2026-07-24 05:37:35,v0.0.2,EDDF-LEPA,Night
-6226859007349252413,3c7425,TUI3WL  ,2026-07-24 00:00:00,EDDF,LEPA,,,,,2026-07-24 03:42:15,2026-07-24 05:24:30,v0.0.2,EDDF-LEPA,Night
1262063162517944755,3c66e7,OCN1EJ  ,2026-07-24 00:00:00,EDDF,LEPA,D-AIWG,A320-214,A320,DLH,2026-07-24 07:07:55,2026-07-24 08:59:20,v0.0.2,EDDF-LEPA,Morning
3070938034929746335,3c6668,DLH68X  ,2026-07-24 00:00:00,EDDF,LEPA,D-AISH,A321 231,A321,DLH,2026-07-24 07:30:20,2026-07-24 09:13:10,v0.0.2,EDDF-LEPA,Morning
-8107028388651956415,3c787a,CFG3KJ  ,2026-07-24 00:00:00,EDDF,LEPA,D-ANCZ,Airbus A320-271N,A20N,CFG,2026-07-24 08:08:55,2026-07-24 09:56:20,v0.0.2,EDDF-LEPA,Morning
-3102582895116663560,3c79b7,CFG8EF  ,2026-07-24 00:00:00,EDDF,LEPA,,,,,2026-07-24 09:17:10,2026-07-24 11:13:20,v0.0.2,EDDF-LEPA,Morning
4351794963615589667,3c7861,CFG2DT  ,2026-07-24 00:00:00,EDDF,LEPA,,,,,2026-07-24 09:56:20,2026-07-24 11:44:25,v0.0.2,EDDF-LEPA,Morning
3125968179567746871,3c66e8,OCN518  ,2026-07-24 00:00:00,EDDF,LEPA,D-AIWH,A320-214,A320,DLH,2026-07-24 10:42:00,2026-07-24 12:37:15,v0.0.2,EDDF-LEPA,Morning
4504362562745896166,3c6663,DLH99F  ,2026-07-24 00:00:00,EDDF,LEPA,D-AISC,A321 231,A321,DLH,2026-07-24 11:12:00,2026-07-24 13:06:15,v0.0.2,EDDF-LEPA,Morning
4109892326360807702,3c66b1,OCN6NH  ,2026-07-24 00:00:00,EDDF,LEPA,D-AIUQ,A320 214SL,A320,DLH,2026-07-24 14:59:55,2026-07-24 16:44:45,v0.0.2,EDDF-LEPA,Afternoon
4391626650009696993,3c79b7,CFG4LM  ,2026-07-24 00:00:00,EDDF,LEPA,,,,,2026-07-24 16:25:30,2026-07-24 18:15:35,v0.0.2,EDDF-LEPA,Afternoon
7390338460527185795,3c7989,CFG8DM  ,2026-07-25 00:00:00,EDDF,LEPA,,,,,2026-07-25 02:48:05,2026-07-25 04:53:25,v0.0.2,EDDF-LEPA,Night
6869153562998683077,3c79b7,CFG2LV  ,2026-07-25 00:00:00,EDDF,LEPA,,,,,2026-07-25 03:17:55,2026-07-25 05:15:10,v0.0.2,EDDF-LEPA,Night
7284645701530130314,3c6635,DLH35E  ,2026-07-25 00:00:00,EDDF,LEPA,D-AIQU,A320 211,A320,DLH,2026-07-25 03:36:10,2026-07-25 05:58:25,v0.0.2,EDDF-LEPA,Night
5692238994671541620,3c0ca3,TUI3WL  ,2026-07-25 00:00:00,EDDF,LEPA,D-ATUK,737NG 8K5/W,B738,TUI,2026-07-25 03:41:15,2026-07-25 05:44:35,v0.0.2,EDDF-LEPA,Night
-4631856027914629945,3c66b6,OCN2056 ,2026-07-25 00:00:00,EDDF,LEPA,D-AIUV,A320 214SL,A320,DLH,2026-07-25 03:46:25,2026-07-25 05:57:00,v0.0.2,EDDF-LEPA,Night
6138782896244538530,3c786b,CFG3HL  ,2026-07-25 00:00:00,EDDF,LEPA,,,,,2026-07-25 04:09:55,2026-07-25 06:08:45,v0.0.2,EDDF-LEPA,Night
737259164377420479,3c66b3,OCN4WJ  ,2026-07-25 00:00:00,EDDF,LEPA,D-AIUS,A320 214SL,A320,DLH,2026-07-25 04:58:55,2026-07-25 06:59:55,v0.0.2,EDDF-LEPA,Night
-1566496054894036762,3c6742,DLH68X  ,2026-07-25 00:00:00,EDDF,LEPA,D-AIZB,A320 214,A320,DLH,2026-07-25 07:11:20,2026-07-25 09:21:45,v0.0.2,EDDF-LEPA,Morning
-4404538851691795791,3c7981,CFG7PC  ,2026-07-25 00:00:00,EDDF,LEPA,,,,,2026-07-25 09:04:30,2026-07-25 11:14:55,v0.0.2,EDDF-LEPA,Morning
246382368740985385,3c7879,CFG5DP  ,2026-07-25 00:00:00,EDDF,LEPA,,,,,2026-07-25 09:32:10,2026-07-25 11:28:15,v0.0.2,EDDF-LEPA,Morning
8247209414703620691,3c6473,CFG7MX  ,2026-07-25 00:00:00,EDDF,LEPA,D-AICS,,A320,,2026-07-25 11:31:25,2026-07-25 13:49:15,v0.0.2,EDDF-LEPA,Morning
6871803764208170868,3c65d5,DLH99F  ,2026-07-25 00:00:00,EDDF,LEPA,D-AINU,,A20N,DLH,2026-07-25 12:06:30,2026-07-25 14:07:10,v0.0.2,EDDF-LEPA,Afternoon
1561486791314280475,3c66e7,OCN518  ,2026-07-25 00:00:00,EDDF,LEPA,D-AIWG,A320-214,A320,DLH,2026-07-25 12:52:40,2026-07-25 14:53:35,v0.0.2,EDDF-LEPA,Afternoon
5188626591380274492,3c66b9,OCN6NH  ,2026-07-25 00:00:00,EDDF,LEPA,D-AIUY,A320 214SL,A320,DLH,2026-07-25 16:49:40,2026-07-25 18:52:10,v0.0.2,EDDF-LEPA,Afternoon
8387004291643057575,3c7981,CFG8WK  ,2026-07-26 00:00:00,EDDF,LEPA,,,,,2026-07-26 02:57:35,2026-07-26 04:59:55,v0.0.2,EDDF-LEPA,Night
-8494929220123684799,3c7427,TUI3WL  ,2026-07-26 00:00:00,EDDF,LEPA,D-AMAG,Boeing 737 MAX 8,B38M,,2026-07-26 03:13:45,2026-07-26 05:08:45,v0.0.2,EDDF-LEPA,Night
-2110857024546177716,3c7989,CFG1YZ  ,2026-07-26 00:00:00,EDDF,LEPA,,,,,2026-07-26 03:16:55,2026-07-26 05:16:50,v0.0.2,EDDF-LEPA,Night
7778844896014027226,3c6485,DLH35E  ,2026-07-26 00:00:00,EDDF,LEPA,D-AIDE,A321 231,A321,DLH,2026-07-26 04:10:00,2026-07-26 06:17:30,v0.0.2,EDDF-LEPA,Night
-6921880172286398927,3c787a,CFG4LT  ,2026-07-26 00:00:00,EDDF,LEPA,D-ANCZ,Airbus A320-271N,A20N,CFG,2026-07-26 04:39:25,2026-07-26 06:59:55,v0.0.2,EDDF-LEPA,Night
1590078029979526069,3c664c,DLH68X  ,2026-07-26 00:00:00,EDDF,LEPA,D-AIRL,A321 131,A321,DLH,2026-07-26 07:09:25,2026-07-26 08:59:55,v0.0.2,EDDF-LEPA,Morning
-6361095904096335080,3c7984,CFG1HE  ,2026-07-26 00:00:00,EDDF,LEPA,,,,,2026-07-26 09:13:50,2026-07-26 11:18:05,v0.0.2,EDDF-LEPA,Morning
2695618930518367873,3c66e7,OCN4WJ  ,2026-07-26 00:00:00,EDDF,LEPA,D-AIWG,A320-214,A320,DLH,2026-07-26 09:28:00,2026-07-26 11:34:00,v0.0.2,EDDF-LEPA,Morning
-1002643391757092936,3c6474,CFG2HD  ,2026-07-26 00:00:00,EDDF,LEPA,,,,,2026-07-26 10:05:20,2026-07-26 11:56:30,v0.0.2,EDDF-LEPA,Morning
8984800663335890206,3c66ba,OCN518  ,2026-07-26 00:00:00,EDDF,LEPA,D-AIUZ,A320 214SL,A320,DLH,2026-07-26 13:11:15,2026-07-26 15:23:35,v0.0.2,EDDF-LEPA,Afternoon
437148185581230445,3c648b,DLH99F  ,2026-07-26 00:00:00,EDDF,LEPA,D-AIDK,A321 231,A321,DLH,2026-07-26 13:12:20,2026-07-26 15:16:15,v0.0.2,EDDF-LEPA,Afternoon
4532643504129735648,3c7981,CFG6ET  ,2026-07-26 00:00:00,EDDF,LEPA,,,,,2026-07-26 15:31:10,2026-07-26 17:37:25,v0.0.2,EDDF-LEPA,Afternoon
-8475101581107170783,3c66b8,OCN6NH  ,2026-07-26 00:00:00,EDDF,LEPA,D-AIUX,A320 214SL,A320,DLH,2026-07-26 15:34:00,2026-07-26 17:44:55,v0.0.2,EDDF-LEPA,Afternoon
-719400684888717547,3c7984,CFG8PR  ,2026-07-27 00:00:00,EDDF,LEPA,,,,,2026-07-27 03:25:10,2026-07-27 05:09:30,v0.0.2,EDDF-LEPA,Night
5265597347667979023,3c79b8,CFG5HV  ,2026-07-27 00:00:00,EDDF,LEPA,,,,,2026-07-27 03:48:20,2026-07-27 05:30:30,v0.0.2,EDDF-LEPA,Night
-1424631191930038791,3c7438,TUI3WL  ,2026-07-27 00:00:00,EDDF,LEPA,D-AMAX,,B38M,,2026-07-27 03:48:50,2026-07-27 05:28:25,v0.0.2,EDDF-LEPA,Night
6877007520795652360,3c786b,CFG4MV  ,2026-07-27 00:00:00,EDDF,LEPA,,,,,2026-07-27 04:36:45,2026-07-27 06:25:10,v0.0.2,EDDF-LEPA,Night
-6702410062298160721,3c64b1,DLH68X  ,2026-07-27 00:00:00,EDDF,LEPA,D-AIEQ,A321-271NX,A21N,DLH,2026-07-27 06:47:40,2026-07-27 08:30:20,v0.0.2,EDDF-LEPA,Morning
-5754858375671281559,3c66b2,OCN4WJ  ,2026-07-27 00:00:00,EDDF,LEPA,D-AIUR,A320 214SL,A320,DLH,2026-07-27 08:20:30,2026-07-27 10:09:30,v0.0.2,EDDF-LEPA,Morning
617046960126785233,3c7879,CFG8ZY  ,2026-07-27 00:00:00,EDDF,LEPA,,,,,2026-07-27 09:32:20,2026-07-27 11:14:30,v0.0.2,EDDF-LEPA,Morning
-115442387513113339,3c65d8,DLH99F  ,2026-07-27 00:00:00,EDDF,LEPA,D-AINX,Airbus A320-271N,A20N,DLH,2026-07-27 11:37:40,2026-07-27 13:32:00,v0.0.2,EDDF-LEPA,Morning
8033558838245122852,3c66e8,OCN518  ,2026-07-27 00:00:00,EDDF,LEPA,D-AIWH,A320-214,A320,DLH,2026-07-27 13:19:10,2026-07-27 14:59:55,v0.0.2,EDDF-LEPA,Afternoon
480775765192135700,3c66e9,OCN6NH  ,2026-07-27 00:00:00,EDDF,LEPA,D-AIWI,A320-214,A320,DLH,2026-07-27 15:09:00,2026-07-27 17:07:55,v0.0.2,EDDF-LEPA,Afternoon
-4768486733197041398,3c7879,CFG9EM  ,2026-07-27 00:00:00,EDDF,LEPA,,,,,2026-07-27 16:01:20,2026-07-27 17:43:55,v0.0.2,EDDF-LEPA,Afternoon
4373593519810720932,3c79b7,CFG9FV  ,2026-07-28 00:00:00,EDDF,LEPA,,,,,2026-07-28 02:58:40,2026-07-28 04:58:35,v0.0.2,EDDF-LEPA,Night
-7486144609700988394,3c7989,CFG2XR  ,2026-07-28 00:00:00,EDDF,LEPA,,,,,2026-07-28 03:14:40,2026-07-28 04:59:55,v0.0.2,EDDF-LEPA,Night
1201956036763195046,3c618b,TUI3WL  ,2026-07-28 00:00:00,EDDF,LEPA,D-AHLK,737NG 8K5/W,B738,TUI,2026-07-28 03:37:25,2026-07-28 05:26:50,v0.0.2,EDDF-LEPA,Night
7621806115150867342,3c7879,CFG2JY  ,2026-07-28 00:00:00,EDDF,LEPA,,,,,2026-07-28 04:20:25,2026-07-28 06:26:30,v0.0.2,EDDF-LEPA,Night
-5141305840236077809,3c66b1,OCN4WJ  ,2026-07-28 00:00:00,EDDF,LEPA,D-AIUQ,A320 214SL,A320,DLH,2026-07-28 09:38:20,2026-07-28 11:26:15,v0.0.2,EDDF-LEPA,Morning
2334690940602587164,3c088d,CFG6CK  ,2026-07-28 00:00:00,EDDF,LEPA,,,,,2026-07-28 09:55:00,2026-07-28 11:59:55,v0.0.2,EDDF-LEPA,Morning
8245675331999638117,3c79b9,CFG8DC  ,2026-07-28 00:00:00,EDDF,LEPA,,,,,2026-07-28 10:05:30,2026-07-28 11:59:55,v0.0.2,EDDF-LEPA,Morning
6981075506726309018,3c6489,DLH99F  ,2026-07-28 00:00:00,EDDF,LEPA,D-AIDI,A321 231,A321,DLH,2026-07-28 11:31:00,2026-07-28 13:34:50,v0.0.2,EDDF-LEPA,Morning
-1786316484397267335,3c66b8,OCN6NH  ,2026-07-28 00:00:00,EDDF,LEPA,D-AIUX,A320 214SL,A320,DLH,2026-07-28 14:42:25,2026-07-28 16:46:50,v0.0.2,EDDF-LEPA,Afternoon
-5961840354033162383,3c7983,CFG6DA  ,2026-07-28 00:00:00,EDDF,LEPA,,,,,2026-07-28 15:33:20,2026-07-28 17:34:20,v0.0.2,EDDF-LEPA,Afternoon
7433766325185515053,3c79ba,CFG1WT  ,2026-07-29 00:00:00,EDDF,LEPA,D-ANMZ,Airbus A321-271NX,A21N,CFG,2026-07-29 02:55:40,2026-07-29 04:48:40,v0.0.2,EDDF-LEPA,Night
-7020768248514895597,3c7983,CFG2KP  ,2026-07-29 00:00:00,EDDF,LEPA,,,,,2026-07-29 02:59:35,2026-07-29 04:54:35,v0.0.2,EDDF-LEPA,Night
4910913233024407798,3c7425,TUI3WL  ,2026-07-29 00:00:00,EDDF,LEPA,,,,,2026-07-29 03:47:05,2026-07-29 05:35:15,v0.0.2,EDDF-LEPA,Night
3156953573657903036,3c786c,CFG7AL  ,2026-07-29 00:00:00,EDDF,LEPA,,,,,2026-07-29 03:49:45,2026-07-29 06:18:40,v0.0.2,EDDF-LEPA,Night
6434880886253259768,3c66b3,OCN4WJ  ,2026-07-29 00:00:00,EDDF,LEPA,D-AIUS,A320 214SL,A320,DLH,2026-07-29 08:40:25,2026-07-29 10:27:20,v0.0.2,EDDF-LEPA,Morning
-7481375963287959634,3c7982,CFG7LC  ,2026-07-29 00:00:00,EDDF,LEPA,,,,,2026-07-29 08:44:15,2026-07-29 10:32:30,v0.0.2,EDDF-LEPA,Morning
5312304250454668367,3c6469,CFG3TY  ,2026-07-29 00:00:00,EDDF,LEPA,D-AICI,Airbus A320-212,A320,CFG,2026-07-29 09:47:10,2026-07-29 11:31:25,v0.0.2,EDDF-LEPA,Morning
8404007321127325257,3c648b,DLH99F  ,2026-07-29 00:00:00,EDDF,LEPA,D-AIDK,A321 231,A321,DLH,2026-07-29 11:15:30,2026-07-29 13:09:40,v0.0.2,EDDF-LEPA,Morning
-6133905808117608000,3c66e8,OCN1EJ  ,2026-07-29 00:00:00,EDDF,LEPA,D-AIWH,A320-214,A320,DLH,2026-07-29 12:34:05,2026-07-29 14:25:15,v0.0.2,EDDF-LEPA,Afternoon
5012365906331959689,3c66b9,OCN518  ,2026-07-29 00:00:00,EDDF,LEPA,D-AIUY,A320 214SL,A320,DLH,2026-07-29 13:33:15,2026-07-29 15:23:20,v0.0.2,EDDF-LEPA,Afternoon
-2698596537152409814,3c79b9,CFG4KC  ,2026-07-29 00:00:00,EDDF,LEPA,,,,,2026-07-29 14:18:30,2026-07-29 16:08:15,v0.0.2,EDDF-LEPA,Afternoon
1251018903770080077,3c66b6,OCN6NH  ,2026-07-29 00:00:00,EDDF,LEPA,D-AIUV,A320 214SL,A320,DLH,2026-07-29 14:50:35,2026-07-29 16:46:35,v0.0.2,EDDF-LEPA,Afternoon
2877285362759999886,3c79b9,CFG1CD  ,2026-07-30 00:00:00,EDDF,LEPA,,,,,2026-07-30 02:53:15,2026-07-30 04:55:50,v0.0.2,EDDF-LEPA,Night
1642904193123745321,3c79b7,CFG9XY  ,2026-07-30 00:00:00,EDDF,LEPA,,,,,2026-07-30 02:57:30,2026-07-30 04:52:35,v0.0.2,EDDF-LEPA,Night
-1799505685138782476,3c618b,TUI3WL  ,2026-07-30 00:00:00,EDDF,LEPA,D-AHLK,737NG 8K5/W,B738,TUI,2026-07-30 03:57:45,2026-07-30 05:47:15,v0.0.2,EDDF-LEPA,Night
5844974470911402922,3c7879,CFG5PZ  ,2026-07-30 00:00:00,EDDF,LEPA,,,,,2026-07-30 05:02:35,2026-07-30 06:53:20,v0.0.2,EDDF-LEPA,Morning
3996114479505036679,3c6678,DLH68X  ,2026-07-30 00:00:00,EDDF,LEPA,D-AISX,A321 231,A321,DLH,2026-07-30 07:52:30,2026-07-30 09:59:55,v0.0.2,EDDF-LEPA,Morning
-2793527625223589272,3c66b2,OCN4WJ  ,2026-07-30 00:00:00,EDDF,LEPA,D-AIUR,A320 214SL,A320,DLH,2026-07-30 08:40:05,2026-07-30 10:32:55,v0.0.2,EDDF-LEPA,Morning
4057970350113780776,3c7989,CFG9DV  ,2026-07-30 00:00:00,EDDF,LEPA,,,,,2026-07-30 09:01:35,2026-07-30 10:53:00,v0.0.2,EDDF-LEPA,Morning
5293314414806414551,3c6475,CFG1PW  ,2026-07-30 00:00:00,EDDF,LEPA,D-AICU,,A320,,2026-07-30 09:25:40,2026-07-30 11:28:10,v0.0.2,EDDF-LEPA,Morning
-292564780618189463,3c66ea,DLH99F  ,2026-07-30 00:00:00,EDDF,LEPA,D-AIWJ,A320-214,A320,DLH,2026-07-30 11:31:10,2026-07-30 13:20:50,v0.0.2,EDDF-LEPA,Morning
-2621583230860098213,3c66b9,OCN518  ,2026-07-30 00:00:00,EDDF,LEPA,D-AIUY,A320 214SL,A320,DLH,2026-07-30 12:34:45,2026-07-30 14:25:25,v0.0.2,EDDF-LEPA,Afternoon
7288768755943209725,3c7989,CFG6FT  ,2026-07-30 00:00:00,EDDF,LEPA,,,,,2026-07-30 15:48:05,2026-07-30 17:54:05,v0.0.2,EDDF-LEPA,Afternoon
3207995271285832015,3c66b2,OCN6NH  ,2026-07-30 00:00:00,EDDF,LEPA,D-AIUR,A320 214SL,A320,DLH,2026-07-30 16:24:15,2026-07-30 18:28:25,v0.0.2,EDDF-LEPA,Afternoon
7817269187893441387,3c7989,CFG3HM  ,2026-07-31 00:00:00,EDDF,LEPA,,,,,2026-07-31 02:51:50,2026-07-31 04:50:55,v0.0.2,EDDF-LEPA,Night
-7701934527863167120,3c7982,CFG2VZ  ,2026-07-31 00:00:00,EDDF,LEPA,,,,,2026-07-31 02:58:25,2026-07-31 04:54:25,v0.0.2,EDDF-LEPA,Night
-797151857721672803,3c7422,TUI3WL  ,2026-07-31 00:00:00,EDDF,LEPA,D-AMAB,,B38M,,2026-07-31 03:26:25,2026-07-31 05:16:40,v0.0.2,EDDF-LEPA,Night
-9025907447254666222,3c66b1,OCN4WJ  ,2026-07-31 00:00:00,EDDF,LEPA,D-AIUQ,A320 214SL,A320,DLH,2026-07-31 03:40:50,2026-07-31 05:48:35,v0.0.2,EDDF-LEPA,Night
260261069063603011,3c66b6,OCN1EJ  ,2026-07-31 00:00:00,EDDF,LEPA,D-AIUV,A320 214SL,A320,DLH,2026-07-31 07:03:15,2026-07-31 08:57:15,v0.0.2,EDDF-LEPA,Morning
-7606045371178404732,3c65d8,DLH68X  ,2026-07-31 00:00:00,EDDF,LEPA,D-AINX,Airbus A320-271N,A20N,DLH,2026-07-31 07:25:05,2026-07-31 09:19:10,v0.0.2,EDDF-LEPA,Morning
-8052495820206937292,3c6474,CFG3KJ  ,2026-07-31 00:00:00,EDDF,LEPA,,,,,2026-07-31 08:15:15,2026-07-31 10:12:40,v0.0.2,EDDF-LEPA,Morning
-2602970479511935231,3c79b7,CFG8EF  ,2026-07-31 00:00:00,EDDF,LEPA,,,,,2026-07-31 09:03:10,2026-07-31 10:57:35,v0.0.2,EDDF-LEPA,Morning
4532812017916118034,3c6473,CFG2DT  ,2026-07-31 00:00:00,EDDF,LEPA,D-AICS,,A320,,2026-07-31 09:40:35,2026-07-31 11:35:40,v0.0.2,EDDF-LEPA,Morning
-6744731007867544,3c66b1,OCN518  ,2026-07-31 00:00:00,EDDF,LEPA,D-AIUQ,A320 214SL,A320,DLH,2026-07-31 10:26:45,2026-07-31 12:28:45,v0.0.2,EDDF-LEPA,Morning
5113732676318657024,3c666f,DLH99F  ,2026-07-31 00:00:00,EDDF,LEPA,D-AISO,A321 231,A321,DLH,2026-07-31 11:22:00,2026-07-31 13:10:00,v0.0.2,EDDF-LEPA,Morning
3701000144014157836,3c66b9,OCN6NH  ,2026-07-31 00:00:00,EDDF,LEPA,D-AIUY,A320 214SL,A320,DLH,2026-07-31 15:21:00,2026-07-31 17:13:40,v0.0.2,EDDF-LEPA,Afternoon
-5352637778927138762,3c79b7,CFG4LM  ,2026-07-31 00:00:00,EDDF,LEPA,,,,,2026-07-31 16:21:40,2026-07-31 18:17:10,v0.0.2,EDDF-LEPA,Afternoon
-8796276003513458666,3c79b7,CFG4WA  ,2026-07-01 00:00:00,EDDL,LEPA,,,,,2026-07-01 04:00:35,2026-07-01 05:59:55,v0.0.2,EDDL-LEPA,Night
-6928226446245641619,3c4b4c,EWG3MJ  ,2026-07-01 00:00:00,EDDL,LEPA,D-ABZL,A320 216,A320,EWG,2026-07-01 04:08:45,2026-07-01 06:16:45,v0.0.2,EDDL-LEPA,Night
-5866383291841958390,3c743a,TUI5HJ  ,2026-07-01 00:00:00,EDDL,LEPA,D-AMAZ,,B38M,,2026-07-01 04:16:00,2026-07-01 06:27:30,v0.0.2,EDDL-LEPA,Night
-7730639036728774318,3c7989,CFG4DE  ,2026-07-01 00:00:00,EDDL,LEPA,,,,,2026-07-01 06:36:50,2026-07-01 08:30:20,v0.0.2,EDDL-LEPA,Morning
1773526352846850993,4d2418,EWG6DH  ,2026-07-01 00:00:00,EDDL,LEPA,9H-EWH,,A320,,2026-07-01 07:54:00,2026-07-01 10:11:35,v0.0.2,EDDL-LEPA,Morning
3067257547491413116,4d23a3,EWG4BN  ,2026-07-01 00:00:00,EDDL,LEPA,9H-MLU,,A320,,2026-07-01 11:10:45,2026-07-01 12:59:55,v0.0.2,EDDL-LEPA,Morning
-7752890033511370705,4d2507,EWG5LP  ,2026-07-01 00:00:00,EDDL,LEPA,9H-SWE,Airbus A320-232,A320,EWG,2026-07-01 13:11:15,2026-07-01 15:13:20,v0.0.2,EDDL-LEPA,Afternoon
-223924609195646779,3c6494,EWG12L  ,2026-07-01 00:00:00,EDDL,LEPA,D-AIDT,A321-231,A321,DLH,2026-07-01 13:17:35,2026-07-01 15:08:50,v0.0.2,EDDL-LEPA,Afternoon
4133232380296122468,3c7878,CFG4AF  ,2026-07-01 00:00:00,EDDL,LEPA,,,,,2026-07-01 13:54:15,2026-07-01 15:42:45,v0.0.2,EDDL-LEPA,Afternoon
87230128552759199,3c7989,CFG5CU  ,2026-07-01 00:00:00,EDDL,LEPA,,,,,2026-07-01 14:17:40,2026-07-01 16:07:05,v0.0.2,EDDL-LEPA,Afternoon
6974110804065327355,4d239a,CXI6F   ,2026-07-01 00:00:00,EDDL,LEPA,9H-CXD,,B738,,2026-07-01 14:36:30,2026-07-01 16:38:25,v0.0.2,EDDL-LEPA,Afternoon
-1208368635251552941,3c5ef6,EWG92K  ,2026-07-01 00:00:00,EDDL,LEPA,D-AGWV,A319 132,A319,EWG,2026-07-01 14:37:40,2026-07-01 16:31:25,v0.0.2,EDDL-LEPA,Afternoon
185630587324133889,3c7438,TUI5AL  ,2026-07-01 00:00:00,EDDL,LEPA,D-AMAX,,B38M,,2026-07-01 15:11:50,2026-07-01 17:25:45,v0.0.2,EDDL-LEPA,Afternoon
-5728645923219779788,511171,CFG3AH  ,2026-07-01 00:00:00,EDDL,LEPA,ES-MBB,Airbus A320-271N,A20N,MBU,2026-07-01 16:00:05,2026-07-01 17:54:15,v0.0.2,EDDL-LEPA,Afternoon
-3478556355670708096,3c79b9,CFG8XZ  ,2026-07-02 00:00:00,EDDL,LEPA,,,,,2026-07-02 04:02:15,2026-07-02 05:58:40,v0.0.2,EDDL-LEPA,Night
-7249988631301331423,511171,CFG9TC  ,2026-07-02 00:00:00,EDDL,LEPA,ES-MBB,Airbus A320-271N,A20N,MBU,2026-07-02 04:08:45,2026-07-02 06:20:55,v0.0.2,EDDL-LEPA,Night
-5959001960732848199,3c7424,TUI5HJ  ,2026-07-02 00:00:00,EDDL,LEPA,D-AMAD,Boeing 737 MAX 8,B38M,TUI,2026-07-02 04:14:45,2026-07-02 06:11:25,v0.0.2,EDDL-LEPA,Night
5203682573440860684,4d240b,EWG3MJ  ,2026-07-02 00:00:00,EDDL,LEPA,9H-EUT,Airbus A320-214,A320,EWG,2026-07-02 04:34:20,2026-07-02 06:26:50,v0.0.2,EDDL-LEPA,Night
3180148820610492987,3c79b7,CFG9FH  ,2026-07-02 00:00:00,EDDL,LEPA,,,,,2026-07-02 06:34:10,2026-07-02 08:32:50,v0.0.2,EDDL-LEPA,Morning
9066995211592629676,3c6495,EWG47E  ,2026-07-02 00:00:00,EDDL,LEPA,D-AIDU,A321 231,A321,DLH,2026-07-02 08:09:45,2026-07-02 10:11:50,v0.0.2,EDDL-LEPA,Morning
-7041737183817717724,3c56ea,EWG4HM  ,2026-07-02 00:00:00,EDDL,LEPA,D-AEWJ,A320 214SL,A320,EWG,2026-07-02 09:57:10,2026-07-02 11:56:35,v0.0.2,EDDL-LEPA,Morning
-7584868629830127271,4d2086,EWG14BD ,2026-07-02 00:00:00,EDDL,LEPA,,,,,2026-07-02 10:26:55,2026-07-02 12:34:45,v0.0.2,EDDL-LEPA,Morning
3687788084609204455,4d23a3,EWG5Q   ,2026-07-02 00:00:00,EDDL,LEPA,9H-MLU,,A320,,2026-07-02 11:03:35,2026-07-02 12:59:55,v0.0.2,EDDL-LEPA,Morning
4732823052718133672,3c55c8,EWG4BN  ,2026-07-02 00:00:00,EDDL,LEPA,D-AENH,,A20N,,2026-07-02 12:02:35,2026-07-02 13:57:25,v0.0.2,EDDL-LEPA,Afternoon
-6145022693447126860,3c0caa,TUI5AL  ,2026-07-02 00:00:00,EDDL,LEPA,D-ATUR,737NG 8K5/W,B738,TUI,2026-07-02 12:56:10,2026-07-02 14:52:35,v0.0.2,EDDL-LEPA,Afternoon
-219450504821291550,3c7981,CFG7XK  ,2026-07-02 00:00:00,EDDL,LEPA,,,,,2026-07-02 13:43:35,2026-07-02 15:36:10,v0.0.2,EDDL-LEPA,Afternoon
-4364902947185281139,4d2081,EWG5LP  ,2026-07-02 00:00:00,EDDL,LEPA,9H-FMJ,T207A Turbo Skywagon,C207,,2026-07-02 14:21:35,2026-07-02 16:17:15,v0.0.2,EDDL-LEPA,Afternoon
7323271543776680394,3c54a5,EWG92K  ,2026-07-02 00:00:00,EDDL,LEPA,D-AEEE,Airbus A321-251NX,A21N,EWG,2026-07-02 14:40:35,2026-07-02 16:35:45,v0.0.2,EDDL-LEPA,Afternoon
-4998982473147892010,3c79b7,CFG6XR  ,2026-07-02 00:00:00,EDDL,LEPA,,,,,2026-07-02 14:49:05,2026-07-02 16:47:20,v0.0.2,EDDL-LEPA,Afternoon
-7006138404663020739,511189,CFG5VF  ,2026-07-03 00:00:00,EDDL,LEPA,,,,,2026-07-03 04:02:55,2026-07-03 06:10:00,v0.0.2,EDDL-LEPA,Night
-7591426732640982364,3c7984,CFG9YV  ,2026-07-03 00:00:00,EDDL,LEPA,,,,,2026-07-03 04:08:25,2026-07-03 06:13:35,v0.0.2,EDDL-LEPA,Night
-4657436842329892152,3c7438,TUI5HJ  ,2026-07-03 00:00:00,EDDL,LEPA,D-AMAX,,B38M,,2026-07-03 04:27:55,2026-07-03 06:29:30,v0.0.2,EDDL-LEPA,Night
-2145281238059104458,3c49d4,EWG6DH  ,2026-07-03 00:00:00,EDDL,LEPA,D-ABNT,A320 214,A320,EWG,2026-07-03 05:43:50,2026-07-03 07:44:25,v0.0.2,EDDL-LEPA,Morning
8318989841438189623,3c7981,CFG4RT  ,2026-07-03 00:00:00,EDDL,LEPA,,,,,2026-07-03 06:18:50,2026-07-03 08:21:35,v0.0.2,EDDL-LEPA,Morning
1742194606785286322,4d2507,EWG47E  ,2026-07-03 00:00:00,EDDL,LEPA,9H-SWE,Airbus A320-232,A320,EWG,2026-07-03 08:17:20,2026-07-03 10:14:20,v0.0.2,EDDL-LEPA,Morning
-3564560398864879618,4d240d,EWG14BD ,2026-07-03 00:00:00,EDDL,LEPA,9H-EUV,,A320,,2026-07-03 09:48:50,2026-07-03 11:47:05,v0.0.2,EDDL-LEPA,Morning
5119860516269781032,3c4b4b,EWG12L  ,2026-07-03 00:00:00,EDDL,LEPA,D-ABZK,A320 216,A320,EWG,2026-07-03 11:58:45,2026-07-03 13:59:55,v0.0.2,EDDL-LEPA,Morning
-2617902947742463760,4d240b,EWG08X  ,2026-07-03 00:00:00,EDDL,LEPA,9H-EUT,Airbus A320-214,A320,EWG,2026-07-03 12:09:45,2026-07-03 14:13:15,v0.0.2,EDDL-LEPA,Afternoon
-5134791949763649750,3c6496,EWG5LP  ,2026-07-03 00:00:00,EDDL,LEPA,D-AIDV,A321 231,A321,DLH,2026-07-03 12:37:15,2026-07-03 14:35:55,v0.0.2,EDDL-LEPA,Afternoon
-3086310287661785359,4404e9,OEGGM   ,2026-07-03 00:00:00,EDDL,LEPA,OE-GGM,,C68A,,2026-07-03 12:49:55,2026-07-03 14:47:05,v0.0.2,EDDL-LEPA,Afternoon
7336279737783330410,3c7981,CFG8CW  ,2026-07-03 00:00:00,EDDL,LEPA,,,,,2026-07-03 13:03:55,2026-07-03 14:58:00,v0.0.2,EDDL-LEPA,Afternoon
3748815454271738991,4d21c8,CXI6F   ,2026-07-03 00:00:00,EDDL,LEPA,9H-TJC,737-86N (W),B738,CXI,2026-07-03 14:06:05,2026-07-03 15:59:55,v0.0.2,EDDL-LEPA,Afternoon
-4326000286450908876,4d2507,EWG92K  ,2026-07-03 00:00:00,EDDL,LEPA,9H-SWE,Airbus A320-232,A320,EWG,2026-07-03 14:57:50,2026-07-03 16:59:55,v0.0.2,EDDL-LEPA,Afternoon
1663874370233032451,3c49b1,TUI5AL  ,2026-07-03 00:00:00,EDDL,LEPA,D-ABMQ,737NG 86J/W,B738,EWG,2026-07-03 15:09:00,2026-07-03 17:11:40,v0.0.2,EDDL-LEPA,Afternoon
6038596616962795797,3c7982,CFG3LK  ,2026-07-03 00:00:00,EDDL,LEPA,,,,,2026-07-03 15:31:20,2026-07-03 17:36:05,v0.0.2,EDDL-LEPA,Afternoon
-5970185309435841789,3c79b9,CFG9AT  ,2026-07-03 00:00:00,EDDL,LEPA,,,,,2026-07-03 16:06:00,2026-07-03 18:05:25,v0.0.2,EDDL-LEPA,Afternoon
-5075911740692804532,3c79b8,CFG8MK  ,2026-07-04 00:00:00,EDDL,LEPA,,,,,2026-07-04 04:03:40,2026-07-04 07:10:55,v0.0.2,EDDL-LEPA,Night
7180001511333163484,511189,CFG1MY  ,2026-07-04 00:00:00,EDDL,LEPA,,,,,2026-07-04 04:04:00,2026-07-04 06:10:20,v0.0.2,EDDL-LEPA,Night
8875487114672557073,3c7424,TUI5AL  ,2026-07-04 00:00:00,EDDL,LEPA,D-AMAD,Boeing 737 MAX 8,B38M,TUI,2026-07-04 04:06:00,2026-07-04 06:05:10,v0.0.2,EDDL-LEPA,Night
7113275342220362889,3c7438,TUI5HJ  ,2026-07-04 00:00:00,EDDL,LEPA,D-AMAX,,B38M,,2026-07-04 04:07:30,2026-07-04 06:11:35,v0.0.2,EDDL-LEPA,Night
9133066310808414964,3c56ec,EWG3MJ  ,2026-07-04 00:00:00,EDDL,LEPA,D-AEWL,A320 214SL,A320,EWG,2026-07-04 04:09:40,2026-07-04 06:20:00,v0.0.2,EDDL-LEPA,Night
-1429031893512361962,3c6422,CFG7NH  ,2026-07-04 00:00:00,EDDL,LEPA,D-AIAB,Airbus A321-211,A321,CFG,2026-07-04 04:22:40,2026-07-04 06:29:20,v0.0.2,EDDL-LEPA,Night
-7723774645051504420,3c54a2,EWG47E  ,2026-07-04 00:00:00,EDDL,LEPA,D-AEEB,Airbus A321-251NX,A21N,EWG,2026-07-04 04:43:50,2026-07-04 06:56:50,v0.0.2,EDDL-LEPA,Night
-5230328888832573761,3c6490,EWG4HM  ,2026-07-04 00:00:00,EDDL,LEPA,D-AIDP,A321 231,A321,DLH,2026-07-04 06:20:35,2026-07-04 08:25:25,v0.0.2,EDDL-LEPA,Morning
-1699843925771144439,3c4b4c,EWG5Q   ,2026-07-04 00:00:00,EDDL,LEPA,D-ABZL,A320 216,A320,EWG,2026-07-04 11:35:00,2026-07-04 13:52:10,v0.0.2,EDDL-LEPA,Morning
5269229730674193040,3c5eef,EWG4BN  ,2026-07-04 00:00:00,EDDL,LEPA,D-AGWO,A319 132,A319,GWI,2026-07-04 12:32:10,2026-07-04 14:39:05,v0.0.2,EDDL-LEPA,Afternoon
-1160826584032475358,3c56f7,EWG12L  ,2026-07-04 00:00:00,EDDL,LEPA,D-AEWW,A320 214SL,A320,EWG,2026-07-04 13:32:35,2026-07-04 15:31:55,v0.0.2,EDDL-LEPA,Afternoon
9206404708036025071,3c79ba,CFG2ZX  ,2026-07-04 00:00:00,EDDL,LEPA,D-ANMZ,Airbus A321-271NX,A21N,CFG,2026-07-04 14:12:15,2026-07-04 16:20:10,v0.0.2,EDDL-LEPA,Afternoon
6263547493251274552,3c7984,CFG3AK  ,2026-07-04 00:00:00,EDDL,LEPA,,,,,2026-07-04 14:24:45,2026-07-04 16:21:25,v0.0.2,EDDL-LEPA,Afternoon
-3453123806368588702,3c6473,CFG9TW  ,2026-07-04 00:00:00,EDDL,LEPA,D-AICS,,A320,,2026-07-04 15:23:20,2026-07-04 17:25:10,v0.0.2,EDDL-LEPA,Afternoon
2102875513335636090,511171,CFG7KC  ,2026-07-05 00:00:00,EDDL,LEPA,ES-MBB,Airbus A320-271N,A20N,MBU,2026-07-05 03:59:15,2026-07-05 06:11:50,v0.0.2,EDDL-LEPA,Night
3555719528153617243,3c6422,CFG6XA  ,2026-07-05 00:00:00,EDDL,LEPA,D-AIAB,Airbus A321-211,A321,CFG,2026-07-05 03:59:45,2026-07-05 06:09:25,v0.0.2,EDDL-LEPA,Night
-8720722864192751661,3c5ee2,EWG3MJ  ,2026-07-05 00:00:00,EDDL,LEPA,D-AGWB,A319 132,A319,GWI,2026-07-05 04:02:35,2026-07-05 06:18:10,v0.0.2,EDDL-LEPA,Night
2072808706783428622,3c0ca3,TUI5AL  ,2026-07-05 00:00:00,EDDL,LEPA,D-ATUK,737NG 8K5/W,B738,TUI,2026-07-05 04:03:40,2026-07-05 06:22:25,v0.0.2,EDDL-LEPA,Night
7576420906940658827,3c7424,TUI5HJ  ,2026-07-05 00:00:00,EDDL,LEPA,D-AMAD,Boeing 737 MAX 8,B38M,TUI,2026-07-05 04:06:50,2026-07-05 06:17:55,v0.0.2,EDDL-LEPA,Night
-9068898084296459965,3c56f4,EWG6DH  ,2026-07-05 00:00:00,EDDL,LEPA,D-AEWT,A320 214SL,A320,EWG,2026-07-05 05:00:10,2026-07-05 06:59:55,v0.0.2,EDDL-LEPA,Morning
2297329658037106445,3c6490,EWG47E  ,2026-07-05 00:00:00,EDDL,LEPA,D-AIDP,A321 231,A321,DLH,2026-07-05 05:09:05,2026-07-05 07:25:35,v0.0.2,EDDL-LEPA,Morning
-6354013507707608947,3c4b4b,EWG4HM  ,2026-07-05 00:00:00,EDDL,LEPA,D-ABZK,A320 216,A320,EWG,2026-07-05 06:40:45,2026-07-05 08:47:15,v0.0.2,EDDL-LEPA,Morning
-7178503705742107788,3c7989,CFG8DM  ,2026-07-05 00:00:00,EDDL,LEPA,,,,,2026-07-05 08:04:45,2026-07-05 10:12:25,v0.0.2,EDDL-LEPA,Morning
110133044435274127,4d2417,EWG6970 ,2026-07-05 00:00:00,EDDL,LEPA,9H-EWE,,A320,,2026-07-05 08:55:10,2026-07-05 10:59:55,v0.0.2,EDDL-LEPA,Morning
-8341762271576152524,3c56ea,EWG4BN  ,2026-07-05 00:00:00,EDDL,LEPA,D-AEWJ,A320 214SL,A320,EWG,2026-07-05 11:32:45,2026-07-05 13:29:40,v0.0.2,EDDL-LEPA,Morning
-6971010106045186356,494145,NJE098G ,2026-07-05 00:00:00,EDDL,LEPA,,,,,2026-07-05 11:35:05,2026-07-05 13:31:05,v0.0.2,EDDL-LEPA,Morning
-5424961817119634055,3c4b4c,EWG08X  ,2026-07-05 00:00:00,EDDL,LEPA,D-ABZL,A320 216,A320,EWG,2026-07-05 11:51:45,2026-07-05 13:52:25,v0.0.2,EDDL-LEPA,Morning
6812251094285681591,3c5eef,EWG5Q   ,2026-07-05 00:00:00,EDDL,LEPA,D-AGWO,A319 132,A319,GWI,2026-07-05 12:08:40,2026-07-05 13:59:55,v0.0.2,EDDL-LEPA,Afternoon
4403291681950193962,4d21c8,CXI6F   ,2026-07-05 00:00:00,EDDL,LEPA,9H-TJC,737-86N (W),B738,CXI,2026-07-05 13:58:25,2026-07-05 15:53:05,v0.0.2,EDDL-LEPA,Afternoon
-5952929036978427917,3c54a4,EWG12L  ,2026-07-05 00:00:00,EDDL,LEPA,D-AEED,Airbus A321-251NX,A21N,EWG,2026-07-05 14:12:20,2026-07-05 16:05:20,v0.0.2,EDDL-LEPA,Afternoon
2609154845204229029,3c79b8,CFG1TV  ,2026-07-05 00:00:00,EDDL,LEPA,,,,,2026-07-05 14:22:35,2026-07-05 16:16:05,v0.0.2,EDDL-LEPA,Afternoon
-5815614496384239592,4d240b,EWG92K  ,2026-07-05 00:00:00,EDDL,LEPA,9H-EUT,Airbus A320-214,A320,EWG,2026-07-05 14:57:40,2026-07-05 16:53:20,v0.0.2,EDDL-LEPA,Afternoon
5965177116071212958,3c7982,CFG8XD  ,2026-07-05 00:00:00,EDDL,LEPA,,,,,2026-07-05 15:11:50,2026-07-05 16:59:55,v0.0.2,EDDL-LEPA,Afternoon
6491581085792204528,3c7989,CFG2YX  ,2026-07-05 00:00:00,EDDL,LEPA,,,,,2026-07-05 15:33:20,2026-07-05 17:27:20,v0.0.2,EDDL-LEPA,Afternoon
-4083004372118511194,3c618b,TUI5HJ  ,2026-07-06 00:00:00,EDDL,LEPA,D-AHLK,737NG 8K5/W,B738,TUI,2026-07-06 04:01:45,2026-07-06 05:58:50,v0.0.2,EDDL-LEPA,Night
-7409502505154397137,3c7981,CFG3FZ  ,2026-07-06 00:00:00,EDDL,LEPA,,,,,2026-07-06 04:02:15,2026-07-06 05:55:40,v0.0.2,EDDL-LEPA,Night
2921805952662952471,3c7982,CFG1ML  ,2026-07-06 00:00:00,EDDL,LEPA,,,,,2026-07-06 04:04:15,2026-07-06 06:07:50,v0.0.2,EDDL-LEPA,Night
3792173163248428237,3c6490,EWG47E  ,2026-07-06 00:00:00,EDDL,LEPA,D-AIDP,A321 231,A321,DLH,2026-07-06 04:51:05,2026-07-06 06:44:55,v0.0.2,EDDL-LEPA,Night
-7810312092466028442,3c55c7,EWG3MJ  ,2026-07-06 00:00:00,EDDL,LEPA,D-AENG,,A20N,,2026-07-06 04:59:25,2026-07-06 06:55:25,v0.0.2,EDDL-LEPA,Night
6700318597517043806,3c786c,CFG1CA  ,2026-07-06 00:00:00,EDDL,LEPA,,,,,2026-07-06 05:36:50,2026-07-06 07:34:40,v0.0.2,EDDL-LEPA,Morning
-3888122781897802126,3c6494,EWG4HM  ,2026-07-06 00:00:00,EDDL,LEPA,D-AIDT,A321-231,A321,DLH,2026-07-06 06:24:50,2026-07-06 08:20:30,v0.0.2,EDDL-LEPA,Morning
1496127877878763286,4d2405,EWG4EY  ,2026-07-06 00:00:00,EDDL,LEPA,9H-EUL,,A320,,2026-07-06 08:14:15,2026-07-06 10:10:50,v0.0.2,EDDL-LEPA,Morning
-1380237703487498203,4d2507,EWG14BD ,2026-07-06 00:00:00,EDDL,LEPA,9H-SWE,Airbus A320-232,A320,EWG,2026-07-06 10:45:10,2026-07-06 12:42:55,v0.0.2,EDDL-LEPA,Morning
-8224614551866392624,3c4b4c,EWG5Q   ,2026-07-06 00:00:00,EDDL,LEPA,D-ABZL,A320 216,A320,EWG,2026-07-06 10:50:15,2026-07-06 12:54:15,v0.0.2,EDDL-LEPA,Morning
4801526015423129219,3c6490,EWG12L  ,2026-07-06 00:00:00,EDDL,LEPA,D-AIDP,A321 231,A321,DLH,2026-07-06 11:28:45,2026-07-06 13:32:35,v0.0.2,EDDL-LEPA,Morning
-7179121646357119302,3c4b49,EWG5LP  ,2026-07-06 00:00:00,EDDL,LEPA,D-ABZI,A320 216,A320,BER,2026-07-06 12:21:30,2026-07-06 14:21:00,v0.0.2,EDDL-LEPA,Afternoon
2778293418403063029,3c7438,TUI5AL  ,2026-07-06 00:00:00,EDDL,LEPA,D-AMAX,,B38M,,2026-07-06 12:23:30,2026-07-06 14:23:15,v0.0.2,EDDL-LEPA,Afternoon
-4954361879873404159,4d21c8,CXI6F   ,2026-07-06 00:00:00,EDDL,LEPA,9H-TJC,737-86N (W),B738,CXI,2026-07-06 13:07:40,2026-07-06 14:59:55,v0.0.2,EDDL-LEPA,Afternoon
-3302387523666079583,511171,CFG6KH  ,2026-07-06 00:00:00,EDDL,LEPA,ES-MBB,Airbus A320-271N,A20N,MBU,2026-07-06 14:01:10,2026-07-06 15:55:20,v0.0.2,EDDL-LEPA,Afternoon
5954206371030516435,3c7989,CFG4JD  ,2026-07-06 00:00:00,EDDL,LEPA,,,,,2026-07-06 14:10:20,2026-07-06 15:59:55,v0.0.2,EDDL-LEPA,Afternoon
604921445867826747,511189,CFG1DK  ,2026-07-06 00:00:00,EDDL,LEPA,,,,,2026-07-06 15:22:05,2026-07-06 17:18:10,v0.0.2,EDDL-LEPA,Afternoon
6889466543595381007,4d240b,EWG92K  ,2026-07-06 00:00:00,EDDL,LEPA,9H-EUT,Airbus A320-214,A320,EWG,2026-07-06 15:24:15,2026-07-06 17:22:05,v0.0.2,EDDL-LEPA,Afternoon
-4046367372446586903,3c7983,CFG7TE  ,2026-07-07 00:00:00,EDDL,LEPA,,,,,2026-07-07 04:00:45,2026-07-07 05:54:00,v0.0.2,EDDL-LEPA,Night
6723069751694033294,511171,CFG2AT  ,2026-07-07 00:00:00,EDDL,LEPA,ES-MBB,Airbus A320-271N,A20N,MBU,2026-07-07 04:02:30,2026-07-07 05:59:55,v0.0.2,EDDL-LEPA,Night
6593590829065457048,3c7424,TUI5HJ  ,2026-07-07 00:00:00,EDDL,LEPA,D-AMAD,Boeing 737 MAX 8,B38M,TUI,2026-07-07 04:07:45,2026-07-07 05:59:55,v0.0.2,EDDL-LEPA,Night
-76198323916907626,3c6495,EWG3MJ  ,2026-07-07 00:00:00,EDDL,LEPA,D-AIDU,A321 231,A321,DLH,2026-07-07 04:11:40,2026-07-07 05:59:55,v0.0.2,EDDL-LEPA,Night
3297469663998169302,4d2088,EWG47E  ,2026-07-07 00:00:00,EDDL,LEPA,,,,,2026-07-07 04:28:45,2026-07-07 06:41:50,v0.0.2,EDDL-LEPA,Night
8761283999586024503,3c7981,CFG6YV  ,2026-07-07 00:00:00,EDDL,LEPA,,,,,2026-07-07 05:55:15,2026-07-07 07:49:20,v0.0.2,EDDL-LEPA,Morning
-5777082822813893747,3c56f5,EWG4HM  ,2026-07-07 00:00:00,EDDL,LEPA,D-AEWU,A320 214SL,A320,EWG,2026-07-07 09:34:50,2026-07-07 11:28:50,v0.0.2,EDDL-LEPA,Morning
-5070083673583919764,3c49ce,EWG5Q   ,2026-07-07 00:00:00,EDDL,LEPA,D-ABNN,A320 214,A320,EWG,2026-07-07 09:56:25,2026-07-07 11:55:55,v0.0.2,EDDL-LEPA,Morning
893679096520465360,4d2410,EWG4BN  ,2026-07-07 00:00:00,EDDL,LEPA,9H-EXS,,A319,,2026-07-07 10:34:00,2026-07-07 12:23:25,v0.0.2,EDDL-LEPA,Morning
-5691448973938170579,3ca9a5,AZE87GG ,2026-07-07 00:00:00,EDDL,LEPA,,,,,2026-07-07 12:13:30,2026-07-07 14:12:15,v0.0.2,EDDL-LEPA,Afternoon
2115522198968127438,3c6496,EWG5LP  ,2026-07-07 00:00:00,EDDL,LEPA,D-AIDV,A321 231,A321,DLH,2026-07-07 12:40:05,2026-07-07 14:30:55,v0.0.2,EDDL-LEPA,Afternoon
3599227602908694548,3c7983,CFG3AH  ,2026-07-07 00:00:00,EDDL,LEPA,,,,,2026-07-07 13:03:45,2026-07-07 14:56:25,v0.0.2,EDDL-LEPA,Afternoon
1157540920714983815,3c0ca3,TUI5AL  ,2026-07-07 00:00:00,EDDL,LEPA,D-ATUK,737NG 8K5/W,B738,TUI,2026-07-07 13:59:10,2026-07-07 15:50:45,v0.0.2,EDDL-LEPA,Afternoon
-3122728234035221730,3c7981,CFG4MF  ,2026-07-07 00:00:00,EDDL,LEPA,,,,,2026-07-07 14:22:15,2026-07-07 17:08:55,v0.0.2,EDDL-LEPA,Afternoon
3190040791120585216,3c79b7,CFG8TC  ,2026-07-07 00:00:00,EDDL,LEPA,,,,,2026-07-07 14:50:10,2026-07-07 16:47:55,v0.0.2,EDDL-LEPA,Afternoon
-4819687669007081826,3c7982,CFG4WA  ,2026-07-08 00:00:00,EDDL,LEPA,,,,,2026-07-08 04:01:50,2026-07-08 05:56:25,v0.0.2,EDDL-LEPA,Night
-4826032675674763689,3c0c9e,TUI5HJ  ,2026-07-08 00:00:00,EDDL,LEPA,D-ATUF,737NG 8K5/W,B738,TUI,2026-07-08 04:04:25,2026-07-08 06:05:55,v0.0.2,EDDL-LEPA,Night
6168159307964237877,4d2378,EWG3MJ  ,2026-07-08 00:00:00,EDDL,LEPA,9H-AMV,,A320,,2026-07-08 04:16:40,2026-07-08 06:12:40,v0.0.2,EDDL-LEPA,Night
4517502555450950260,3c79ba,CFG4DE  ,2026-07-08 00:00:00,EDDL,LEPA,D-ANMZ,Airbus A321-271NX,A21N,CFG,2026-07-08 06:26:00,2026-07-08 08:25:50,v0.0.2,EDDL-LEPA,Morning
594866639245162452,3c4b49,EWG6DH  ,2026-07-08 00:00:00,EDDL,LEPA,D-ABZI,A320 216,A320,BER,2026-07-08 08:04:10,2026-07-08 09:57:30,v0.0.2,EDDL-LEPA,Morning
-1136645374049915136,3c7877,CFG8CL  ,2026-07-08 00:00:00,EDDL,LEPA,,,,,2026-07-08 08:52:20,2026-07-08 10:46:35,v0.0.2,EDDL-LEPA,Morning
4226694552575143415,4d2413,EWG47E  ,2026-07-08 00:00:00,EDDL,LEPA,9H-EWA,Airbus A320-214,A320,EWG,2026-07-08 10:54:50,2026-07-08 12:59:55,v0.0.2,EDDL-LEPA,Morning
-1010144119992321491,3c5ef8,EWG4BN  ,2026-07-08 00:00:00,EDDL,LEPA,D-AGWX,A319 132,A319,GWI,2026-07-08 11:00:30,2026-07-08 12:59:55,v0.0.2,EDDL-LEPA,Morning
756070004637644575,4d247e,EWG5Q   ,2026-07-08 00:00:00,EDDL,LEPA,9H-SWD,Airbus A320-232,A320,NVD,2026-07-08 11:23:25,2026-07-08 13:16:20,v0.0.2,EDDL-LEPA,Morning
-5191492448565994855,3c6494,EWG5LP  ,2026-07-08 00:00:00,EDDL,LEPA,D-AIDT,A321-231,A321,DLH,2026-07-08 13:11:40,2026-07-08 14:59:55,v0.0.2,EDDL-LEPA,Afternoon
5521243820524215928,3c79ba,CFG4AF  ,2026-07-08 00:00:00,EDDL,LEPA,D-ANMZ,Airbus A321-271NX,A21N,CFG,2026-07-08 13:40:00,2026-07-08 15:33:50,v0.0.2,EDDL-LEPA,Afternoon
-8683957864546058390,4d239a,CXI6F   ,2026-07-08 00:00:00,EDDL,LEPA,9H-CXD,,B738,,2026-07-08 13:54:35,2026-07-08 15:50:05,v0.0.2,EDDL-LEPA,Afternoon
2005644295939535785,3c6426,CFG5CU  ,2026-07-08 00:00:00,EDDL,LEPA,D-AIAF,A321 211SL,A321,CFG,2026-07-08 14:00:40,2026-07-08 15:59:55,v0.0.2,EDDL-LEPA,Afternoon
-7486841272779051121,3c5ee4,EWG92K  ,2026-07-08 00:00:00,EDDL,LEPA,D-AGWD,A319 132,A319,GWI,2026-07-08 14:51:20,2026-07-08 16:46:30,v0.0.2,EDDL-LEPA,Afternoon
-5859448268215513762,511171,CFG3AH  ,2026-07-08 00:00:00,EDDL,LEPA,ES-MBB,Airbus A320-271N,A20N,MBU,2026-07-08 15:12:20,2026-07-08 17:05:55,v0.0.2,EDDL-LEPA,Afternoon
-4972162448215125756,3c496e,TUI5AL  ,2026-07-08 00:00:00,EDDL,LEPA,D-ABKN,737NG 86J/W,B738,BER,2026-07-08 17:54:20,2026-07-08 19:50:55,v0.0.2,EDDL-LEPA,Afternoon
3754137425368338055,3c7983,CFG6AF  ,2026-07-09 00:00:00,EDDL,LEPA,,,,,2026-07-09 03:02:10,2026-07-09 06:07:15,v0.0.2,EDDL-LEPA,Night
3750293732789242167,511189,CFG9TC  ,2026-07-09 00:00:00,EDDL,LEPA,,,,,2026-07-09 04:03:35,2026-07-09 06:09:50,v0.0.2,EDDL-LEPA,Night
-202527755851744834,3c618b,TUI5HJ  ,2026-07-09 00:00:00,EDDL,LEPA,D-AHLK,737NG 8K5/W,B738,TUI,2026-07-09 04:08:10,2026-07-09 06:15:20,v0.0.2,EDDL-LEPA,Night
2254697351897012956,4d253b,EWG3MJ  ,2026-07-09 00:00:00,EDDL,LEPA,9H-EUQ,Airbus A320-214,A320,EWG,2026-07-09 04:08:40,2026-07-09 06:25:00,v0.0.2,EDDL-LEPA,Night
5872073340980349354,3c79b9,CFG8XZ  ,2026-07-09 00:00:00,EDDL,LEPA,,,,,2026-07-09 04:09:55,2026-07-09 06:21:45,v0.0.2,EDDL-LEPA,Night
-7203262159979970806,3c49d4,EWG6DH  ,2026-07-09 00:00:00,EDDL,LEPA,D-ABNT,A320 214,A320,EWG,2026-07-09 04:15:55,2026-07-09 07:14:10,v0.0.2,EDDL-LEPA,Night
786589122516793723,3c7982,CFG9FH  ,2026-07-09 00:00:00,EDDL,LEPA,,,,,2026-07-09 07:16:25,2026-07-09 09:16:05,v0.0.2,EDDL-LEPA,Morning
1480055717460434111,3c6496,EWG47E  ,2026-07-09 00:00:00,EDDL,LEPA,D-AIDV,A321 231,A321,DLH,2026-07-09 08:07:50,2026-07-09 10:16:35,v0.0.2,EDDL-LEPA,Morning
3903078725318961345,3c4b4c,EWG4HM  ,2026-07-09 00:00:00,EDDL,LEPA,D-ABZL,A320 216,A320,EWG,2026-07-09 09:53:45,2026-07-09 11:55:00,v0.0.2,EDDL-LEPA,Morning
8273490714770163496,adb401,N982QS  ,2026-07-09 00:00:00,EDDL,LEPA,N982QS,Citation X,C750,EJA,2026-07-09 10:10:00,2026-07-09 12:15:30,v0.0.2,EDDL-LEPA,Morning
1229046929464870029,4d2407,EWG14BD ,2026-07-09 00:00:00,EDDL,LEPA,9H-EUS,,A320,,2026-07-09 10:54:40,2026-07-09 12:53:45,v0.0.2,EDDL-LEPA,Morning
-7067152949978714429,4d247e,EWG5Q   ,2026-07-09 00:00:00,EDDL,LEPA,9H-SWD,Airbus A320-232,A320,NVD,2026-07-09 11:10:55,2026-07-09 13:11:15,v0.0.2,EDDL-LEPA,Morning
3572692146835745627,4d2378,EWG4BN  ,2026-07-09 00:00:00,EDDL,LEPA,9H-AMV,,A320,,2026-07-09 11:51:30,2026-07-09 13:50:30,v0.0.2,EDDL-LEPA,Morning
-7151027668104022685,3c7428,TUI5AL  ,2026-07-09 00:00:00,EDDL,LEPA,D-AMAH,Boeing 737 MAX 8,B38M,TUI,2026-07-09 12:25:15,2026-07-09 14:23:45,v0.0.2,EDDL-LEPA,Afternoon
-6174553345449973330,3c7982,CFG7XK  ,2026-07-09 00:00:00,EDDL,LEPA,,,,,2026-07-09 13:57:30,2026-07-09 15:59:55,v0.0.2,EDDL-LEPA,Afternoon
3196590962284610429,4d2410,EWG5LP  ,2026-07-09 00:00:00,EDDL,LEPA,9H-EXS,,A319,,2026-07-09 14:20:50,2026-07-09 16:18:50,v0.0.2,EDDL-LEPA,Afternoon
-7100457208031708921,3c79b9,CFG6XR  ,2026-07-09 00:00:00,EDDL,LEPA,,,,,2026-07-09 14:44:25,2026-07-09 16:42:40,v0.0.2,EDDL-LEPA,Afternoon
-6631424276751326824,3c6496,EWG92K  ,2026-07-09 00:00:00,EDDL,LEPA,D-AIDV,A321 231,A321,DLH,2026-07-09 14:47:30,2026-07-09 16:46:30,v0.0.2,EDDL-LEPA,Afternoon
7086986618758366919,3c7984,CFG9YV  ,2026-07-10 00:00:00,EDDL,LEPA,,,,,2026-07-10 04:07:55,2026-07-10 06:11:05,v0.0.2,EDDL-LEPA,Night
1294867710694789734,511171,CFG5VF  ,2026-07-10 00:00:00,EDDL,LEPA,ES-MBB,Airbus A320-271N,A20N,MBU,2026-07-10 04:09:30,2026-07-10 06:17:10,v0.0.2,EDDL-LEPA,Night
-2386784613676475856,3c618b,TUI5HJ  ,2026-07-10 00:00:00,EDDL,LEPA,D-AHLK,737NG 8K5/W,B738,TUI,2026-07-10 04:29:05,2026-07-10 06:31:15,v0.0.2,EDDL-LEPA,Night
-2289907179199293193,3c54a1,EWG3MJ  ,2026-07-10 00:00:00,EDDL,LEPA,D-AEEA,Airbus A321-251NX,A21N,EWG,2026-07-10 05:02:50,2026-07-10 06:59:55,v0.0.2,EDDL-LEPA,Morning
-5754915311563867194,3c4b4e,EWG6DH  ,2026-07-10 00:00:00,EDDL,LEPA,D-ABZN,A320 216,A320,EWG,2026-07-10 05:37:05,2026-07-10 07:43:35,v0.0.2,EDDL-LEPA,Morning
6757531782604206281,3c7982,CFG4RT  ,2026-07-10 00:00:00,EDDL,LEPA,,,,,2026-07-10 06:07:05,2026-07-10 08:10:20,v0.0.2,EDDL-LEPA,Morning
185619507010164380,3e1c91,BFX44P  ,2026-07-10 00:00:00,EDDL,LEPA,D-ICAB,,PRM1,,2026-07-10 06:49:45,2026-07-10 08:54:40,v0.0.2,EDDL-LEPA,Morning
2607263462949344260,4d240f,EWG47E  ,2026-07-10 00:00:00,EDDL,LEPA,9H-EUX,,A320,,2026-07-10 09:34:25,2026-07-10 11:36:35,v0.0.2,EDDL-LEPA,Morning
603475868665868880,4d240c,EWG14BD ,2026-07-10 00:00:00,EDDL,LEPA,9H-EUU,Airbus A320-214,A320,EWG,2026-07-10 09:37:45,2026-07-10 11:39:45,v0.0.2,EDDL-LEPA,Morning
7730665948302562333,4d247e,EWG08X  ,2026-07-10 00:00:00,EDDL,LEPA,9H-SWD,Airbus A320-232,A320,NVD,2026-07-10 11:31:50,2026-07-10 13:35:25,v0.0.2,EDDL-LEPA,Morning
4927041241771225400,3c6495,EWG5LP  ,2026-07-10 00:00:00,EDDL,LEPA,D-AIDU,A321 231,A321,DLH,2026-07-10 12:44:55,2026-07-10 14:43:30,v0.0.2,EDDL-LEPA,Afternoon
-7344339307621273452,3cd43b,HHN220  ,2026-07-10 00:00:00,EDDL,LEPA,D-CHRF,,C25B,,2026-07-10 13:12:15,2026-07-10 15:24:40,v0.0.2,EDDL-LEPA,Afternoon
1016596035866400641,3c7982,CFG8CW  ,2026-07-10 00:00:00,EDDL,LEPA,,,,,2026-07-10 13:19:55,2026-07-10 15:22:35,v0.0.2,EDDL-LEPA,Afternoon
-6140574008791712313,4d239a,CXI6F   ,2026-07-10 00:00:00,EDDL,LEPA,9H-CXD,,B738,,2026-07-10 14:19:40,2026-07-10 16:20:10,v0.0.2,EDDL-LEPA,Afternoon
3148090825079941341,3c7983,CFG9AT  ,2026-07-10 00:00:00,EDDL,LEPA,,,,,2026-07-10 15:05:55,2026-07-10 17:19:50,v0.0.2,EDDL-LEPA,Afternoon
6593465704765454763,3c0cb2,TUI5AL  ,2026-07-10 00:00:00,EDDL,LEPA,D-ATUZ,737NG 8K5/W,B738,TUI,2026-07-10 15:11:15,2026-07-10 17:18:10,v0.0.2,EDDL-LEPA,Afternoon
1119941519443366734,3c7984,CFG3LK  ,2026-07-10 00:00:00,EDDL,LEPA,,,,,2026-07-10 15:53:00,2026-07-10 18:07:25,v0.0.2,EDDL-LEPA,Afternoon
7885750672229052851,4d240f,EWG92K  ,2026-07-10 00:00:00,EDDL,LEPA,9H-EUX,,A320,,2026-07-10 16:38:00,2026-07-10 18:46:00,v0.0.2,EDDL-LEPA,Afternoon
-4933899748185469595,3c618b,TUI5AL  ,2026-07-11 00:00:00,EDDL,LEPA,D-AHLK,737NG 8K5/W,B738,TUI,2026-07-11 03:50:20,2026-07-11 06:14:20,v0.0.2,EDDL-LEPA,Night
804656224948228780,511189,CFG1MY  ,2026-07-11 00:00:00,EDDL,LEPA,,,,,2026-07-11 04:02:10,2026-07-11 06:09:20,v0.0.2,EDDL-LEPA,Night
-5900324609410395899,3c49d5,EWG3MJ  ,2026-07-11 00:00:00,EDDL,LEPA,D-ABNU,A320 214,A320,EWG,2026-07-11 04:07:00,2026-07-11 06:15:45,v0.0.2,EDDL-LEPA,Night
-7249698349718088801,3c6422,CFG7NH  ,2026-07-11 00:00:00,EDDL,LEPA,D-AIAB,Airbus A321-211,A321,CFG,2026-07-11 04:10:05,2026-07-11 06:20:10,v0.0.2,EDDL-LEPA,Night
7553130822736290486,3c7428,TUI5HJ  ,2026-07-11 00:00:00,EDDL,LEPA,D-AMAH,Boeing 737 MAX 8,B38M,TUI,2026-07-11 04:27:00,2026-07-11 06:29:30,v0.0.2,EDDL-LEPA,Night
2767604419658213186,3c54a2,EWG47E  ,2026-07-11 00:00:00,EDDL,LEPA,D-AEEB,Airbus A321-251NX,A21N,EWG,2026-07-11 04:49:50,2026-07-11 07:05:35,v0.0.2,EDDL-LEPA,Night
9010608256362688816,3c7981,CFG8MK  ,2026-07-11 00:00:00,EDDL,LEPA,,,,,2026-07-11 05:25:30,2026-07-11 07:39:55,v0.0.2,EDDL-LEPA,Morning
7533902933634948637,3c6495,EWG4HM  ,2026-07-11 00:00:00,EDDL,LEPA,D-AIDU,A321 231,A321,DLH,2026-07-11 06:22:20,2026-07-11 08:29:05,v0.0.2,EDDL-LEPA,Morning
75245060787308240,3ca4cd,DBIFM   ,2026-07-11 00:00:00,EDDL,LEPA,,,,,2026-07-11 09:33:40,2026-07-11 11:26:30,v0.0.2,EDDL-LEPA,Morning
6929638852067190166,3c49cc,EWG5Q   ,2026-07-11 00:00:00,EDDL,LEPA,D-ABNL,A320 214,A320,EWG,2026-07-11 10:52:25,2026-07-11 12:54:20,v0.0.2,EDDL-LEPA,Morning
8568402068153438567,3c5ee3,EWG4BN  ,2026-07-11 00:00:00,EDDL,LEPA,D-AGWC,A319 132,A319,GWI,2026-07-11 11:25:45,2026-07-11 13:26:40,v0.0.2,EDDL-LEPA,Morning
-4966583688620850170,4d2407,EWG12L  ,2026-07-11 00:00:00,EDDL,LEPA,9H-EUS,,A320,,2026-07-11 13:40:10,2026-07-11 15:43:50,v0.0.2,EDDL-LEPA,Afternoon
-2160419079997992467,3c7981,CFG2ZX  ,2026-07-11 00:00:00,EDDL,LEPA,,,,,2026-07-11 14:02:40,2026-07-11 16:15:15,v0.0.2,EDDL-LEPA,Afternoon
-257872648226287529,3c5eea,EWG08X  ,2026-07-11 00:00:00,EDDL,LEPA,D-AGWJ,A319 132,A319,GWI,2026-07-11 14:14:10,2026-07-11 16:15:10,v0.0.2,EDDL-LEPA,Afternoon
4656209904047059511,3c4b49,EWG5LP  ,2026-07-11 00:00:00,EDDL,LEPA,D-ABZI,A320 216,A320,BER,2026-07-11 14:20:15,2026-07-11 16:22:45,v0.0.2,EDDL-LEPA,Afternoon
-8824853819730745506,3c7984,CFG3AK  ,2026-07-11 00:00:00,EDDL,LEPA,,,,,2026-07-11 14:36:50,2026-07-11 16:37:35,v0.0.2,EDDL-LEPA,Afternoon
-9157250806005731479,3c787a,CFG9TW  ,2026-07-11 00:00:00,EDDL,LEPA,D-ANCZ,Airbus A320-271N,A20N,CFG,2026-07-11 15:41:40,2026-07-11 17:46:50,v0.0.2,EDDL-LEPA,Afternoon
-8970999969663497602,3c6422,CFG6XA  ,2026-07-12 00:00:00,EDDL,LEPA,D-AIAB,Airbus A321-211,A321,CFG,2026-07-12 04:00:20,2026-07-12 06:18:30,v0.0.2,EDDL-LEPA,Night
-3173943202376637470,511189,CFG7KC  ,2026-07-12 00:00:00,EDDL,LEPA,,,,,2026-07-12 04:01:30,2026-07-12 06:20:55,v0.0.2,EDDL-LEPA,Night
7192601415399403694,3c0cb2,TUI5HJ  ,2026-07-12 00:00:00,EDDL,LEPA,D-ATUZ,737NG 8K5/W,B738,TUI,2026-07-12 04:05:15,2026-07-12 06:24:05,v0.0.2,EDDL-LEPA,Night
7429824755531790057,4d240f,EWG3MJ  ,2026-07-12 00:00:00,EDDL,LEPA,9H-EUX,,A320,,2026-07-12 04:07:30,2026-07-12 06:26:25,v0.0.2,EDDL-LEPA,Night
6945818769798409549,3c496d,TUI5AL  ,2026-07-12 00:00:00,EDDL,LEPA,D-ABKM,737NG 86J/W,B738,BER,2026-07-12 04:31:35,2026-07-12 06:41:15,v0.0.2,EDDL-LEPA,Night
-1639278207582586029,3c56f5,EWG6DH  ,2026-07-12 00:00:00,EDDL,LEPA,D-AEWU,A320 214SL,A320,EWG,2026-07-12 05:10:40,2026-07-12 07:17:45,v0.0.2,EDDL-LEPA,Morning
-161984592852635487,3c6494,EWG47E  ,2026-07-12 00:00:00,EDDL,LEPA,D-AIDT,A321-231,A321,DLH,2026-07-12 05:17:10,2026-07-12 07:29:40,v0.0.2,EDDL-LEPA,Morning
5761780313907340313,3ca9a5,AZE515  ,2026-07-12 00:00:00,EDDL,LEPA,,,,,2026-07-12 06:37:40,2026-07-12 08:45:45,v0.0.2,EDDL-LEPA,Morning
32201135883163482,4d2087,EWG4HM  ,2026-07-12 00:00:00,EDDL,LEPA,,,,,2026-07-12 06:41:30,2026-07-12 08:48:55,v0.0.2,EDDL-LEPA,Morning
-2332220328661378073,3c7981,CFG8DM  ,2026-07-12 00:00:00,EDDL,LEPA,,,,,2026-07-12 08:01:05,2026-07-12 10:09:55,v0.0.2,EDDL-LEPA,Morning
-4842506457992237777,3c4b4b,EWG5Q   ,2026-07-12 00:00:00,EDDL,LEPA,D-ABZK,A320 216,A320,EWG,2026-07-12 11:08:40,2026-07-12 13:19:50,v0.0.2,EDDL-LEPA,Morning
2620758370238942563,3c56f5,EWG4BN  ,2026-07-12 00:00:00,EDDL,LEPA,D-AEWU,A320 214SL,A320,EWG,2026-07-12 11:27:45,2026-07-12 13:35:00,v0.0.2,EDDL-LEPA,Morning
-3134898972542590549,4d2378,EWG08X  ,2026-07-12 00:00:00,EDDL,LEPA,9H-AMV,,A320,,2026-07-12 11:48:10,2026-07-12 14:07:15,v0.0.2,EDDL-LEPA,Morning
-4148620021425641881,4d239a,CXI6F   ,2026-07-12 00:00:00,EDDL,LEPA,9H-CXD,,B738,,2026-07-12 13:51:45,2026-07-12 15:54:00,v0.0.2,EDDL-LEPA,Afternoon
-180951945134658780,3c7982,CFG1TV  ,2026-07-12 00:00:00,EDDL,LEPA,,,,,2026-07-12 14:32:00,2026-07-12 16:45:00,v0.0.2,EDDL-LEPA,Afternoon
6391663373755873493,4d2407,EWG92K  ,2026-07-12 00:00:00,EDDL,LEPA,9H-EUS,,A320,,2026-07-12 15:05:25,2026-07-12 17:12:45,v0.0.2,EDDL-LEPA,Afternoon
2657013393080715780,3c7981,CFG2YX  ,2026-07-12 00:00:00,EDDL,LEPA,,,,,2026-07-12 15:16:15,2026-07-12 17:23:55,v0.0.2,EDDL-LEPA,Afternoon
-2130653946728668252,3c7983,CFG8XD  ,2026-07-12 00:00:00,EDDL,LEPA,,,,,2026-07-12 15:20:05,2026-07-12 17:30:00,v0.0.2,EDDL-LEPA,Afternoon
6834271549578602006,3c6496,EWG12L  ,2026-07-12 00:00:00,EDDL,LEPA,D-AIDV,A321 231,A321,DLH,2026-07-12 16:00:05,2026-07-12 18:05:15,v0.0.2,EDDL-LEPA,Afternoon
-2682373997284078819,3c6422,CFG3FZ  ,2026-07-13 00:00:00,EDDL,LEPA,D-AIAB,Airbus A321-211,A321,CFG,2026-07-13 04:07:05,2026-07-13 06:17:05,v0.0.2,EDDL-LEPA,Night
-6343746063812959207,3c0ca7,TUI5HJ  ,2026-07-13 00:00:00,EDDL,LEPA,D-ATUO,737NG 8K5/W,B738,TUI,2026-07-13 04:17:40,2026-07-13 06:32:10,v0.0.2,EDDL-LEPA,Night
-7214527806254177169,3c7981,CFG1ML  ,2026-07-13 00:00:00,EDDL,LEPA,,,,,2026-07-13 04:20:20,2026-07-13 06:33:30,v0.0.2,EDDL-LEPA,Night
4869919429197142573,3c56f4,EWG3MJ  ,2026-07-13 00:00:00,EDDL,LEPA,D-AEWT,A320 214SL,A320,EWG,2026-07-13 04:26:10,2026-07-13 06:39:50,v0.0.2,EDDL-LEPA,Night
7327771226587186587,3c6491,EWG47E  ,2026-07-13 00:00:00,EDDL,LEPA,D-AIDQ,A321 231,A321,DLH,2026-07-13 04:40:30,2026-07-13 06:59:55,v0.0.2,EDDL-LEPA,Night
-7820415725104049940,3c786c,CFG1CA  ,2026-07-13 00:00:00,EDDL,LEPA,,,,,2026-07-13 05:20:05,2026-07-13 07:38:45,v0.0.2,EDDL-LEPA,Morning
8055090710275481257,3c6496,EWG4HM  ,2026-07-13 00:00:00,EDDL,LEPA,D-AIDV,A321 231,A321,DLH,2026-07-13 06:28:20,2026-07-13 08:41:55,v0.0.2,EDDL-LEPA,Morning
-2554427687893294178,4d2013,EWG4EY  ,2026-07-13 00:00:00,EDDL,LEPA,9H-EUO,Airbus A320-214,A320,EWG,2026-07-13 08:49:15,2026-07-13 11:11:35,v0.0.2,EDDL-LEPA,Morning
-8397026394784626393,4d23a3,EWG14BD ,2026-07-13 00:00:00,EDDL,LEPA,9H-MLU,,A320,,2026-07-13 10:29:30,2026-07-13 12:35:55,v0.0.2,EDDL-LEPA,Morning
-4736624812095052884,3c56f4,EWG5Q   ,2026-07-13 00:00:00,EDDL,LEPA,D-AEWT,A320 214SL,A320,EWG,2026-07-13 10:47:25,2026-07-13 13:12:55,v0.0.2,EDDL-LEPA,Morning
-2735181143915054677,3c6491,EWG12L  ,2026-07-13 00:00:00,EDDL,LEPA,D-AIDQ,A321 231,A321,DLH,2026-07-13 11:29:25,2026-07-13 13:33:50,v0.0.2,EDDL-LEPA,Morning
-355949160998412822,3c0cb2,TUI5AL  ,2026-07-13 00:00:00,EDDL,LEPA,D-ATUZ,737NG 8K5/W,B738,TUI,2026-07-13 12:17:35,2026-07-13 14:28:25,v0.0.2,EDDL-LEPA,Afternoon
-7735020938744747034,4d2477,EWG5LP  ,2026-07-13 00:00:00,EDDL,LEPA,9H-SWA,Airbus A320-232,A320,VIV,2026-07-13 12:24:30,2026-07-13 14:28:25,v0.0.2,EDDL-LEPA,Afternoon
-8016947811799844069,4d2352,CXI6F   ,2026-07-13 00:00:00,EDDL,LEPA,9H-TJF,,B738,,2026-07-13 12:51:50,2026-07-13 14:59:55,v0.0.2,EDDL-LEPA,Afternoon
-6270659173497191456,511171,CFG6KH  ,2026-07-13 00:00:00,EDDL,LEPA,ES-MBB,Airbus A320-271N,A20N,MBU,2026-07-13 13:56:25,2026-07-13 15:59:20,v0.0.2,EDDL-LEPA,Afternoon
-8434021010578600889,3c79b7,CFG4JD  ,2026-07-13 00:00:00,EDDL,LEPA,,,,,2026-07-13 14:01:55,2026-07-13 16:12:50,v0.0.2,EDDL-LEPA,Afternoon
-2780584326034977685,4d2507,EWG92K  ,2026-07-13 00:00:00,EDDL,LEPA,9H-SWE,Airbus A320-232,A320,EWG,2026-07-13 15:02:05,2026-07-13 17:10:05,v0.0.2,EDDL-LEPA,Afternoon
-5722897911658637602,511189,CFG1DK  ,2026-07-13 00:00:00,EDDL,LEPA,,,,,2026-07-13 15:24:05,2026-07-13 17:29:55,v0.0.2,EDDL-LEPA,Afternoon
-6312721152998810131,511171,CFG2AT  ,2026-07-14 00:00:00,EDDL,LEPA,ES-MBB,Airbus A320-271N,A20N,MBU,2026-07-14 04:01:10,2026-07-14 06:20:45,v0.0.2,EDDL-LEPA,Night
-9170443621897757900,3c6495,EWG3MJ  ,2026-07-14 00:00:00,EDDL,LEPA,D-AIDU,A321 231,A321,DLH,2026-07-14 04:01:10,2026-07-14 06:15:30,v0.0.2,EDDL-LEPA,Night
-736210436166841330,3c7981,CFG7TE  ,2026-07-14 00:00:00,EDDL,LEPA,,,,,2026-07-14 04:02:10,2026-07-14 06:18:45,v0.0.2,EDDL-LEPA,Night
-8080724128139371495,3c7424,TUI5HJ  ,2026-07-14 00:00:00,EDDL,LEPA,D-AMAD,Boeing 737 MAX 8,B38M,TUI,2026-07-14 04:07:45,2026-07-14 06:11:50,v0.0.2,EDDL-LEPA,Night
3090612779915859334,4d2414,EWG47E  ,2026-07-14 00:00:00,EDDL,LEPA,9H-EWB,Airbus A320-214,A320,EWG,2026-07-14 04:32:55,2026-07-14 06:56:35,v0.0.2,EDDL-LEPA,Night
-2243418883757399720,3c79b9,CFG6YV  ,2026-07-14 00:00:00,EDDL,LEPA,,,,,2026-07-14 06:10:10,2026-07-14 08:16:20,v0.0.2,EDDL-LEPA,Morning
-1668031452988447964,3c4b4b,EWG5Q   ,2026-07-14 00:00:00,EDDL,LEPA,D-ABZK,A320 216,A320,EWG,2026-07-14 10:00:05,2026-07-14 11:59:55,v0.0.2,EDDL-LEPA,Morning
4281696121352293976,4d2086,EWG4BN  ,2026-07-14 00:00:00,EDDL,LEPA,,,,,2026-07-14 10:41:05,2026-07-14 12:50:55,v0.0.2,EDDL-LEPA,Morning
-5609599624431334587,3c7984,CFG3AH  ,2026-07-14 00:00:00,EDDL,LEPA,,,,,2026-07-14 13:01:25,2026-07-14 14:59:55,v0.0.2,EDDL-LEPA,Afternoon
-5616171899115558843,3c6496,EWG5LP  ,2026-07-14 00:00:00,EDDL,LEPA,D-AIDV,A321 231,A321,DLH,2026-07-14 13:04:25,2026-07-14 15:17:45,v0.0.2,EDDL-LEPA,Afternoon
4520181832599027846,4d2407,EWG92K  ,2026-07-14 00:00:00,EDDL,LEPA,9H-EUS,,A320,,2026-07-14 13:44:55,2026-07-14 15:58:20,v0.0.2,EDDL-LEPA,Afternoon
5859027018200326167,3c496a,TUI5AL  ,2026-07-14 00:00:00,EDDL,LEPA,D-ABKJ,737NG 86J/W,B738,EWG,2026-07-14 14:03:45,2026-07-14 16:07:55,v0.0.2,EDDL-LEPA,Afternoon
5304136162509685158,3c79b9,CFG8TC  ,2026-07-14 00:00:00,EDDL,LEPA,,,,,2026-07-14 15:23:50,2026-07-14 17:47:15,v0.0.2,EDDL-LEPA,Afternoon
4922663804882042464,3c7981,CFG4MF  ,2026-07-14 00:00:00,EDDL,LEPA,,,,,2026-07-14 15:52:00,2026-07-14 17:58:45,v0.0.2,EDDL-LEPA,Afternoon
-6383385486399919613,3c79ba,CFG4WA  ,2026-07-15 00:00:00,EDDL,LEPA,D-ANMZ,Airbus A321-271NX,A21N,CFG,2026-07-15 04:03:25,2026-07-15 06:07:20,v0.0.2,EDDL-LEPA,Night
3585645893262247953,4d2087,EWG3MJ  ,2026-07-15 00:00:00,EDDL,LEPA,,,,,2026-07-15 04:05:40,2026-07-15 06:17:05,v0.0.2,EDDL-LEPA,Night
-2183051633787426974,3c7424,TUI5HJ  ,2026-07-15 00:00:00,EDDL,LEPA,D-AMAD,Boeing 737 MAX 8,B38M,TUI,2026-07-15 04:17:20,2026-07-15 06:19:05,v0.0.2,EDDL-LEPA,Night
-6842399728418061596,3c7984,CFG4DE  ,2026-07-15 00:00:00,EDDL,LEPA,,,,,2026-07-15 06:40:15,2026-07-15 08:43:20,v0.0.2,EDDL-LEPA,Morning
-8901273441580271113,3c4b4b,EWG6DH  ,2026-07-15 00:00:00,EDDL,LEPA,D-ABZK,A320 216,A320,EWG,2026-07-15 08:03:35,2026-07-15 10:25:30,v0.0.2,EDDL-LEPA,Morning
-6293439490930615369,3c7861,CFG8CL  ,2026-07-15 00:00:00,EDDL,LEPA,,,,,2026-07-15 08:51:05,2026-07-15 11:10:50,v0.0.2,EDDL-LEPA,Morning
5872948576798727189,4d247e,EWG47E  ,2026-07-15 00:00:00,EDDL,LEPA,9H-SWD,Airbus A320-232,A320,NVD,2026-07-15 10:40:00,2026-07-15 12:51:40,v0.0.2,EDDL-LEPA,Morning
-1857024762640550137,4d2407,EWG4BN  ,2026-07-15 00:00:00,EDDL,LEPA,9H-EUS,,A320,,2026-07-15 10:53:45,2026-07-15 13:07:10,v0.0.2,EDDL-LEPA,Morning
-2798347883926518250,4d253b,EWG5Q   ,2026-07-15 00:00:00,EDDL,LEPA,9H-EUQ,Airbus A320-214,A320,EWG,2026-07-15 11:22:20,2026-07-15 13:26:50,v0.0.2,EDDL-LEPA,Morning
-5364951708958906548,3c6421,CFG4AF  ,2026-07-15 00:00:00,EDDL,LEPA,D-AIAA,A321 211,A321,CFG,2026-07-15 13:40:15,2026-07-15 15:59:55,v0.0.2,EDDL-LEPA,Afternoon
6629418800704072636,3c49d5,EWG5LP  ,2026-07-15 00:00:00,EDDL,LEPA,D-ABNU,A320 214,A320,EWG,2026-07-15 13:42:00,2026-07-15 15:59:55,v0.0.2,EDDL-LEPA,Afternoon
-8471131600335890348,4d239a,CXI6F   ,2026-07-15 00:00:00,EDDL,LEPA,9H-CXD,,B738,,2026-07-15 13:54:35,2026-07-15 15:59:55,v0.0.2,EDDL-LEPA,Afternoon
1738053496520243709,3c7984,CFG5CU  ,2026-07-15 00:00:00,EDDL,LEPA,,,,,2026-07-15 14:02:55,2026-07-15 16:42:20,v0.0.2,EDDL-LEPA,Afternoon
-3045544071043293602,3c5ee5,EWG92K  ,2026-07-15 00:00:00,EDDL,LEPA,D-AGWE,Airbus A319 132,A319,GWI,2026-07-15 14:42:25,2026-07-15 16:59:55,v0.0.2,EDDL-LEPA,Afternoon
7343141212531025936,511189,CFG3AH  ,2026-07-15 00:00:00,EDDL,LEPA,,,,,2026-07-15 15:26:15,2026-07-15 17:39:30,v0.0.2,EDDL-LEPA,Afternoon
505560423289528002,4d240d,EWG3MJ  ,2026-07-16 00:00:00,EDDL,LEPA,9H-EUV,,A320,,2026-07-16 03:28:35,2026-07-16 06:59:55,v0.0.2,EDDL-LEPA,Night
7953340276605129407,511189,CFG9TC  ,2026-07-16 00:00:00,EDDL,LEPA,,,,,2026-07-16 04:13:50,2026-07-16 06:23:35,v0.0.2,EDDL-LEPA,Night
3472364717043142882,3c6427,DAIAG   ,2026-07-16 00:00:00,EDDL,LEPA,D-AIAG,A321 211SL,A321,CFG,2026-07-16 04:19:05,2026-07-16 06:34:35,v0.0.2,EDDL-LEPA,Night
-7666254928993898077,3c79ba,CFG6AF  ,2026-07-16 00:00:00,EDDL,LEPA,D-ANMZ,Airbus A321-271NX,A21N,CFG,2026-07-16 04:21:05,2026-07-16 06:26:10,v0.0.2,EDDL-LEPA,Night
4756138809794877744,3c7426,TUI5HJ  ,2026-07-16 00:00:00,EDDL,LEPA,,,,,2026-07-16 04:29:05,2026-07-16 06:32:10,v0.0.2,EDDL-LEPA,Night
405099930919272284,3c7989,CFG9FH  ,2026-07-16 00:00:00,EDDL,LEPA,,,,,2026-07-16 06:36:35,2026-07-16 08:41:40,v0.0.2,EDDL-LEPA,Morning
2099698707394280709,3c6491,EWG47E  ,2026-07-16 00:00:00,EDDL,LEPA,D-AIDQ,A321 231,A321,DLH,2026-07-16 08:16:00,2026-07-16 10:17:55,v0.0.2,EDDL-LEPA,Morning
3215841670197022378,3c55c1,EWG4HM  ,2026-07-16 00:00:00,EDDL,LEPA,D-AENA,,A20N,,2026-07-16 10:02:40,2026-07-16 12:10:10,v0.0.2,EDDL-LEPA,Morning
-603597960617473201,3c4b49,EWG14BD ,2026-07-16 00:00:00,EDDL,LEPA,D-ABZI,A320 216,A320,BER,2026-07-16 10:34:35,2026-07-16 12:59:55,v0.0.2,EDDL-LEPA,Morning
4091578040481809892,4d247e,EWG5Q   ,2026-07-16 00:00:00,EDDL,LEPA,9H-SWD,Airbus A320-232,A320,NVD,2026-07-16 11:11:15,2026-07-16 13:19:10,v0.0.2,EDDL-LEPA,Morning
-6389171430811991218,4d2407,EWG4BN  ,2026-07-16 00:00:00,EDDL,LEPA,9H-EUS,,A320,,2026-07-16 11:27:25,2026-07-16 13:40:00,v0.0.2,EDDL-LEPA,Morning
2249864168929047923,3c496d,TUI5AL  ,2026-07-16 00:00:00,EDDL,LEPA,D-ABKM,737NG 86J/W,B738,BER,2026-07-16 12:32:50,2026-07-16 14:41:40,v0.0.2,EDDL-LEPA,Afternoon
1937966242853773164,3c7989,CFG7XK  ,2026-07-16 00:00:00,EDDL,LEPA,,,,,2026-07-16 13:47:45,2026-07-16 15:59:55,v0.0.2,EDDL-LEPA,Afternoon
-5094937052171809994,4d2013,EWG5LP  ,2026-07-16 00:00:00,EDDL,LEPA,9H-EUO,Airbus A320-214,A320,EWG,2026-07-16 14:34:55,2026-07-16 16:41:00,v0.0.2,EDDL-LEPA,Afternoon
7291678113268550479,3c79ba,CFG6XR  ,2026-07-16 00:00:00,EDDL,LEPA,D-ANMZ,Airbus A321-271NX,A21N,CFG,2026-07-16 14:41:30,2026-07-16 16:47:55,v0.0.2,EDDL-LEPA,Afternoon
3554761325607772695,3c6490,EWG92K  ,2026-07-16 00:00:00,EDDL,LEPA,D-AIDP,A321 231,A321,DLH,2026-07-16 15:09:40,2026-07-16 17:31:50,v0.0.2,EDDL-LEPA,Afternoon
9159493632145054509,3c6421,CFG9YV  ,2026-07-17 00:00:00,EDDL,LEPA,D-AIAA,A321 211,A321,CFG,2026-07-17 03:56:10,2026-07-17 06:17:55,v0.0.2,EDDL-LEPA,Night
-3306641113586065212,3c7424,TUI5HJ  ,2026-07-17 00:00:00,EDDL,LEPA,D-AMAD,Boeing 737 MAX 8,B38M,TUI,2026-07-17 04:13:20,2026-07-17 06:29:45,v0.0.2,EDDL-LEPA,Night
2938858732589155582,3c54a1,EWG3MJ  ,2026-07-17 00:00:00,EDDL,LEPA,D-AEEA,Airbus A321-251NX,A21N,EWG,2026-07-17 04:48:50,2026-07-17 06:59:55,v0.0.2,EDDL-LEPA,Night
3475750652940737899,3c55c1,EWG6DH  ,2026-07-17 00:00:00,EDDL,LEPA,D-AENA,,A20N,,2026-07-17 05:51:30,2026-07-17 08:05:20,v0.0.2,EDDL-LEPA,Morning
-8446914108856589700,3c7989,CFG4RT  ,2026-07-17 00:00:00,EDDL,LEPA,,,,,2026-07-17 06:02:35,2026-07-17 08:17:10,v0.0.2,EDDL-LEPA,Morning
-8869365965939736135,3c4b4b,EWG47E  ,2026-07-17 00:00:00,EDDL,LEPA,D-ABZK,A320 216,A320,EWG,2026-07-17 08:13:05,2026-07-17 10:30:25,v0.0.2,EDDL-LEPA,Morning
2114449485653691659,4d253b,EWG14BD ,2026-07-17 00:00:00,EDDL,LEPA,9H-EUQ,Airbus A320-214,A320,EWG,2026-07-17 09:54:20,2026-07-17 11:59:15,v0.0.2,EDDL-LEPA,Morning
-3249263833053424434,3c5ef6,EWG08X  ,2026-07-17 00:00:00,EDDL,LEPA,D-AGWV,A319 132,A319,EWG,2026-07-17 11:07:35,2026-07-17 13:15:25,v0.0.2,EDDL-LEPA,Morning
-3525554034490931321,4d2086,EWG12L  ,2026-07-17 00:00:00,EDDL,LEPA,,,,,2026-07-17 11:36:35,2026-07-17 13:39:45,v0.0.2,EDDL-LEPA,Morning
-4281059365572979489,3c6494,EWG5LP  ,2026-07-17 00:00:00,EDDL,LEPA,D-AIDT,A321-231,A321,DLH,2026-07-17 12:42:25,2026-07-17 14:45:40,v0.0.2,EDDL-LEPA,Afternoon
-3633077891735760745,3c7989,CFG8CW  ,2026-07-17 00:00:00,EDDL,LEPA,,,,,2026-07-17 13:26:55,2026-07-17 15:34:20,v0.0.2,EDDL-LEPA,Afternoon
-6570136188145198591,4d23c3,CXI6F   ,2026-07-17 00:00:00,EDDL,LEPA,9H-CXG,,B738,,2026-07-17 13:55:45,2026-07-17 16:05:55,v0.0.2,EDDL-LEPA,Afternoon
8326696602743380064,3c7983,CFG9AT  ,2026-07-17 00:00:00,EDDL,LEPA,,,,,2026-07-17 15:14:35,2026-07-17 17:23:35,v0.0.2,EDDL-LEPA,Afternoon
-2138789974101722283,3c79b7,CFG3LK  ,2026-07-17 00:00:00,EDDL,LEPA,,,,,2026-07-17 15:33:50,2026-07-17 17:47:50,v0.0.2,EDDL-LEPA,Afternoon
3351304360699326557,3c496a,TUI5AL  ,2026-07-17 00:00:00,EDDL,LEPA,D-ABKJ,737NG 86J/W,B738,EWG,2026-07-17 15:57:20,2026-07-17 17:59:55,v0.0.2,EDDL-LEPA,Afternoon
-1003716870452248243,3c4b4e,EWG92K  ,2026-07-17 00:00:00,EDDL,LEPA,D-ABZN,A320 216,A320,EWG,2026-07-17 16:07:35,2026-07-17 18:13:15,v0.0.2,EDDL-LEPA,Afternoon
7970806479165700001,3c0cb2,TUI5AL  ,2026-07-18 00:00:00,EDDL,LEPA,D-ATUZ,737NG 8K5/W,B738,TUI,2026-07-18 04:03:30,2026-07-18 06:07:15,v0.0.2,EDDL-LEPA,Night
-8438198022005603821,3c49b1,TUI5HJ  ,2026-07-18 00:00:00,EDDL,LEPA,D-ABMQ,737NG 86J/W,B738,EWG,2026-07-18 04:05:35,2026-07-18 06:12:30,v0.0.2,EDDL-LEPA,Night
6265847114728085047,511171,CFG1MY  ,2026-07-18 00:00:00,EDDL,LEPA,ES-MBB,Airbus A320-271N,A20N,MBU,2026-07-18 04:08:25,2026-07-18 06:21:50,v0.0.2,EDDL-LEPA,Night
-6987085680495300290,3c56f6,EWG3MJ  ,2026-07-18 00:00:00,EDDL,LEPA,D-AEWV,A320 214SL,A320,EWG,2026-07-18 04:11:25,2026-07-18 06:21:50,v0.0.2,EDDL-LEPA,Night
2140623344574660145,3c6427,CFG7NH  ,2026-07-18 00:00:00,EDDL,LEPA,D-AIAG,A321 211SL,A321,CFG,2026-07-18 04:17:05,2026-07-18 06:32:55,v0.0.2,EDDL-LEPA,Night
-4418219476115184725,3c54a1,EWG47E  ,2026-07-18 00:00:00,EDDL,LEPA,D-AEEA,Airbus A321-251NX,A21N,EWG,2026-07-18 04:24:55,2026-07-18 06:42:50,v0.0.2,EDDL-LEPA,Night
2718448765499899062,3c6421,CFG8MK  ,2026-07-18 00:00:00,EDDL,LEPA,D-AIAA,A321 211,A321,CFG,2026-07-18 05:04:25,2026-07-18 07:18:45,v0.0.2,EDDL-LEPA,Morning
4837938262687361727,3c5ee9,EWG4HM  ,2026-07-18 00:00:00,EDDL,LEPA,D-AGWI,A319 132,A319,GWI,2026-07-18 06:11:45,2026-07-18 08:20:45,v0.0.2,EDDL-LEPA,Morning
9186259290734262399,4d2086,EWG5Q   ,2026-07-18 00:00:00,EDDL,LEPA,,,,,2026-07-18 10:26:05,2026-07-18 12:39:30,v0.0.2,EDDL-LEPA,Morning
8845671344885678131,3c5eea,EWG4BN  ,2026-07-18 00:00:00,EDDL,LEPA,D-AGWJ,A319 132,A319,GWI,2026-07-18 11:30:05,2026-07-18 13:29:35,v0.0.2,EDDL-LEPA,Morning
-6521452609322268113,3c79c5,LAV6342 ,2026-07-18 00:00:00,EDDL,LEPA,D-ANNE,,A320,,2026-07-18 12:55:25,2026-07-18 14:54:40,v0.0.2,EDDL-LEPA,Afternoon
1470212426972777948,4d2013,EWG12L  ,2026-07-18 00:00:00,EDDL,LEPA,9H-EUO,Airbus A320-214,A320,EWG,2026-07-18 13:39:40,2026-07-18 15:51:30,v0.0.2,EDDL-LEPA,Afternoon
-6114654960400170207,3c5ee9,EWG08X  ,2026-07-18 00:00:00,EDDL,LEPA,D-AGWI,A319 132,A319,GWI,2026-07-18 13:43:35,2026-07-18 15:48:00,v0.0.2,EDDL-LEPA,Afternoon
-2081839453521592956,3c6421,CFG2ZX  ,2026-07-18 00:00:00,EDDL,LEPA,D-AIAA,A321 211,A321,CFG,2026-07-18 14:05:00,2026-07-18 16:07:10,v0.0.2,EDDL-LEPA,Afternoon
-5174135410058357176,3c4b4b,EWG5LP  ,2026-07-18 00:00:00,EDDL,LEPA,D-ABZK,A320 216,A320,EWG,2026-07-18 14:10:15,2026-07-18 16:24:40,v0.0.2,EDDL-LEPA,Afternoon
77894313187522946,3c7989,CFG3AK  ,2026-07-18 00:00:00,EDDL,LEPA,,,,,2026-07-18 14:23:00,2026-07-18 16:26:05,v0.0.2,EDDL-LEPA,Afternoon
-6077962800888248948,3c4b4e,EWG92K  ,2026-07-18 00:00:00,EDDL,LEPA,D-ABZN,A320 216,A320,EWG,2026-07-18 15:24:05,2026-07-18 17:39:30,v0.0.2,EDDL-LEPA,Afternoon
6240362674807681615,3c7861,CFG9TW  ,2026-07-18 00:00:00,EDDL,LEPA,,,,,2026-07-18 15:51:00,2026-07-18 17:55:05,v0.0.2,EDDL-LEPA,Afternoon
-932914583945176909,3c7983,CFG6XA  ,2026-07-19 00:00:00,EDDL,LEPA,,,,,2026-07-19 03:53:55,2026-07-19 06:07:30,v0.0.2,EDDL-LEPA,Night
-7666216474596755715,511171,CFG7KC  ,2026-07-19 00:00:00,EDDL,LEPA,ES-MBB,Airbus A320-271N,A20N,MBU,2026-07-19 03:54:45,2026-07-19 05:59:55,v0.0.2,EDDL-LEPA,Night
-3988423359875491895,4d2407,EWG3MJ  ,2026-07-19 00:00:00,EDDL,LEPA,9H-EUS,,A320,,2026-07-19 04:06:05,2026-07-19 06:32:30,v0.0.2,EDDL-LEPA,Night
-8096554722350131257,3c7426,TUI5AL  ,2026-07-19 00:00:00,EDDL,LEPA,,,,,2026-07-19 04:18:00,2026-07-19 06:32:30,v0.0.2,EDDL-LEPA,Night
1786654189804226683,34654b,TUI5HJ  ,2026-07-19 00:00:00,EDDL,LEPA,EC-NLJ,,A321,,2026-07-19 04:21:45,2026-07-19 06:49:20,v0.0.2,EDDL-LEPA,Night
6331278083480764445,3c4b4b,EWG6DH  ,2026-07-19 00:00:00,EDDL,LEPA,D-ABZK,A320 216,A320,EWG,2026-07-19 05:04:50,2026-07-19 07:41:45,v0.0.2,EDDL-LEPA,Morning
-2171992310005325924,3c6491,EWG47E  ,2026-07-19 00:00:00,EDDL,LEPA,D-AIDQ,A321 231,A321,DLH,2026-07-19 05:13:20,2026-07-19 07:32:30,v0.0.2,EDDL-LEPA,Morning
2256319107508442914,3c79b7,CFG8DM  ,2026-07-19 00:00:00,EDDL,LEPA,,,,,2026-07-19 08:07:50,2026-07-19 10:17:40,v0.0.2,EDDL-LEPA,Morning
2398848984973607189,3c55c2,EWG4HM  ,2026-07-19 00:00:00,EDDL,LEPA,D-AENB,,A20N,,2026-07-19 09:15:55,2026-07-19 11:07:05,v0.0.2,EDDL-LEPA,Morning
-9196152094839771125,3c49d4,EWG14BD ,2026-07-19 00:00:00,EDDL,LEPA,D-ABNT,A320 214,A320,EWG,2026-07-19 10:33:25,2026-07-19 12:35:10,v0.0.2,EDDL-LEPA,Morning
2799940979096233870,4d2014,EWG08X  ,2026-07-19 00:00:00,EDDL,LEPA,9H-EUM,Airbus A320-214,A320,EWG,2026-07-19 11:48:05,2026-07-19 13:59:25,v0.0.2,EDDL-LEPA,Morning
810566770398076663,3c5ee8,EWG12L  ,2026-07-19 00:00:00,EDDL,LEPA,D-AGWH,A319 132,A319,GWI,2026-07-19 14:17:30,2026-07-19 16:17:25,v0.0.2,EDDL-LEPA,Afternoon
8077017702078599996,4d2352,CXI6F   ,2026-07-19 00:00:00,EDDL,LEPA,9H-TJF,,B738,,2026-07-19 14:20:45,2026-07-19 16:21:25,v0.0.2,EDDL-LEPA,Afternoon
-8215343474259250871,3c79b9,CFG1TV  ,2026-07-19 00:00:00,EDDL,LEPA,,,,,2026-07-19 14:21:15,2026-07-19 16:27:50,v0.0.2,EDDL-LEPA,Afternoon
5718785445647638427,3c79b7,CFG2YX  ,2026-07-19 00:00:00,EDDL,LEPA,,,,,2026-07-19 15:04:35,2026-07-19 17:09:50,v0.0.2,EDDL-LEPA,Afternoon
81312870366693829,3c7983,CFG8XD  ,2026-07-19 00:00:00,EDDL,LEPA,,,,,2026-07-19 15:12:30,2026-07-19 17:10:35,v0.0.2,EDDL-LEPA,Afternoon
4186114581639558783,3c55c3,EWG5LP  ,2026-07-19 00:00:00,EDDL,LEPA,D-AENC,,A20N,,2026-07-19 15:22:00,2026-07-19 17:19:30,v0.0.2,EDDL-LEPA,Afternoon
4329100571925964266,4d240d,EWG92K  ,2026-07-19 00:00:00,EDDL,LEPA,9H-EUV,,A320,,2026-07-19 15:54:00,2026-07-19 17:59:55,v0.0.2,EDDL-LEPA,Afternoon
2695330659685596964,3c7438,TUI5HJ  ,2026-07-20 00:00:00,EDDL,LEPA,D-AMAX,,B38M,,2026-07-20 03:58:40,2026-07-20 06:25:25,v0.0.2,EDDL-LEPA,Night
-5779003392783742824,3c6427,CFG3FZ  ,2026-07-20 00:00:00,EDDL,LEPA,D-AIAG,A321 211SL,A321,CFG,2026-07-20 04:02:15,2026-07-20 05:59:55,v0.0.2,EDDL-LEPA,Night
-2735444603265007960,3c79b7,CFG1ML  ,2026-07-20 00:00:00,EDDL,LEPA,,,,,2026-07-20 04:07:10,2026-07-20 06:12:15,v0.0.2,EDDL-LEPA,Night
-1930057357300454197,3c56f0,EWG3MJ  ,2026-07-20 00:00:00,EDDL,LEPA,D-AEWP,A320 214SL,A320,EWG,2026-07-20 04:12:25,2026-07-20 06:34:00,v0.0.2,EDDL-LEPA,Night
-3047668899563400079,3c6490,EWG47E  ,2026-07-20 00:00:00,EDDL,LEPA,D-AIDP,A321 231,A321,DLH,2026-07-20 04:56:40,2026-07-20 06:59:55,v0.0.2,EDDL-LEPA,Night
4771374609166950993,3c7877,CFG1CA  ,2026-07-20 00:00:00,EDDL,LEPA,,,,,2026-07-20 05:28:35,2026-07-20 07:33:15,v0.0.2,EDDL-LEPA,Morning
-4029955372974363898,3c55c3,EWG4HM  ,2026-07-20 00:00:00,EDDL,LEPA,D-AENC,,A20N,,2026-07-20 06:33:30,2026-07-20 08:40:40,v0.0.2,EDDL-LEPA,Morning
3269020127350149201,4d2417,EWG4EY  ,2026-07-20 00:00:00,EDDL,LEPA,9H-EWE,,A320,,2026-07-20 08:23:45,2026-07-20 10:37:35,v0.0.2,EDDL-LEPA,Morning
-8500728112313949831,4d240d,EWG14BD ,2026-07-20 00:00:00,EDDL,LEPA,9H-EUV,,A320,,2026-07-20 10:24:45,2026-07-20 12:25:25,v0.0.2,EDDL-LEPA,Morning
-9024000578049805722,3c4b4b,EWG5Q   ,2026-07-20 00:00:00,EDDL,LEPA,D-ABZK,A320 216,A320,EWG,2026-07-20 11:07:50,2026-07-20 13:22:15,v0.0.2,EDDL-LEPA,Morning
-6804779505143440043,3c6496,EWG12L  ,2026-07-20 00:00:00,EDDL,LEPA,D-AIDV,A321 231,A321,DLH,2026-07-20 11:43:25,2026-07-20 13:44:25,v0.0.2,EDDL-LEPA,Morning
-5897206032542450050,4d23a3,EWG5LP  ,2026-07-20 00:00:00,EDDL,LEPA,9H-MLU,,A320,,2026-07-20 12:19:35,2026-07-20 14:28:40,v0.0.2,EDDL-LEPA,Afternoon
-4676125000483651594,4d23ea,CXI6F   ,2026-07-20 00:00:00,EDDL,LEPA,9H-CXH,,B738,,2026-07-20 12:49:25,2026-07-20 14:59:55,v0.0.2,EDDL-LEPA,Afternoon
-7823097854225311445,34654b,TUI5AL  ,2026-07-20 00:00:00,EDDL,LEPA,EC-NLJ,,A321,,2026-07-20 13:39:30,2026-07-20 15:42:55,v0.0.2,EDDL-LEPA,Afternoon
-1838234947830391363,511171,CFG6KH  ,2026-07-20 00:00:00,EDDL,LEPA,ES-MBB,Airbus A320-271N,A20N,MBU,2026-07-20 13:57:35,2026-07-20 15:59:35,v0.0.2,EDDL-LEPA,Afternoon
-5980936488337291177,3c7983,CFG4JD  ,2026-07-20 00:00:00,EDDL,LEPA,,,,,2026-07-20 14:17:10,2026-07-20 16:20:10,v0.0.2,EDDL-LEPA,Afternoon
8428311592526962594,3c4b4e,EWG92K  ,2026-07-20 00:00:00,EDDL,LEPA,D-ABZN,A320 216,A320,EWG,2026-07-20 14:52:50,2026-07-20 16:57:35,v0.0.2,EDDL-LEPA,Afternoon
-5306838395022453081,511189,CFG1DK  ,2026-07-20 00:00:00,EDDL,LEPA,,,,,2026-07-20 15:08:45,2026-07-20 17:13:50,v0.0.2,EDDL-LEPA,Afternoon
1328456369292261604,3c79ba,CFG7TE  ,2026-07-21 00:00:00,EDDL,LEPA,D-ANMZ,Airbus A321-271NX,A21N,CFG,2026-07-21 03:56:45,2026-07-21 05:59:55,v0.0.2,EDDL-LEPA,Night
-4133866514015458343,511171,CFG2AT  ,2026-07-21 00:00:00,EDDL,LEPA,ES-MBB,Airbus A320-271N,A20N,MBU,2026-07-21 03:57:40,2026-07-21 06:42:40,v0.0.2,EDDL-LEPA,Night
8874723958891741036,3c54a5,EWG3MJ  ,2026-07-21 00:00:00,EDDL,LEPA,D-AEEE,Airbus A321-251NX,A21N,EWG,2026-07-21 04:07:40,2026-07-21 06:36:30,v0.0.2,EDDL-LEPA,Night
7372973927621299221,4d240d,EWG47E  ,2026-07-21 00:00:00,EDDL,LEPA,9H-EUV,,A320,,2026-07-21 04:36:55,2026-07-21 06:47:25,v0.0.2,EDDL-LEPA,Night
3256558322482670053,3c7424,TUI5HJ  ,2026-07-21 00:00:00,EDDL,LEPA,D-AMAD,Boeing 737 MAX 8,B38M,TUI,2026-07-21 04:39:00,2026-07-21 06:47:25,v0.0.2,EDDL-LEPA,Night
-6298629646979377027,3c7982,CFG6YV  ,2026-07-21 00:00:00,EDDL,LEPA,,,,,2026-07-21 06:09:40,2026-07-21 08:20:25,v0.0.2,EDDL-LEPA,Morning
4464209675972824035,3ca4cd,DBIFM   ,2026-07-21 00:00:00,EDDL,LEPA,,,,,2026-07-21 08:23:25,2026-07-21 10:28:30,v0.0.2,EDDL-LEPA,Morning
-3911276552966568730,3c49d4,EWG4HM  ,2026-07-21 00:00:00,EDDL,LEPA,D-ABNT,A320 214,A320,EWG,2026-07-21 09:02:20,2026-07-21 10:59:55,v0.0.2,EDDL-LEPA,Morning
2821652485865530484,4d2378,EWG14BD ,2026-07-21 00:00:00,EDDL,LEPA,9H-AMV,,A320,,2026-07-21 09:13:50,2026-07-21 11:18:05,v0.0.2,EDDL-LEPA,Morning
-5463389299272743428,4d2407,EWG5Q   ,2026-07-21 00:00:00,EDDL,LEPA,9H-EUS,,A320,,2026-07-21 09:55:50,2026-07-21 11:59:55,v0.0.2,EDDL-LEPA,Morning
4093820366372433845,4402e2,OEFSR   ,2026-07-21 00:00:00,EDDL,LEPA,OE-FSR,Citation CJ1+,C525,,2026-07-21 10:06:30,2026-07-21 12:37:00,v0.0.2,EDDL-LEPA,Morning
-8815777230504516141,3c5ee8,EWG4BN  ,2026-07-21 00:00:00,EDDL,LEPA,D-AGWH,A319 132,A319,GWI,2026-07-21 10:27:25,2026-07-21 12:38:25,v0.0.2,EDDL-LEPA,Morning
-4088136861934235093,3c6494,EWG5LP  ,2026-07-21 00:00:00,EDDL,LEPA,D-AIDT,A321-231,A321,DLH,2026-07-21 12:29:35,2026-07-21 14:39:20,v0.0.2,EDDL-LEPA,Afternoon
-9089993863796826426,3c79ba,CFG3AH  ,2026-07-21 00:00:00,EDDL,LEPA,D-ANMZ,Airbus A321-271NX,A21N,CFG,2026-07-21 13:04:55,2026-07-21 14:59:55,v0.0.2,EDDL-LEPA,Afternoon
6738032569957978496,3c7426,TUI5AL  ,2026-07-21 00:00:00,EDDL,LEPA,,,,,2026-07-21 13:47:20,2026-07-21 15:45:50,v0.0.2,EDDL-LEPA,Afternoon
5783632274946073275,3c4b4e,EWG92K  ,2026-07-21 00:00:00,EDDL,LEPA,D-ABZN,A320 216,A320,EWG,2026-07-21 13:50:45,2026-07-21 15:53:10,v0.0.2,EDDL-LEPA,Afternoon
-910281151253004848,3c7982,CFG8TC  ,2026-07-21 00:00:00,EDDL,LEPA,,,,,2026-07-21 14:49:40,2026-07-21 16:56:05,v0.0.2,EDDL-LEPA,Afternoon
3350903958227027850,3c7984,CFG4MF  ,2026-07-21 00:00:00,EDDL,LEPA,,,,,2026-07-21 15:22:05,2026-07-21 17:21:20,v0.0.2,EDDL-LEPA,Afternoon
2481240386406373653,3c6421,CFG4WA  ,2026-07-22 00:00:00,EDDL,LEPA,D-AIAA,A321 211,A321,CFG,2026-07-22 03:51:50,2026-07-22 05:59:55,v0.0.2,EDDL-LEPA,Night
8805956364083365024,3c54a5,EWG3MJ  ,2026-07-22 00:00:00,EDDL,LEPA,D-AEEE,Airbus A321-251NX,A21N,EWG,2026-07-22 04:06:30,2026-07-22 06:13:55,v0.0.2,EDDL-LEPA,Night
6483532517925021597,3c4969,TUI5HJ  ,2026-07-22 00:00:00,EDDL,LEPA,D-ABKI,737NG 86J/W,B738,TUI,2026-07-22 04:48:50,2026-07-22 06:48:25,v0.0.2,EDDL-LEPA,Night
6255045266663627053,3c79b8,CFG4DE  ,2026-07-22 00:00:00,EDDL,LEPA,,,,,2026-07-22 06:27:00,2026-07-22 08:38:50,v0.0.2,EDDL-LEPA,Morning
7846460868429045877,3c5ee7,EWG6DH  ,2026-07-22 00:00:00,EDDL,LEPA,D-AGWG,A319 132,A319,GWI,2026-07-22 08:14:55,2026-07-22 10:23:40,v0.0.2,EDDL-LEPA,Morning
1809012738524193926,3c7877,CFG8CL  ,2026-07-22 00:00:00,EDDL,LEPA,,,,,2026-07-22 08:44:10,2026-07-22 10:53:50,v0.0.2,EDDL-LEPA,Morning
1276697376621062027,3c6495,EWG12L  ,2026-07-22 00:00:00,EDDL,LEPA,D-AIDU,A321 231,A321,DLH,2026-07-22 13:14:40,2026-07-22 15:09:20,v0.0.2,EDDL-LEPA,Afternoon
6420932526860478582,3c6424,CFG4AF  ,2026-07-22 00:00:00,EDDL,LEPA,D-AIAD,A321 211SL,A321,CFG,2026-07-22 13:48:10,2026-07-22 15:59:20,v0.0.2,EDDL-LEPA,Afternoon
-2123800475041415851,4d2352,CXI6F   ,2026-07-22 00:00:00,EDDL,LEPA,9H-TJF,,B738,,2026-07-22 13:55:10,2026-07-22 15:59:20,v0.0.2,EDDL-LEPA,Afternoon
8340077730482016825,3c79b8,CFG5CU  ,2026-07-22 00:00:00,EDDL,LEPA,,,,,2026-07-22 14:07:00,2026-07-22 16:06:35,v0.0.2,EDDL-LEPA,Afternoon
6551847344494870523,3c56f6,EWG5LP  ,2026-07-22 00:00:00,EDDL,LEPA,D-AEWV,A320 214SL,A320,EWG,2026-07-22 14:10:25,2026-07-22 16:08:00,v0.0.2,EDDL-LEPA,Afternoon
-701790563607100693,3c5ef8,EWG92K  ,2026-07-22 00:00:00,EDDL,LEPA,D-AGWX,A319 132,A319,GWI,2026-07-22 14:27:25,2026-07-22 16:31:10,v0.0.2,EDDL-LEPA,Afternoon
4769711217386522260,511189,CFG3AH  ,2026-07-22 00:00:00,EDDL,LEPA,,,,,2026-07-22 15:02:35,2026-07-22 17:12:15,v0.0.2,EDDL-LEPA,Afternoon
7362932756203006787,3c496d,TUI5AL  ,2026-07-22 00:00:00,EDDL,LEPA,D-ABKM,737NG 86J/W,B738,BER,2026-07-22 18:00:55,2026-07-22 19:59:55,v0.0.2,EDDL-LEPA,Evening
-4754570751230707879,3c79b7,CFG8XZ  ,2026-07-23 00:00:00,EDDL,LEPA,,,,,2026-07-23 03:11:45,2026-07-23 06:26:25,v0.0.2,EDDL-LEPA,Night
-3255482166956652641,3c7984,CFG6AF  ,2026-07-23 00:00:00,EDDL,LEPA,,,,,2026-07-23 03:58:30,2026-07-23 06:08:10,v0.0.2,EDDL-LEPA,Night
2134476448544944446,511189,CFG9TC  ,2026-07-23 00:00:00,EDDL,LEPA,,,,,2026-07-23 04:05:15,2026-07-23 06:12:00,v0.0.2,EDDL-LEPA,Night
-2224406501107370441,4d2407,EWG3MJ  ,2026-07-23 00:00:00,EDDL,LEPA,9H-EUS,,A320,,2026-07-23 04:05:30,2026-07-23 06:16:25,v0.0.2,EDDL-LEPA,Night
3232123827876678959,3c743a,TUI5HJ  ,2026-07-23 00:00:00,EDDL,LEPA,D-AMAZ,,B38M,,2026-07-23 04:25:20,2026-07-23 06:32:50,v0.0.2,EDDL-LEPA,Night
484074225982002856,3c7982,CFG9FH  ,2026-07-23 00:00:00,EDDL,LEPA,,,,,2026-07-23 06:29:20,2026-07-23 08:29:30,v0.0.2,EDDL-LEPA,Morning
101961958581299213,3c49c8,EWG6DH  ,2026-07-23 00:00:00,EDDL,LEPA,D-ABNH,A320 214,A320,EWG,2026-07-23 06:54:55,2026-07-23 08:54:00,v0.0.2,EDDL-LEPA,Morning
-4873499862305105141,3c54a1,EWG47E  ,2026-07-23 00:00:00,EDDL,LEPA,D-AEEA,Airbus A321-251NX,A21N,EWG,2026-07-23 08:00:15,2026-07-23 10:05:40,v0.0.2,EDDL-LEPA,Morning
922352950918791982,3c5ee7,EWG4HM  ,2026-07-23 00:00:00,EDDL,LEPA,D-AGWG,A319 132,A319,GWI,2026-07-23 09:55:40,2026-07-23 11:47:55,v0.0.2,EDDL-LEPA,Morning
-2931268249381919389,3c55c1,EWG14BD ,2026-07-23 00:00:00,EDDL,LEPA,D-AENA,,A20N,,2026-07-23 10:22:35,2026-07-23 12:23:30,v0.0.2,EDDL-LEPA,Morning
3847276050013292962,4d216e,EWG5Q   ,2026-07-23 00:00:00,EDDL,LEPA,9H-UTA,,CTLN,,2026-07-23 11:13:55,2026-07-23 13:08:25,v0.0.2,EDDL-LEPA,Morning
1729600373627174793,4d2407,EWG4BN  ,2026-07-23 00:00:00,EDDL,LEPA,9H-EUS,,A320,,2026-07-23 11:30:25,2026-07-23 13:25:40,v0.0.2,EDDL-LEPA,Morning
3856382765487844962,3e4109,DIPVD   ,2026-07-23 00:00:00,EDDL,LEPA,D-IPVD,Citation CJ2,C25A,,2026-07-23 12:11:00,2026-07-23 14:18:30,v0.0.2,EDDL-LEPA,Afternoon
-8529916578447770994,34654b,TUI5AL  ,2026-07-23 00:00:00,EDDL,LEPA,EC-NLJ,,A321,,2026-07-23 12:26:05,2026-07-23 14:28:45,v0.0.2,EDDL-LEPA,Afternoon
3605157862376738322,3c6490,EWG12L  ,2026-07-23 00:00:00,EDDL,LEPA,D-AIDP,A321 231,A321,DLH,2026-07-23 13:11:15,2026-07-23 15:09:25,v0.0.2,EDDL-LEPA,Afternoon
-123531900035353828,3c7982,CFG7XK  ,2026-07-23 00:00:00,EDDL,LEPA,,,,,2026-07-23 13:39:15,2026-07-23 15:38:00,v0.0.2,EDDL-LEPA,Afternoon
-406705940370675611,3c79b7,CFG6XR  ,2026-07-23 00:00:00,EDDL,LEPA,,,,,2026-07-23 14:32:55,2026-07-23 16:27:40,v0.0.2,EDDL-LEPA,Afternoon
-3798905895075513642,3c54a1,EWG92K  ,2026-07-23 00:00:00,EDDL,LEPA,D-AEEA,Airbus A321-251NX,A21N,EWG,2026-07-23 14:35:40,2026-07-23 16:32:10,v0.0.2,EDDL-LEPA,Afternoon
3932137100241697584,3c49cb,EWG5LP  ,2026-07-23 00:00:00,EDDL,LEPA,D-ABNK,A320 214,A320,EWG,2026-07-23 14:40:10,2026-07-23 16:37:50,v0.0.2,EDDL-LEPA,Afternoon
-6870255974565651905,3c7982,CFG9YV  ,2026-07-24 00:00:00,EDDL,LEPA,,,,,2026-07-24 03:47:20,2026-07-24 05:59:55,v0.0.2,EDDL-LEPA,Night
-3366891628971651821,511189,CFG5VF  ,2026-07-24 00:00:00,EDDL,LEPA,,,,,2026-07-24 03:54:15,2026-07-24 06:06:30,v0.0.2,EDDL-LEPA,Night
129589681386535404,4d2509,EWG6900 ,2026-07-24 00:00:00,EDDL,LEPA,9H-EUN,Airbus A320-214,A320,EWG,2026-07-24 04:03:45,2026-07-24 06:08:10,v0.0.2,EDDL-LEPA,Night
-7835830177258464736,3c7426,TUI5HJ  ,2026-07-24 00:00:00,EDDL,LEPA,,,,,2026-07-24 04:10:55,2026-07-24 06:11:25,v0.0.2,EDDL-LEPA,Night
8003376831875485895,3c54a1,EWG3MJ  ,2026-07-24 00:00:00,EDDL,LEPA,D-AEEA,Airbus A321-251NX,A21N,EWG,2026-07-24 05:13:55,2026-07-24 07:10:15,v0.0.2,EDDL-LEPA,Morning
-7143754990030739554,3c55c2,EWG6DH  ,2026-07-24 00:00:00,EDDL,LEPA,D-AENB,,A20N,,2026-07-24 05:39:05,2026-07-24 07:34:40,v0.0.2,EDDL-LEPA,Morning
3915066831308114150,3c7984,CFG4RT  ,2026-07-24 00:00:00,EDDL,LEPA,,,,,2026-07-24 06:02:20,2026-07-24 07:58:20,v0.0.2,EDDL-LEPA,Morning
4250512327600015235,3c49cb,EWG47E  ,2026-07-24 00:00:00,EDDL,LEPA,D-ABNK,A320 214,A320,EWG,2026-07-24 08:19:05,2026-07-24 10:17:05,v0.0.2,EDDL-LEPA,Morning
768224669439102594,4d2407,EWG14BD ,2026-07-24 00:00:00,EDDL,LEPA,9H-EUS,,A320,,2026-07-24 09:50:15,2026-07-24 12:05:10,v0.0.2,EDDL-LEPA,Morning
-2731912167011915669,4d2412,EWG08X  ,2026-07-24 00:00:00,EDDL,LEPA,9H-EXW,Airbus A319-132,A319,EWG,2026-07-24 11:12:30,2026-07-24 13:13:35,v0.0.2,EDDL-LEPA,Morning
-8351139308186545621,4d2477,EWG12L  ,2026-07-24 00:00:00,EDDL,LEPA,9H-SWA,Airbus A320-232,A320,VIV,2026-07-24 11:47:00,2026-07-24 13:47:15,v0.0.2,EDDL-LEPA,Morning
-8096939315988906621,3c54a5,EWG5LP  ,2026-07-24 00:00:00,EDDL,LEPA,D-AEEE,Airbus A321-251NX,A21N,EWG,2026-07-24 13:00:15,2026-07-24 14:56:25,v0.0.2,EDDL-LEPA,Afternoon
2688486543446949080,3c7984,CFG8CW  ,2026-07-24 00:00:00,EDDL,LEPA,,,,,2026-07-24 13:03:45,2026-07-24 14:59:55,v0.0.2,EDDL-LEPA,Afternoon
-1020052337233930241,4d2352,CXI6F   ,2026-07-24 00:00:00,EDDL,LEPA,9H-TJF,,B738,,2026-07-24 14:15:45,2026-07-24 16:18:50,v0.0.2,EDDL-LEPA,Afternoon
-6857754419286207676,3c7424,TUI5AL  ,2026-07-24 00:00:00,EDDL,LEPA,D-AMAD,Boeing 737 MAX 8,B38M,TUI,2026-07-24 15:03:25,2026-07-24 17:06:00,v0.0.2,EDDL-LEPA,Afternoon
5942516984770593758,3c7982,CFG9AT  ,2026-07-24 00:00:00,EDDL,LEPA,,,,,2026-07-24 15:25:45,2026-07-24 17:42:25,v0.0.2,EDDL-LEPA,Afternoon
4635605443863390592,3c7983,CFG3LK  ,2026-07-24 00:00:00,EDDL,LEPA,,,,,2026-07-24 15:32:35,2026-07-24 17:34:30,v0.0.2,EDDL-LEPA,Afternoon
-1495022463542462472,3c4b49,EWG92K  ,2026-07-24 00:00:00,EDDL,LEPA,D-ABZI,A320 216,A320,BER,2026-07-24 15:42:10,2026-07-24 17:41:00,v0.0.2,EDDL-LEPA,Afternoon
2193440269194011660,511189,CFG1MY  ,2026-07-25 00:00:00,EDDL,LEPA,,,,,2026-07-25 03:49:35,2026-07-25 06:14:05,v0.0.2,EDDL-LEPA,Night
-4712184251508461104,3c79ba,CFG8MK  ,2026-07-25 00:00:00,EDDL,LEPA,D-ANMZ,Airbus A321-271NX,A21N,CFG,2026-07-25 04:02:15,2026-07-25 07:09:55,v0.0.2,EDDL-LEPA,Night
-1443406008040677591,3c7426,TUI5HJ  ,2026-07-25 00:00:00,EDDL,LEPA,,,,,2026-07-25 04:07:00,2026-07-25 06:10:50,v0.0.2,EDDL-LEPA,Night
7672345600344469657,3c743a,TUI5AL  ,2026-07-25 00:00:00,EDDL,LEPA,D-AMAZ,,B38M,,2026-07-25 04:10:40,2026-07-25 06:17:15,v0.0.2,EDDL-LEPA,Night
5859149608433946197,3c49c8,EWG3MJ  ,2026-07-25 00:00:00,EDDL,LEPA,D-ABNH,A320 214,A320,EWG,2026-07-25 04:23:05,2026-07-25 06:37:30,v0.0.2,EDDL-LEPA,Night
7909605423687137758,3c6421,CFG7NH  ,2026-07-25 00:00:00,EDDL,LEPA,D-AIAA,A321 211,A321,CFG,2026-07-25 04:24:30,2026-07-25 06:40:35,v0.0.2,EDDL-LEPA,Night
8374740822355968206,3c54a1,EWG47E  ,2026-07-25 00:00:00,EDDL,LEPA,D-AEEA,Airbus A321-251NX,A21N,EWG,2026-07-25 04:41:25,2026-07-25 06:52:30,v0.0.2,EDDL-LEPA,Night
4507525588882478629,3c5ef2,EWG4HM  ,2026-07-25 00:00:00,EDDL,LEPA,D-AGWR,A319 132,A319,GWI,2026-07-25 06:13:20,2026-07-25 08:23:35,v0.0.2,EDDL-LEPA,Morning
7284222483537475516,4d247e,EWG5Q   ,2026-07-25 00:00:00,EDDL,LEPA,9H-SWD,Airbus A320-232,A320,NVD,2026-07-25 10:37:15,2026-07-25 12:40:55,v0.0.2,EDDL-LEPA,Morning
3087922197180558214,3c5ee4,EWG4BN  ,2026-07-25 00:00:00,EDDL,LEPA,D-AGWD,A319 132,A319,GWI,2026-07-25 11:18:55,2026-07-25 13:26:20,v0.0.2,EDDL-LEPA,Morning
7310127250569309116,3c4b4b,EWG12L  ,2026-07-25 00:00:00,EDDL,LEPA,D-ABZK,A320 216,A320,EWG,2026-07-25 14:09:05,2026-07-25 16:16:50,v0.0.2,EDDL-LEPA,Afternoon
-7126522058880904682,3c79ba,CFG2ZX  ,2026-07-25 00:00:00,EDDL,LEPA,D-ANMZ,Airbus A321-271NX,A21N,CFG,2026-07-25 14:16:50,2026-07-25 16:25:10,v0.0.2,EDDL-LEPA,Afternoon
-5239592820332564984,3c7984,CFG3AK  ,2026-07-25 00:00:00,EDDL,LEPA,,,,,2026-07-25 14:18:25,2026-07-25 16:30:30,v0.0.2,EDDL-LEPA,Afternoon
-4699188219933640363,3c5ef2,EWG08X  ,2026-07-25 00:00:00,EDDL,LEPA,D-AGWR,A319 132,A319,GWI,2026-07-25 14:26:00,2026-07-25 16:37:55,v0.0.2,EDDL-LEPA,Afternoon
7990451838344658120,4d2406,EWG5LP  ,2026-07-25 00:00:00,EDDL,LEPA,9H-EUR,,A320,,2026-07-25 14:27:25,2026-07-25 16:39:30,v0.0.2,EDDL-LEPA,Afternoon
3630730049579512576,4d2507,EWG92K  ,2026-07-25 00:00:00,EDDL,LEPA,9H-SWE,Airbus A320-232,A320,EWG,2026-07-25 15:27:05,2026-07-25 17:32:05,v0.0.2,EDDL-LEPA,Afternoon
652488838466425156,3c7877,CFG9TW  ,2026-07-25 00:00:00,EDDL,LEPA,,,,,2026-07-25 15:44:55,2026-07-25 17:50:15,v0.0.2,EDDL-LEPA,Afternoon
6021529041366174370,3c7982,CFG6XA  ,2026-07-26 00:00:00,EDDL,LEPA,,,,,2026-07-26 03:50:50,2026-07-26 06:14:20,v0.0.2,EDDL-LEPA,Night
3692992521118527904,511189,CFG7KC  ,2026-07-26 00:00:00,EDDL,LEPA,,,,,2026-07-26 03:53:45,2026-07-26 06:16:10,v0.0.2,EDDL-LEPA,Night
9112463677892358084,3c4969,TUI5HJ  ,2026-07-26 00:00:00,EDDL,LEPA,D-ABKI,737NG 86J/W,B738,TUI,2026-07-26 04:06:55,2026-07-26 06:21:05,v0.0.2,EDDL-LEPA,Night
6350707709668931653,34654b,TUI5AL  ,2026-07-26 00:00:00,EDDL,LEPA,EC-NLJ,,A321,,2026-07-26 04:14:05,2026-07-26 06:18:40,v0.0.2,EDDL-LEPA,Night
-5095894922867769703,4d2412,EWG3MJ  ,2026-07-26 00:00:00,EDDL,LEPA,9H-EXW,Airbus A319-132,A319,EWG,2026-07-26 04:17:10,2026-07-26 06:34:50,v0.0.2,EDDL-LEPA,Night
-3602237219721445422,3c4b4b,EWG6DH  ,2026-07-26 00:00:00,EDDL,LEPA,D-ABZK,A320 216,A320,EWG,2026-07-26 05:39:25,2026-07-26 07:43:25,v0.0.2,EDDL-LEPA,Morning
1069192110359967616,3c56f1,EWG47E  ,2026-07-26 00:00:00,EDDL,LEPA,D-AEWQ,A320 214SL,A320,EWG,2026-07-26 05:43:00,2026-07-26 07:58:10,v0.0.2,EDDL-LEPA,Morning
-3359995394781792710,3c49cb,EWG4HM  ,2026-07-26 00:00:00,EDDL,LEPA,D-ABNK,A320 214,A320,EWG,2026-07-26 07:32:20,2026-07-26 09:38:55,v0.0.2,EDDL-LEPA,Morning
565148452546696392,3c7983,CFG8DM  ,2026-07-26 00:00:00,EDDL,LEPA,,,,,2026-07-26 09:58:20,2026-07-26 11:59:55,v0.0.2,EDDL-LEPA,Morning
8766064333241769537,494101,NJE653H ,2026-07-26 00:00:00,EDDL,LEPA,CS-PHA,Phenom 300,E55P,,2026-07-26 10:16:00,2026-07-26 12:25:50,v0.0.2,EDDL-LEPA,Morning
4090634734929111172,3c5ee1,EWG14BD ,2026-07-26 00:00:00,EDDL,LEPA,D-AGWA,A319 132,A319,GWI,2026-07-26 10:34:30,2026-07-26 12:36:05,v0.0.2,EDDL-LEPA,Morning
365521391059605844,3c56f6,EWG5Q   ,2026-07-26 00:00:00,EDDL,LEPA,D-AEWV,A320 214SL,A320,EWG,2026-07-26 11:52:00,2026-07-26 13:58:15,v0.0.2,EDDL-LEPA,Morning
2434071539623783026,3c4b4b,EWG4BN  ,2026-07-26 00:00:00,EDDL,LEPA,D-ABZK,A320 216,A320,EWG,2026-07-26 12:14:15,2026-07-26 14:16:45,v0.0.2,EDDL-LEPA,Afternoon
8881468258903373567,4d2414,EWG08X  ,2026-07-26 00:00:00,EDDL,LEPA,9H-EWB,Airbus A320-214,A320,EWG,2026-07-26 12:23:55,2026-07-26 14:22:00,v0.0.2,EDDL-LEPA,Afternoon
744067991206792747,4d239a,CXI507  ,2026-07-26 00:00:00,EDDL,LEPA,9H-CXD,,B738,,2026-07-26 14:13:15,2026-07-26 16:17:20,v0.0.2,EDDL-LEPA,Afternoon
-2982356631580195093,4d2352,CXI6F   ,2026-07-26 00:00:00,EDDL,LEPA,9H-TJF,,B738,,2026-07-26 14:15:20,2026-07-26 16:24:15,v0.0.2,EDDL-LEPA,Afternoon
7189033238109677224,3c5ee4,EWG12L  ,2026-07-26 00:00:00,EDDL,LEPA,D-AGWD,A319 132,A319,GWI,2026-07-26 14:24:30,2026-07-26 16:40:10,v0.0.2,EDDL-LEPA,Afternoon
-8185179266653654549,3c7982,CFG1TV  ,2026-07-26 00:00:00,EDDL,LEPA,,,,,2026-07-26 15:17:20,2026-07-26 17:31:45,v0.0.2,EDDL-LEPA,Afternoon
6374272121472593695,3c55c1,EWG5LP  ,2026-07-26 00:00:00,EDDL,LEPA,D-AENA,,A20N,,2026-07-26 15:21:55,2026-07-26 17:35:20,v0.0.2,EDDL-LEPA,Afternoon
-3282204615895766603,4d2014,EWG92K  ,2026-07-26 00:00:00,EDDL,LEPA,9H-EUM,Airbus A320-214,A320,EWG,2026-07-26 15:36:15,2026-07-26 17:54:40,v0.0.2,EDDL-LEPA,Afternoon
8388544606350231237,3c6421,CFG8XD  ,2026-07-26 00:00:00,EDDL,LEPA,D-AIAA,A321 211,A321,CFG,2026-07-26 15:38:30,2026-07-26 17:48:30,v0.0.2,EDDL-LEPA,Afternoon
8512488884301946842,3c79ba,CFG2YX  ,2026-07-26 00:00:00,EDDL,LEPA,D-ANMZ,Airbus A321-271NX,A21N,CFG,2026-07-26 16:15:45,2026-07-26 18:24:00,v0.0.2,EDDL-LEPA,Afternoon
-1241512955916793776,3c7983,CFG1ML  ,2026-07-27 00:00:00,EDDL,LEPA,,,,,2026-07-27 03:51:55,2026-07-27 05:52:40,v0.0.2,EDDL-LEPA,Night
-7982752360201476329,3c6421,CFG3FZ  ,2026-07-27 00:00:00,EDDL,LEPA,D-AIAA,A321 211,A321,CFG,2026-07-27 03:58:10,2026-07-27 05:59:10,v0.0.2,EDDL-LEPA,Night
-7623306359811337907,3c7428,TUI5HJ  ,2026-07-27 00:00:00,EDDL,LEPA,D-AMAH,Boeing 737 MAX 8,B38M,TUI,2026-07-27 04:02:50,2026-07-27 05:55:40,v0.0.2,EDDL-LEPA,Night
-1426328331284280730,3c56f3,EWG3MJ  ,2026-07-27 00:00:00,EDDL,LEPA,D-AEWS,A320 214SL,A320,EWG,2026-07-27 04:35:05,2026-07-27 06:33:00,v0.0.2,EDDL-LEPA,Night
387661843963868813,3c6490,EWG47E  ,2026-07-27 00:00:00,EDDL,LEPA,D-AIDP,A321 231,A321,DLH,2026-07-27 04:53:15,2026-07-27 06:43:45,v0.0.2,EDDL-LEPA,Night
-6375709722831994177,3c56f1,EWG4HM  ,2026-07-27 00:00:00,EDDL,LEPA,D-AEWQ,A320 214SL,A320,EWG,2026-07-27 06:05:35,2026-07-27 08:13:10,v0.0.2,EDDL-LEPA,Morning
-8897226212692070103,3c7877,CFG1CA  ,2026-07-27 00:00:00,EDDL,LEPA,,,,,2026-07-27 06:22:30,2026-07-27 08:15:25,v0.0.2,EDDL-LEPA,Morning
3156247604427404315,4d240c,EWG4EY  ,2026-07-27 00:00:00,EDDL,LEPA,9H-EUU,Airbus A320-214,A320,EWG,2026-07-27 08:18:00,2026-07-27 10:13:25,v0.0.2,EDDL-LEPA,Morning
-4491973810595093880,4d2087,EWG14BD ,2026-07-27 00:00:00,EDDL,LEPA,,,,,2026-07-27 10:44:10,2026-07-27 12:46:45,v0.0.2,EDDL-LEPA,Morning
-5426462890258028870,3c56f3,EWG5Q   ,2026-07-27 00:00:00,EDDL,LEPA,D-AEWS,A320 214SL,A320,EWG,2026-07-27 11:14:35,2026-07-27 13:07:45,v0.0.2,EDDL-LEPA,Morning
-6585498500755061322,4d216e,EWG6900 ,2026-07-27 00:00:00,EDDL,LEPA,9H-UTA,,CTLN,,2026-07-27 11:27:50,2026-07-27 13:19:45,v0.0.2,EDDL-LEPA,Morning
875761335805122150,3c6491,EWG12L  ,2026-07-27 00:00:00,EDDL,LEPA,D-AIDQ,A321 231,A321,DLH,2026-07-27 11:51:35,2026-07-27 13:59:55,v0.0.2,EDDL-LEPA,Morning
-6347617670534022285,4d2477,EWG5LP  ,2026-07-27 00:00:00,EDDL,LEPA,9H-SWA,Airbus A320-232,A320,VIV,2026-07-27 12:19:15,2026-07-27 14:20:05,v0.0.2,EDDL-LEPA,Afternoon
4878147488601587115,3c79c5,TUI5AL  ,2026-07-27 00:00:00,EDDL,LEPA,D-ANNE,,A320,,2026-07-27 12:27:25,2026-07-27 14:24:20,v0.0.2,EDDL-LEPA,Afternoon
4161852466846123013,511189,CFG6KH  ,2026-07-27 00:00:00,EDDL,LEPA,,,,,2026-07-27 14:06:20,2026-07-27 15:59:55,v0.0.2,EDDL-LEPA,Afternoon
1526925326519241255,4d239a,CXI6F   ,2026-07-27 00:00:00,EDDL,LEPA,9H-CXD,,B738,,2026-07-27 14:08:20,2026-07-27 15:59:55,v0.0.2,EDDL-LEPA,Afternoon
4676700916756124200,3c7989,CFG4JD  ,2026-07-27 00:00:00,EDDL,LEPA,,,,,2026-07-27 14:10:40,2026-07-27 16:12:20,v0.0.2,EDDL-LEPA,Afternoon
-1220442565170935711,511171,CFG1DK  ,2026-07-27 00:00:00,EDDL,LEPA,ES-MBB,Airbus A320-271N,A20N,MBU,2026-07-27 15:15:00,2026-07-27 17:14:15,v0.0.2,EDDL-LEPA,Afternoon
-3657879482016686629,3c4b4b,EWG92K  ,2026-07-27 00:00:00,EDDL,LEPA,D-ABZK,A320 216,A320,EWG,2026-07-27 16:05:05,2026-07-27 17:59:25,v0.0.2,EDDL-LEPA,Afternoon
-578698024086629721,3c6421,CFG7TE  ,2026-07-28 00:00:00,EDDL,LEPA,D-AIAA,A321 211,A321,CFG,2026-07-28 03:47:55,2026-07-28 05:59:55,v0.0.2,EDDL-LEPA,Night
2827313872397107531,3c7428,TUI5HJ  ,2026-07-28 00:00:00,EDDL,LEPA,D-AMAH,Boeing 737 MAX 8,B38M,TUI,2026-07-28 04:00:50,2026-07-28 05:59:55,v0.0.2,EDDL-LEPA,Night
-4891318444615049542,3c6490,EWG3MJ  ,2026-07-28 00:00:00,EDDL,LEPA,D-AIDP,A321 231,A321,DLH,2026-07-28 04:01:10,2026-07-28 06:09:20,v0.0.2,EDDL-LEPA,Night
3405643000934159031,511171,CFG2AT  ,2026-07-28 00:00:00,EDDL,LEPA,ES-MBB,Airbus A320-271N,A20N,MBU,2026-07-28 04:15:20,2026-07-28 06:24:30,v0.0.2,EDDL-LEPA,Night
-5283470929256223244,4d2418,EWG47E  ,2026-07-28 00:00:00,EDDL,LEPA,9H-EWH,,A320,,2026-07-28 04:46:15,2026-07-28 06:46:35,v0.0.2,EDDL-LEPA,Night
-1768824215367106681,3c79ba,CFG6YV  ,2026-07-28 00:00:00,EDDL,LEPA,D-ANMZ,Airbus A321-271NX,A21N,CFG,2026-07-28 06:36:20,2026-07-28 08:44:35,v0.0.2,EDDL-LEPA,Morning
2466930764975807487,3c56ee,EWG4HM  ,2026-07-28 00:00:00,EDDL,LEPA,D-AEWN,A320 214SL,A320,EWG,2026-07-28 09:11:45,2026-07-28 11:12:55,v0.0.2,EDDL-LEPA,Morning
-9167269848760838666,4d2477,EWG14BD ,2026-07-28 00:00:00,EDDL,LEPA,9H-SWA,Airbus A320-232,A320,VIV,2026-07-28 09:32:35,2026-07-28 11:32:50,v0.0.2,EDDL-LEPA,Morning
1153359310897007585,4d2405,EWG5Q   ,2026-07-28 00:00:00,EDDL,LEPA,9H-EUL,,A320,,2026-07-28 09:48:20,2026-07-28 11:51:50,v0.0.2,EDDL-LEPA,Morning
-1637022368056615661,4d2409,EWG4BN  ,2026-07-28 00:00:00,EDDL,LEPA,9H-EXQ,Airbus A319-132,A319,EWG,2026-07-28 10:38:50,2026-07-28 12:44:35,v0.0.2,EDDL-LEPA,Morning
-3928792210515415115,3c4b49,EWG5LP  ,2026-07-28 00:00:00,EDDL,LEPA,D-ABZI,A320 216,A320,BER,2026-07-28 12:29:35,2026-07-28 14:27:30,v0.0.2,EDDL-LEPA,Afternoon
-2819908490542068837,3c7981,CFG3AH  ,2026-07-28 00:00:00,EDDL,LEPA,,,,,2026-07-28 13:04:15,2026-07-28 15:06:10,v0.0.2,EDDL-LEPA,Afternoon
8814809313124394022,3c0ca3,TUI5AL  ,2026-07-28 00:00:00,EDDL,LEPA,D-ATUK,737NG 8K5/W,B738,TUI,2026-07-28 13:56:15,2026-07-28 15:58:45,v0.0.2,EDDL-LEPA,Afternoon
4611604385976265662,3c4b4b,EWG92K  ,2026-07-28 00:00:00,EDDL,LEPA,D-ABZK,A320 216,A320,EWG,2026-07-28 14:07:15,2026-07-28 16:12:30,v0.0.2,EDDL-LEPA,Afternoon
7208038563367634779,3c79ba,CFG8TC  ,2026-07-28 00:00:00,EDDL,LEPA,D-ANMZ,Airbus A321-271NX,A21N,CFG,2026-07-28 15:16:45,2026-07-28 17:14:10,v0.0.2,EDDL-LEPA,Afternoon
7094143680921251352,3c79b8,CFG4MF  ,2026-07-28 00:00:00,EDDL,LEPA,,,,,2026-07-28 15:18:10,2026-07-28 17:29:00,v0.0.2,EDDL-LEPA,Afternoon
-2193045581150404115,3c6422,CFG4WA  ,2026-07-29 00:00:00,EDDL,LEPA,D-AIAB,Airbus A321-211,A321,CFG,2026-07-29 03:58:15,2026-07-29 05:59:55,v0.0.2,EDDL-LEPA,Night
-6210563551322848130,3c0c9e,TUI5HJ  ,2026-07-29 00:00:00,EDDL,LEPA,D-ATUF,737NG 8K5/W,B738,TUI,2026-07-29 04:04:15,2026-07-29 06:10:30,v0.0.2,EDDL-LEPA,Night
-2443055517382230296,3c54a3,EWG3MJ  ,2026-07-29 00:00:00,EDDL,LEPA,D-AEEC,Airbus A321-251NX,A21N,EWG,2026-07-29 04:19:35,2026-07-29 06:16:30,v0.0.2,EDDL-LEPA,Night
-7325915892755779169,3c79b7,CFG4DE  ,2026-07-29 00:00:00,EDDL,LEPA,,,,,2026-07-29 06:37:55,2026-07-29 08:37:20,v0.0.2,EDDL-LEPA,Morning
7403999909258178946,3c5eeb,EWG6DH  ,2026-07-29 00:00:00,EDDL,LEPA,D-AGWK,Airbus A319 132,A319,GWI,2026-07-29 08:02:50,2026-07-29 09:59:55,v0.0.2,EDDL-LEPA,Morning
2406898532597803430,3c787a,CFG8CL  ,2026-07-29 00:00:00,EDDL,LEPA,D-ANCZ,Airbus A320-271N,A20N,CFG,2026-07-29 09:10:20,2026-07-29 11:05:40,v0.0.2,EDDL-LEPA,Morning
-5874958168394333185,3c5ee4,EWG47E  ,2026-07-29 00:00:00,EDDL,LEPA,D-AGWD,A319 132,A319,GWI,2026-07-29 10:38:35,2026-07-29 12:39:40,v0.0.2,EDDL-LEPA,Morning
5663835858078168548,4d2378,EWG4BN  ,2026-07-29 00:00:00,EDDL,LEPA,9H-AMV,,A320,,2026-07-29 11:02:00,2026-07-29 12:59:55,v0.0.2,EDDL-LEPA,Morning
5812465981029377156,4d2406,EWG5Q   ,2026-07-29 00:00:00,EDDL,LEPA,9H-EUR,,A320,,2026-07-29 12:13:20,2026-07-29 14:17:45,v0.0.2,EDDL-LEPA,Afternoon
-4138971981269206020,3c6490,EWG12L  ,2026-07-29 00:00:00,EDDL,LEPA,D-AIDP,A321 231,A321,DLH,2026-07-29 13:14:20,2026-07-29 15:10:00,v0.0.2,EDDL-LEPA,Afternoon
3265419680152213283,3c6422,CFG4AF  ,2026-07-29 00:00:00,EDDL,LEPA,D-AIAB,Airbus A321-211,A321,CFG,2026-07-29 13:40:30,2026-07-29 15:43:20,v0.0.2,EDDL-LEPA,Afternoon
6535655673451112473,3c79b7,CFG5CU  ,2026-07-29 00:00:00,EDDL,LEPA,,,,,2026-07-29 13:56:20,2026-07-29 15:59:55,v0.0.2,EDDL-LEPA,Afternoon
3079385601695623532,4d23c3,CXI6F   ,2026-07-29 00:00:00,EDDL,LEPA,9H-CXG,,B738,,2026-07-29 13:59:35,2026-07-29 15:58:50,v0.0.2,EDDL-LEPA,Afternoon
2196716343016113332,3c56ee,EWG5LP  ,2026-07-29 00:00:00,EDDL,LEPA,D-AEWN,A320 214SL,A320,EWG,2026-07-29 14:01:15,2026-07-29 16:11:45,v0.0.2,EDDL-LEPA,Afternoon
6567719580795690018,3c5ee5,EWG92K  ,2026-07-29 00:00:00,EDDL,LEPA,D-AGWE,Airbus A319 132,A319,GWI,2026-07-29 14:28:55,2026-07-29 16:27:20,v0.0.2,EDDL-LEPA,Afternoon
3971966771403075952,511189,CFG3AH  ,2026-07-29 00:00:00,EDDL,LEPA,,,,,2026-07-29 15:10:40,2026-07-29 17:09:10,v0.0.2,EDDL-LEPA,Afternoon
2331063890063989310,3c0d0c,TUI5AL  ,2026-07-29 00:00:00,EDDL,LEPA,D-ATYL,,B738,,2026-07-29 18:48:30,2026-07-29 20:47:05,v0.0.2,EDDL-LEPA,Evening
-8733448519039429249,3c6421,CFG8XZ  ,2026-07-30 00:00:00,EDDL,LEPA,D-AIAA,A321 211,A321,CFG,2026-07-30 03:52:45,2026-07-30 06:07:25,v0.0.2,EDDL-LEPA,Night
4968893689203192539,3c7982,CFG6AF  ,2026-07-30 00:00:00,EDDL,LEPA,,,,,2026-07-30 03:54:40,2026-07-30 05:59:55,v0.0.2,EDDL-LEPA,Night
-2581700749431563925,511189,CFG9TC  ,2026-07-30 00:00:00,EDDL,LEPA,,,,,2026-07-30 04:05:10,2026-07-30 06:14:35,v0.0.2,EDDL-LEPA,Night
-1141247187188916592,3c0ca3,TUI5HJ  ,2026-07-30 00:00:00,EDDL,LEPA,D-ATUK,737NG 8K5/W,B738,TUI,2026-07-30 04:14:35,2026-07-30 06:16:30,v0.0.2,EDDL-LEPA,Night
-3847076629072099579,3c49d4,EWG3MJ  ,2026-07-30 00:00:00,EDDL,LEPA,D-ABNT,A320 214,A320,EWG,2026-07-30 04:21:05,2026-07-30 06:22:50,v0.0.2,EDDL-LEPA,Night
-2754311148998424019,3c79b8,CFG9FH  ,2026-07-30 00:00:00,EDDL,LEPA,,,,,2026-07-30 06:20:45,2026-07-30 08:28:10,v0.0.2,EDDL-LEPA,Morning
-7960491057614998322,4d240d,EWG6DH  ,2026-07-30 00:00:00,EDDL,LEPA,9H-EUV,,A320,,2026-07-30 06:51:30,2026-07-30 08:59:55,v0.0.2,EDDL-LEPA,Morning
-4600757671552020321,3c49cb,EWG47E  ,2026-07-30 00:00:00,EDDL,LEPA,D-ABNK,A320 214,A320,EWG,2026-07-30 08:24:50,2026-07-30 10:29:45,v0.0.2,EDDL-LEPA,Morning
-2329076914650724314,459653,FXT42S  ,2026-07-30 00:00:00,EDDL,LEPA,,,,,2026-07-30 10:41:30,2026-07-30 13:10:20,v0.0.2,EDDL-LEPA,Morning
-1689278426353204088,3c48ee,EWG4HM  ,2026-07-30 00:00:00,EDDL,LEPA,D-ABGN,A319 112,A319,EWG,2026-07-30 10:43:50,2026-07-30 12:50:25,v0.0.2,EDDL-LEPA,Morning
-3463517588166616891,3c55c2,EWG14BD ,2026-07-30 00:00:00,EDDL,LEPA,D-AENB,,A20N,,2026-07-30 10:48:55,2026-07-30 12:55:25,v0.0.2,EDDL-LEPA,Morning
-6075655111691811629,4d240b,EWG4BN  ,2026-07-30 00:00:00,EDDL,LEPA,9H-EUT,Airbus A320-214,A320,EWG,2026-07-30 12:15:40,2026-07-30 14:20:35,v0.0.2,EDDL-LEPA,Afternoon
-8952072964412949838,4d2405,EWG5Q   ,2026-07-30 00:00:00,EDDL,LEPA,9H-EUL,,A320,,2026-07-30 12:59:20,2026-07-30 14:59:50,v0.0.2,EDDL-LEPA,Afternoon
-653706715159715028,3c496d,TUI5AL  ,2026-07-30 00:00:00,EDDL,LEPA,D-ABKM,737NG 86J/W,B738,BER,2026-07-30 14:11:05,2026-07-30 16:17:20,v0.0.2,EDDL-LEPA,Afternoon
5885750975473024479,3c54a3,EWG12L  ,2026-07-30 00:00:00,EDDL,LEPA,D-AEEC,Airbus A321-251NX,A21N,EWG,2026-07-30 14:23:55,2026-07-30 16:27:50,v0.0.2,EDDL-LEPA,Afternoon
2424441641366767052,3c79b8,CFG7XK  ,2026-07-30 00:00:00,EDDL,LEPA,,,,,2026-07-30 14:49:00,2026-07-30 16:58:00,v0.0.2,EDDL-LEPA,Afternoon
1249085868120814970,3c7982,CFG6XR  ,2026-07-30 00:00:00,EDDL,LEPA,,,,,2026-07-30 15:19:20,2026-07-30 17:23:05,v0.0.2,EDDL-LEPA,Afternoon
-1666975659285368287,3c6496,EWG92K  ,2026-07-30 00:00:00,EDDL,LEPA,D-AIDV,A321 231,A321,DLH,2026-07-30 15:33:25,2026-07-30 17:39:05,v0.0.2,EDDL-LEPA,Afternoon
3886267972772379504,3c49cb,EWG5LP  ,2026-07-30 00:00:00,EDDL,LEPA,D-ABNK,A320 214,A320,EWG,2026-07-30 15:36:45,2026-07-30 17:52:20,v0.0.2,EDDL-LEPA,Afternoon
5600431203747037850,511189,CFG5VF  ,2026-07-31 00:00:00,EDDL,LEPA,,,,,2026-07-31 03:50:25,2026-07-31 06:15:00,v0.0.2,EDDL-LEPA,Night
-8175079529587538876,3c79b9,CFG9YV  ,2026-07-31 00:00:00,EDDL,LEPA,,,,,2026-07-31 03:57:30,2026-07-31 06:11:30,v0.0.2,EDDL-LEPA,Night
-6612857537318493392,3c0ca3,TUI5HJ  ,2026-07-31 00:00:00,EDDL,LEPA,D-ATUK,737NG 8K5/W,B738,TUI,2026-07-31 04:13:05,2026-07-31 06:26:25,v0.0.2,EDDL-LEPA,Night
3250063122390190783,3c54a3,EWG3MJ  ,2026-07-31 00:00:00,EDDL,LEPA,D-AEEC,Airbus A321-251NX,A21N,EWG,2026-07-31 04:46:15,2026-07-31 06:58:40,v0.0.2,EDDL-LEPA,Night
4359712744829790531,3c55c9,EWG6DH  ,2026-07-31 00:00:00,EDDL,LEPA,D-AENI,Airbus A320-251N,A20N,EWG,2026-07-31 05:46:50,2026-07-31 07:50:35,v0.0.2,EDDL-LEPA,Morning
3693182601958465977,3c79b8,CFG4RT  ,2026-07-31 00:00:00,EDDL,LEPA,,,,,2026-07-31 05:48:35,2026-07-31 07:59:25,v0.0.2,EDDL-LEPA,Morning
1858115574471154176,3c5ee6,EWG47E  ,2026-07-31 00:00:00,EDDL,LEPA,D-AGWF,A319 132,A319,GWI,2026-07-31 09:02:00,2026-07-31 11:08:10,v0.0.2,EDDL-LEPA,Morning
-4234936415223670570,4d240f,EWG14BD ,2026-07-31 00:00:00,EDDL,LEPA,9H-EUX,,A320,,2026-07-31 09:45:40,2026-07-31 11:50:15,v0.0.2,EDDL-LEPA,Morning
7269484793184282314,4d240b,EWG12L  ,2026-07-31 00:00:00,EDDL,LEPA,9H-EUT,Airbus A320-214,A320,EWG,2026-07-31 11:32:30,2026-07-31 13:36:30,v0.0.2,EDDL-LEPA,Morning
-6796190302971850158,3c56ee,EWG5LP  ,2026-07-31 00:00:00,EDDL,LEPA,D-AEWN,A320 214SL,A320,EWG,2026-07-31 12:30:00,2026-07-31 14:33:50,v0.0.2,EDDL-LEPA,Afternoon
1037334283820134118,3c79b8,CFG8CW  ,2026-07-31 00:00:00,EDDL,LEPA,,,,,2026-07-31 13:01:30,2026-07-31 15:06:30,v0.0.2,EDDL-LEPA,Afternoon
4418721874663469569,3cd43b,HHN220  ,2026-07-31 00:00:00,EDDL,LEPA,D-CHRF,,C25B,,2026-07-31 13:11:10,2026-07-31 15:26:30,v0.0.2,EDDL-LEPA,Afternoon
1631317876337006282,3c5ee4,EWG08X  ,2026-07-31 00:00:00,EDDL,LEPA,D-AGWD,A319 132,A319,GWI,2026-07-31 13:46:15,2026-07-31 15:49:05,v0.0.2,EDDL-LEPA,Afternoon
3178617874726619526,4d23c3,CXI6F   ,2026-07-31 00:00:00,EDDL,LEPA,9H-CXG,,B738,,2026-07-31 14:57:30,2026-07-31 17:07:50,v0.0.2,EDDL-LEPA,Afternoon
7492558308997972813,3c4b45,EWG92K  ,2026-07-31 00:00:00,EDDL,LEPA,D-ABZE,A320 216,A320,EWG,2026-07-31 15:04:35,2026-07-31 17:16:30,v0.0.2,EDDL-LEPA,Afternoon
-5929650418235299507,3c7983,CFG9AT  ,2026-07-31 00:00:00,EDDL,LEPA,,,,,2026-07-31 15:15:35,2026-07-31 17:25:00,v0.0.2,EDDL-LEPA,Afternoon
-6451984176970897000,3c0c9e,TUI5AL  ,2026-07-31 00:00:00,EDDL,LEPA,D-ATUF,737NG 8K5/W,B738,TUI,2026-07-31 15:17:15,2026-07-31 17:23:30,v0.0.2,EDDL-LEPA,Afternoon
-5363823341239401360,3c79ba,CFG3LK  ,2026-07-31 00:00:00,EDDL,LEPA,D-ANMZ,Airbus A321-271NX,A21N,CFG,2026-07-31 15:29:40,2026-07-31 17:37:10,v0.0.2,EDDL-LEPA,Afternoon
-4152130533081769898,3c54a3,EWG7C   ,2026-07-01 00:00:00,EDDH,LEPA,D-AEEC,Airbus A321-251NX,A21N,EWG,2026-07-01 04:11:20,2026-07-01 06:34:05,v0.0.2,EDDH-LEPA,Night
6937375665900004629,511194,MBU3UM  ,2026-07-01 00:00:00,EDDH,LEPA,,,,,2026-07-01 04:18:25,2026-07-01 06:41:00,v0.0.2,EDDH-LEPA,Night
2692932433325210979,3c54a4,EWG1E   ,2026-07-01 00:00:00,EDDH,LEPA,D-AEED,Airbus A321-251NX,A21N,EWG,2026-07-01 05:12:35,2026-07-01 07:33:55,v0.0.2,EDDH-LEPA,Morning
5820077183060632838,3c54a3,EWG2V   ,2026-07-01 00:00:00,EDDH,LEPA,D-AEEC,Airbus A321-251NX,A21N,EWG,2026-07-01 11:59:55,2026-07-01 14:15:30,v0.0.2,EDDH-LEPA,Morning
4158014220880438570,511170,MBU6GN  ,2026-07-01 00:00:00,EDDH,LEPA,ES-MBA,Airbus A320-271N,A20N,MBU,2026-07-01 14:54:20,2026-07-01 17:20:25,v0.0.2,EDDH-LEPA,Afternoon
-7144058461508147630,3c48ea,EWG7PQ  ,2026-07-01 00:00:00,EDDH,LEPA,D-ABGJ,A319 112,A319,EWG,2026-07-01 15:21:35,2026-07-01 17:41:00,v0.0.2,EDDH-LEPA,Afternoon
-6651801848637582244,503d71,CFG5DL  ,2026-07-01 00:00:00,EDDH,LEPA,LY-NRU,,A320,,2026-07-01 17:08:00,2026-07-01 19:23:15,v0.0.2,EDDH-LEPA,Afternoon
8552105283164087201,4ca2d5,RYR99AK ,2026-07-01 00:00:00,EDDH,LEPA,EI-DLI,BOEING 737-8AS,B738,RYR,2026-07-01 20:54:50,2026-07-01 22:59:55,v0.0.2,EDDH-LEPA,Evening
-8051540533155687095,3c54a3,EWG7ER  ,2026-07-02 00:00:00,EDDH,LEPA,D-AEEC,Airbus A321-251NX,A21N,EWG,2026-07-02 04:27:10,2026-07-02 06:42:20,v0.0.2,EDDH-LEPA,Night
-7600745404296892446,511172,MBU3UM  ,2026-07-02 00:00:00,EDDH,LEPA,ES-MBC,Airbus A320-271N,A20N,MBU,2026-07-02 04:33:05,2026-07-02 06:59:20,v0.0.2,EDDH-LEPA,Night
4623902723869450535,3c5ee7,EWG7C   ,2026-07-02 00:00:00,EDDH,LEPA,D-AGWG,A319 132,A319,GWI,2026-07-02 04:34:45,2026-07-02 06:54:00,v0.0.2,EDDH-LEPA,Night
-1525411878489264525,3c54a4,EWG1E   ,2026-07-02 00:00:00,EDDH,LEPA,D-AEED,Airbus A321-251NX,A21N,EWG,2026-07-02 05:06:35,2026-07-02 07:25:05,v0.0.2,EDDH-LEPA,Morning
7787680821762031380,503e82,EWG2V   ,2026-07-02 00:00:00,EDDH,LEPA,LY-GYM,,A320,,2026-07-02 09:01:05,2026-07-02 11:18:50,v0.0.2,EDDH-LEPA,Morning
8793691005950547989,511188,MBU6GN  ,2026-07-02 00:00:00,EDDH,LEPA,,,,,2026-07-02 13:22:00,2026-07-02 15:41:50,v0.0.2,EDDH-LEPA,Afternoon
6006347344334471710,3c5ef6,EWG7PQ  ,2026-07-02 00:00:00,EDDH,LEPA,D-AGWV,A319 132,A319,EWG,2026-07-02 14:26:05,2026-07-02 16:42:55,v0.0.2,EDDH-LEPA,Afternoon
6940109338493241109,3c5ee5,EWG7NB  ,2026-07-02 00:00:00,EDDH,LEPA,D-AGWE,Airbus A319 132,A319,GWI,2026-07-02 14:49:05,2026-07-02 16:59:55,v0.0.2,EDDH-LEPA,Afternoon
-5432256608509822067,503e44,CFG9VA  ,2026-07-02 00:00:00,EDDH,LEPA,LY-VUT,,A320,,2026-07-02 17:01:35,2026-07-02 19:22:20,v0.0.2,EDDH-LEPA,Afternoon
3438934762855658592,4caa60,RYR99AK ,2026-07-02 00:00:00,EDDH,LEPA,EI-EXE,BOEING 737-8AS,B738,RYR,2026-07-02 19:36:30,2026-07-02 21:56:15,v0.0.2,EDDH-LEPA,Evening
-7230573603800027497,503e9b,EWG7C   ,2026-07-03 00:00:00,EDDH,LEPA,LY-WIL,A320-214,A320,VLG,2026-07-03 04:02:20,2026-07-03 06:28:05,v0.0.2,EDDH-LEPA,Night
2719689082864749366,511170,MBU3UM  ,2026-07-03 00:00:00,EDDH,LEPA,ES-MBA,Airbus A320-271N,A20N,MBU,2026-07-03 04:06:15,2026-07-03 06:37:00,v0.0.2,EDDH-LEPA,Night
8034788601687554313,3c54a3,EWG7ER  ,2026-07-03 00:00:00,EDDH,LEPA,D-AEEC,Airbus A321-251NX,A21N,EWG,2026-07-03 04:21:35,2026-07-03 06:47:50,v0.0.2,EDDH-LEPA,Night
-7016221381439670966,3c5ee4,EWG7NB  ,2026-07-03 00:00:00,EDDH,LEPA,D-AGWD,A319 132,A319,GWI,2026-07-03 04:35:30,2026-07-03 06:54:10,v0.0.2,EDDH-LEPA,Night
4459836781443514229,3c6495,EWG2V   ,2026-07-03 00:00:00,EDDH,LEPA,D-AIDU,A321 231,A321,DLH,2026-07-03 06:52:55,2026-07-03 09:19:35,v0.0.2,EDDH-LEPA,Morning
-7251677790105839208,4caa60,RYR99AK ,2026-07-03 00:00:00,EDDH,LEPA,EI-EXE,BOEING 737-8AS,B738,RYR,2026-07-03 08:18:00,2026-07-03 10:41:00,v0.0.2,EDDH-LEPA,Morning
6410221950726845763,503e9a,EWG7PQ  ,2026-07-03 00:00:00,EDDH,LEPA,LY-WIZ,Airbus A320-232,A320,GJT,2026-07-03 10:14:10,2026-07-03 12:39:40,v0.0.2,EDDH-LEPA,Morning
6508677881722234539,511194,MBU6GN  ,2026-07-03 00:00:00,EDDH,LEPA,,,,,2026-07-03 13:51:05,2026-07-03 16:21:00,v0.0.2,EDDH-LEPA,Afternoon
7593252790877210178,503d71,CFG5AV  ,2026-07-03 00:00:00,EDDH,LEPA,LY-NRU,,A320,,2026-07-03 17:35:15,2026-07-03 19:58:45,v0.0.2,EDDH-LEPA,Afternoon
-6190112800012815735,511188,MBU3UM  ,2026-07-04 00:00:00,EDDH,LEPA,,,,,2026-07-04 04:16:55,2026-07-04 06:40:35,v0.0.2,EDDH-LEPA,Night
-6747850525495375394,3c6495,EWG7C   ,2026-07-04 00:00:00,EDDH,LEPA,D-AIDU,A321 231,A321,DLH,2026-07-04 04:27:40,2026-07-04 06:52:00,v0.0.2,EDDH-LEPA,Night
6523120132927021442,3c54a3,EWG7ER  ,2026-07-04 00:00:00,EDDH,LEPA,D-AEEC,Airbus A321-251NX,A21N,EWG,2026-07-04 05:12:55,2026-07-04 07:35:25,v0.0.2,EDDH-LEPA,Morning
8028087902616713462,503d40,EWG1E   ,2026-07-04 00:00:00,EDDH,LEPA,LY-FAS,,A320,,2026-07-04 09:22:25,2026-07-04 11:46:55,v0.0.2,EDDH-LEPA,Morning
-6503160601495567258,511194,MBU6GN  ,2026-07-04 00:00:00,EDDH,LEPA,,,,,2026-07-04 12:49:50,2026-07-04 15:15:25,v0.0.2,EDDH-LEPA,Afternoon
5576106326070742674,3c5ee1,EWG7PQ  ,2026-07-04 00:00:00,EDDH,LEPA,D-AGWA,A319 132,A319,GWI,2026-07-04 13:15:30,2026-07-04 15:39:30,v0.0.2,EDDH-LEPA,Afternoon
236268811704997237,3c5ee7,EWG2V   ,2026-07-04 00:00:00,EDDH,LEPA,D-AGWG,A319 132,A319,GWI,2026-07-04 13:46:15,2026-07-04 15:59:55,v0.0.2,EDDH-LEPA,Afternoon
-6337510187092452720,3c55c2,EWG8JQ  ,2026-07-04 00:00:00,EDDH,LEPA,D-AENB,,A20N,,2026-07-04 13:53:20,2026-07-04 16:20:10,v0.0.2,EDDH-LEPA,Afternoon
9024612196963974824,503e9b,EWG7NB  ,2026-07-04 00:00:00,EDDH,LEPA,LY-WIL,A320-214,A320,VLG,2026-07-04 14:36:00,2026-07-04 16:57:10,v0.0.2,EDDH-LEPA,Afternoon
-3289616216130210098,503e44,CFG8HF  ,2026-07-04 00:00:00,EDDH,LEPA,LY-VUT,,A320,,2026-07-04 17:35:30,2026-07-04 19:50:30,v0.0.2,EDDH-LEPA,Afternoon
-3678191848456731728,4ca25b,RYR99AK ,2026-07-04 00:00:00,EDDH,LEPA,EI-DHF,BOEING 737-8AS,B738,RYR,2026-07-04 19:20:30,2026-07-04 21:36:35,v0.0.2,EDDH-LEPA,Evening
6529532160502219379,3c5ee6,EWG7C   ,2026-07-05 00:00:00,EDDH,LEPA,D-AGWF,A319 132,A319,GWI,2026-07-05 04:00:40,2026-07-05 06:23:55,v0.0.2,EDDH-LEPA,Night
-2800245401009354691,511194,MBU3UM  ,2026-07-05 00:00:00,EDDH,LEPA,,,,,2026-07-05 04:05:10,2026-07-05 06:31:50,v0.0.2,EDDH-LEPA,Night
-8132469335295184399,3c54a3,EWG7ER  ,2026-07-05 00:00:00,EDDH,LEPA,D-AEEC,Airbus A321-251NX,A21N,EWG,2026-07-05 04:22:45,2026-07-05 06:45:15,v0.0.2,EDDH-LEPA,Night
6940725275783440236,503d48,EWG1E   ,2026-07-05 00:00:00,EDDH,LEPA,,,,,2026-07-05 06:06:35,2026-07-05 08:37:15,v0.0.2,EDDH-LEPA,Morning
4994243525141858982,4caa60,RYR99AK ,2026-07-05 00:00:00,EDDH,LEPA,EI-EXE,BOEING 737-8AS,B738,RYR,2026-07-05 07:27:10,2026-07-05 09:48:30,v0.0.2,EDDH-LEPA,Morning
-1481864007794436339,503e9a,EWG2V   ,2026-07-05 00:00:00,EDDH,LEPA,LY-WIZ,Airbus A320-232,A320,GJT,2026-07-05 11:19:30,2026-07-05 13:35:30,v0.0.2,EDDH-LEPA,Morning
1066419316267199821,511172,MBU6GN  ,2026-07-05 00:00:00,EDDH,LEPA,ES-MBC,Airbus A320-271N,A20N,MBU,2026-07-05 12:48:00,2026-07-05 14:59:55,v0.0.2,EDDH-LEPA,Afternoon
5677404872587239489,3c6495,EWG7NB  ,2026-07-05 00:00:00,EDDH,LEPA,D-AIDU,A321 231,A321,DLH,2026-07-05 13:37:20,2026-07-05 15:51:45,v0.0.2,EDDH-LEPA,Afternoon
8728355971226177538,3c55c2,EWG7PQ  ,2026-07-05 00:00:00,EDDH,LEPA,D-AENB,,A20N,,2026-07-05 14:28:25,2026-07-05 16:49:45,v0.0.2,EDDH-LEPA,Afternoon
-1064231966313097922,503d71,CFG4WL  ,2026-07-05 00:00:00,EDDH,LEPA,LY-NRU,,A320,,2026-07-05 17:08:25,2026-07-05 19:28:10,v0.0.2,EDDH-LEPA,Afternoon
721037173319255255,511188,MBU3UM  ,2026-07-06 00:00:00,EDDH,LEPA,,,,,2026-07-06 04:01:45,2026-07-06 06:20:15,v0.0.2,EDDH-LEPA,Night
-4295585137950140402,3c55c2,EWG7C   ,2026-07-06 00:00:00,EDDH,LEPA,D-AENB,,A20N,,2026-07-06 04:07:05,2026-07-06 06:21:35,v0.0.2,EDDH-LEPA,Night
-5328905448987633345,3c54a3,EWG7ER  ,2026-07-06 00:00:00,EDDH,LEPA,D-AEEC,Airbus A321-251NX,A21N,EWG,2026-07-06 05:40:50,2026-07-06 07:55:30,v0.0.2,EDDH-LEPA,Morning
7822616521552278921,3c5ef6,EWG7592 ,2026-07-06 00:00:00,EDDH,LEPA,D-AGWV,A319 132,A319,EWG,2026-07-06 07:29:10,2026-07-06 09:46:15,v0.0.2,EDDH-LEPA,Morning
-5680729195348548721,503e9a,EWG1E   ,2026-07-06 00:00:00,EDDH,LEPA,LY-WIZ,Airbus A320-232,A320,GJT,2026-07-06 09:50:00,2026-07-06 12:11:40,v0.0.2,EDDH-LEPA,Morning
6891213708746254256,3c5ee2,EWG7PQ  ,2026-07-06 00:00:00,EDDH,LEPA,D-AGWB,A319 132,A319,GWI,2026-07-06 13:29:45,2026-07-06 15:41:00,v0.0.2,EDDH-LEPA,Afternoon
-1862097908530806514,511172,MBU6GN  ,2026-07-06 00:00:00,EDDH,LEPA,ES-MBC,Airbus A320-271N,A20N,MBU,2026-07-06 14:05:40,2026-07-06 16:20:25,v0.0.2,EDDH-LEPA,Afternoon
-1548946953910147021,3c5ee7,EWG7NB  ,2026-07-06 00:00:00,EDDH,LEPA,D-AGWG,A319 132,A319,GWI,2026-07-06 14:09:40,2026-07-06 16:26:40,v0.0.2,EDDH-LEPA,Afternoon
-8228427138302981582,3c5ef6,EWG2V   ,2026-07-06 00:00:00,EDDH,LEPA,D-AGWV,A319 132,A319,EWG,2026-07-06 14:33:45,2026-07-06 16:47:50,v0.0.2,EDDH-LEPA,Afternoon
-716238003377364096,503e44,CFG9VA  ,2026-07-06 00:00:00,EDDH,LEPA,LY-VUT,,A320,,2026-07-06 17:06:20,2026-07-06 19:21:50,v0.0.2,EDDH-LEPA,Afternoon
-530833220575636483,4ca6a4,RYR99AK ,2026-07-06 00:00:00,EDDH,LEPA,EI-DYO,BOEING 737-8AS,B738,RYR,2026-07-06 19:23:15,2026-07-06 21:35:50,v0.0.2,EDDH-LEPA,Evening
-3008682899669462574,511170,MBU3UM  ,2026-07-07 00:00:00,EDDH,LEPA,ES-MBA,Airbus A320-271N,A20N,MBU,2026-07-07 04:07:55,2026-07-07 06:22:05,v0.0.2,EDDH-LEPA,Night
-4739514919055551687,3c54a3,EWG7C   ,2026-07-07 00:00:00,EDDH,LEPA,D-AEEC,Airbus A321-251NX,A21N,EWG,2026-07-07 04:39:15,2026-07-07 06:50:15,v0.0.2,EDDH-LEPA,Night
-5141603238860475523,503e9a,EWG7ER  ,2026-07-07 00:00:00,EDDH,LEPA,LY-WIZ,Airbus A320-232,A320,GJT,2026-07-07 10:51:35,2026-07-07 13:07:05,v0.0.2,EDDH-LEPA,Morning
7402202267801312366,3c54a3,EWG2V   ,2026-07-07 00:00:00,EDDH,LEPA,D-AEEC,Airbus A321-251NX,A21N,EWG,2026-07-07 13:14:15,2026-07-07 15:30:40,v0.0.2,EDDH-LEPA,Afternoon
-1842617673783287082,3c48ea,EWG7NB  ,2026-07-07 00:00:00,EDDH,LEPA,D-ABGJ,A319 112,A319,EWG,2026-07-07 13:56:15,2026-07-07 16:09:45,v0.0.2,EDDH-LEPA,Afternoon
-1803649559263985919,51119a,MBU6GN  ,2026-07-07 00:00:00,EDDH,LEPA,,,,,2026-07-07 14:13:35,2026-07-07 16:30:30,v0.0.2,EDDH-LEPA,Afternoon
-2160032207033213477,4d2006,EWG08CB ,2026-07-07 00:00:00,EDDH,LEPA,9H-EUP,Airbus A320-214,A320,EWG,2026-07-07 16:59:35,2026-07-07 19:10:55,v0.0.2,EDDH-LEPA,Afternoon
-1827085606057360993,503d71,CFG2TU  ,2026-07-07 00:00:00,EDDH,LEPA,LY-NRU,,A320,,2026-07-07 17:10:00,2026-07-07 19:22:15,v0.0.2,EDDH-LEPA,Afternoon
7259614504664250692,4d22ca,RYR7184 ,2026-07-07 00:00:00,EDDH,LEPA,9H-LMT,,A320,,2026-07-07 18:17:05,2026-07-07 20:39:55,v0.0.2,EDDH-LEPA,Evening
4994237508331502580,511188,MBU3UM  ,2026-07-08 00:00:00,EDDH,LEPA,,,,,2026-07-08 04:07:00,2026-07-08 06:22:50,v0.0.2,EDDH-LEPA,Night
2601413522484681706,3c54a3,EWG7C   ,2026-07-08 00:00:00,EDDH,LEPA,D-AEEC,Airbus A321-251NX,A21N,EWG,2026-07-08 04:23:45,2026-07-08 06:32:55,v0.0.2,EDDH-LEPA,Night
-2914647007968099429,503d40,EWG7ER  ,2026-07-08 00:00:00,EDDH,LEPA,LY-FAS,,A320,,2026-07-08 04:55:45,2026-07-08 07:13:20,v0.0.2,EDDH-LEPA,Night
-1193854746159424638,3c54a4,EWG1E   ,2026-07-08 00:00:00,EDDH,LEPA,D-AEED,Airbus A321-251NX,A21N,EWG,2026-07-08 05:09:00,2026-07-08 07:25:55,v0.0.2,EDDH-LEPA,Morning
7393301863957382283,3c54a3,EWG2V   ,2026-07-08 00:00:00,EDDH,LEPA,D-AEEC,Airbus A321-251NX,A21N,EWG,2026-07-08 11:45:00,2026-07-08 13:54:45,v0.0.2,EDDH-LEPA,Morning
5325676612334547546,3c5ee5,EWG7PQ  ,2026-07-08 00:00:00,EDDH,LEPA,D-AGWE,Airbus A319 132,A319,GWI,2026-07-08 14:04:15,2026-07-08 16:14:55,v0.0.2,EDDH-LEPA,Afternoon
-3638737140813350476,51118a,MBU6GN  ,2026-07-08 00:00:00,EDDH,LEPA,,,,,2026-07-08 14:24:45,2026-07-08 16:40:15,v0.0.2,EDDH-LEPA,Afternoon
-6503197425971194827,503e44,CFG5DL  ,2026-07-08 00:00:00,EDDH,LEPA,LY-VUT,,A320,,2026-07-08 17:05:45,2026-07-08 19:19:40,v0.0.2,EDDH-LEPA,Afternoon
5345354774640739155,4ca8af,RYR99AK ,2026-07-08 00:00:00,EDDH,LEPA,EI-EGD,BOEING 737-8AS,B738,RYR,2026-07-08 19:47:30,2026-07-08 21:59:05,v0.0.2,EDDH-LEPA,Evening
-3362316465411564945,51118a,MBU3UM  ,2026-07-09 00:00:00,EDDH,LEPA,,,,,2026-07-09 04:06:10,2026-07-09 06:37:20,v0.0.2,EDDH-LEPA,Night
-938422095481892532,503eb3,EWG7ER  ,2026-07-09 00:00:00,EDDH,LEPA,LY-CAP,Airbus A320-214,A320,GJT,2026-07-09 04:37:15,2026-07-09 06:54:45,v0.0.2,EDDH-LEPA,Night
6276063281537286729,3c55c3,EWG7C   ,2026-07-09 00:00:00,EDDH,LEPA,D-AENC,,A20N,,2026-07-09 04:57:05,2026-07-09 07:10:00,v0.0.2,EDDH-LEPA,Night
-5645945710433543267,3c54a3,EWG1E   ,2026-07-09 00:00:00,EDDH,LEPA,D-AEEC,Airbus A321-251NX,A21N,EWG,2026-07-09 05:12:30,2026-07-09 07:23:50,v0.0.2,EDDH-LEPA,Morning
4119924666972329234,4d2414,EWG08CB ,2026-07-09 00:00:00,EDDH,LEPA,9H-EWB,Airbus A320-214,A320,EWG,2026-07-09 07:27:35,2026-07-09 09:50:30,v0.0.2,EDDH-LEPA,Morning
1643550740885242407,503d40,EWG2V   ,2026-07-09 00:00:00,EDDH,LEPA,LY-FAS,,A320,,2026-07-09 08:59:45,2026-07-09 11:20:55,v0.0.2,EDDH-LEPA,Morning
370952984655559351,51119a,MBU6GN  ,2026-07-09 00:00:00,EDDH,LEPA,,,,,2026-07-09 13:49:10,2026-07-09 16:06:20,v0.0.2,EDDH-LEPA,Afternoon
2764079523591292906,503e9b,EWG7PQ  ,2026-07-09 00:00:00,EDDH,LEPA,LY-WIL,A320-214,A320,VLG,2026-07-09 14:35:00,2026-07-09 16:52:05,v0.0.2,EDDH-LEPA,Afternoon
8716220868618489734,503e9a,EWG7NB  ,2026-07-09 00:00:00,EDDH,LEPA,LY-WIZ,Airbus A320-232,A320,GJT,2026-07-09 14:41:00,2026-07-09 17:11:10,v0.0.2,EDDH-LEPA,Afternoon
-1033282809771071637,503d71,CFG9VA  ,2026-07-09 00:00:00,EDDH,LEPA,LY-NRU,,A320,,2026-07-09 17:09:15,2026-07-09 19:35:30,v0.0.2,EDDH-LEPA,Afternoon
8260498366296666649,4d21ee,RYR99AK ,2026-07-09 00:00:00,EDDH,LEPA,9H-QAF,Boeing 737-8AS (W),B738,RYR,2026-07-09 19:20:50,2026-07-09 21:34:15,v0.0.2,EDDH-LEPA,Evening
3201873886103873253,511170,MBU3UM  ,2026-07-10 00:00:00,EDDH,LEPA,ES-MBA,Airbus A320-271N,A20N,MBU,2026-07-10 04:07:55,2026-07-10 06:37:45,v0.0.2,EDDH-LEPA,Night
1758527988860326356,3c5ee5,EWG7C   ,2026-07-10 00:00:00,EDDH,LEPA,D-AGWE,Airbus A319 132,A319,GWI,2026-07-10 04:09:40,2026-07-10 06:27:15,v0.0.2,EDDH-LEPA,Night
7557009999857887168,3c55c7,EWG7NB  ,2026-07-10 00:00:00,EDDH,LEPA,D-AENG,,A20N,,2026-07-10 04:16:25,2026-07-10 06:36:00,v0.0.2,EDDH-LEPA,Night
9097262180000979630,3c5eef,EWG7ER  ,2026-07-10 00:00:00,EDDH,LEPA,D-AGWO,A319 132,A319,GWI,2026-07-10 04:36:20,2026-07-10 06:55:20,v0.0.2,EDDH-LEPA,Night
1483443191674419655,3c54a4,EWG1E   ,2026-07-10 00:00:00,EDDH,LEPA,D-AEED,Airbus A321-251NX,A21N,EWG,2026-07-10 05:13:00,2026-07-10 07:38:20,v0.0.2,EDDH-LEPA,Morning
-697182435439395408,3c54a3,EWG2V   ,2026-07-10 00:00:00,EDDH,LEPA,D-AEEC,Airbus A321-251NX,A21N,EWG,2026-07-10 06:29:40,2026-07-10 08:46:45,v0.0.2,EDDH-LEPA,Morning
303237607221606705,4ca8af,RYR99AK ,2026-07-10 00:00:00,EDDH,LEPA,EI-EGD,BOEING 737-8AS,B738,RYR,2026-07-10 08:14:40,2026-07-10 10:38:00,v0.0.2,EDDH-LEPA,Morning
7338532764993170009,503e9b,EWG7PQ  ,2026-07-10 00:00:00,EDDH,LEPA,LY-WIL,A320-214,A320,VLG,2026-07-10 10:42:05,2026-07-10 13:15:05,v0.0.2,EDDH-LEPA,Morning
-3755756552452874121,511188,MBU6GN  ,2026-07-10 00:00:00,EDDH,LEPA,,,,,2026-07-10 13:43:25,2026-07-10 16:06:55,v0.0.2,EDDH-LEPA,Afternoon
-1820124134026585887,503e44,CFG5AV  ,2026-07-10 00:00:00,EDDH,LEPA,LY-VUT,,A320,,2026-07-10 17:04:30,2026-07-10 19:24:00,v0.0.2,EDDH-LEPA,Afternoon
5829321985516509549,3c54a3,EWG7C   ,2026-07-11 00:00:00,EDDH,LEPA,D-AEEC,Airbus A321-251NX,A21N,EWG,2026-07-11 04:11:50,2026-07-11 06:34:30,v0.0.2,EDDH-LEPA,Night
-3347175917549370641,51119a,MBU3UM  ,2026-07-11 00:00:00,EDDH,LEPA,,,,,2026-07-11 04:15:05,2026-07-11 06:42:20,v0.0.2,EDDH-LEPA,Night
-4590616095362261430,3c54a4,EWG7ER  ,2026-07-11 00:00:00,EDDH,LEPA,D-AEED,Airbus A321-251NX,A21N,EWG,2026-07-11 05:16:25,2026-07-11 07:37:25,v0.0.2,EDDH-LEPA,Morning
-8501977199838671121,3cd850,LUA356J ,2026-07-11 00:00:00,EDDH,LEPA,,,,,2026-07-11 08:18:45,2026-07-11 10:42:35,v0.0.2,EDDH-LEPA,Morning
-2140354901193984311,503e9a,EWG1E   ,2026-07-11 00:00:00,EDDH,LEPA,LY-WIZ,Airbus A320-232,A320,GJT,2026-07-11 09:25:15,2026-07-11 11:43:10,v0.0.2,EDDH-LEPA,Morning
7728858104230918083,511188,MBU6GN  ,2026-07-11 00:00:00,EDDH,LEPA,,,,,2026-07-11 12:41:40,2026-07-11 15:24:15,v0.0.2,EDDH-LEPA,Afternoon
8822297005891026674,503d48,EWG7PQ  ,2026-07-11 00:00:00,EDDH,LEPA,,,,,2026-07-11 13:13:20,2026-07-11 15:39:20,v0.0.2,EDDH-LEPA,Afternoon
-4239906149095045994,3c55c7,EWG8JQ  ,2026-07-11 00:00:00,EDDH,LEPA,D-AENG,,A20N,,2026-07-11 13:26:35,2026-07-11 15:45:40,v0.0.2,EDDH-LEPA,Afternoon
6046150260755127230,3c5eeb,EWG2V   ,2026-07-11 00:00:00,EDDH,LEPA,D-AGWK,Airbus A319 132,A319,GWI,2026-07-11 13:41:00,2026-07-11 15:59:55,v0.0.2,EDDH-LEPA,Afternoon
-4781256918731975946,503cf5,EWG7NB  ,2026-07-11 00:00:00,EDDH,LEPA,,,,,2026-07-11 14:45:10,2026-07-11 17:05:15,v0.0.2,EDDH-LEPA,Afternoon
-633879713212413517,503d71,CFG8HF  ,2026-07-11 00:00:00,EDDH,LEPA,LY-NRU,,A320,,2026-07-11 17:15:20,2026-07-11 19:39:35,v0.0.2,EDDH-LEPA,Afternoon
1253153902286936051,4ca6a4,RYR99AK ,2026-07-11 00:00:00,EDDH,LEPA,EI-DYO,BOEING 737-8AS,B738,RYR,2026-07-11 20:07:20,2026-07-11 22:28:20,v0.0.2,EDDH-LEPA,Evening
-2187906598427621023,51119a,MBU3UM  ,2026-07-12 00:00:00,EDDH,LEPA,,,,,2026-07-12 04:03:20,2026-07-12 06:29:50,v0.0.2,EDDH-LEPA,Night
4063501818256968538,3c5eef,EWG7C   ,2026-07-12 00:00:00,EDDH,LEPA,D-AGWO,A319 132,A319,GWI,2026-07-12 04:06:25,2026-07-12 06:37:05,v0.0.2,EDDH-LEPA,Night
-8027838459638211612,3c54a4,EWG7ER  ,2026-07-12 00:00:00,EDDH,LEPA,D-AEED,Airbus A321-251NX,A21N,EWG,2026-07-12 04:23:10,2026-07-12 06:53:40,v0.0.2,EDDH-LEPA,Night
-6190222605906990164,503d40,EWG1E   ,2026-07-12 00:00:00,EDDH,LEPA,LY-FAS,,A320,,2026-07-12 06:08:25,2026-07-12 08:36:10,v0.0.2,EDDH-LEPA,Morning
4351810417070398862,4d224d,RYR99AK ,2026-07-12 00:00:00,EDDH,LEPA,9H-QEL,,B738,,2026-07-12 07:14:30,2026-07-12 09:41:15,v0.0.2,EDDH-LEPA,Morning
-6144910130367187534,503e9b,EWG2V   ,2026-07-12 00:00:00,EDDH,LEPA,LY-WIL,A320-214,A320,VLG,2026-07-12 11:19:20,2026-07-12 13:45:45,v0.0.2,EDDH-LEPA,Morning
-2865979106797544459,511194,MBU6GN  ,2026-07-12 00:00:00,EDDH,LEPA,,,,,2026-07-12 13:22:10,2026-07-12 15:51:45,v0.0.2,EDDH-LEPA,Afternoon
-3920570229984301093,3c54a2,EWG7NB  ,2026-07-12 00:00:00,EDDH,LEPA,D-AEEB,Airbus A321-251NX,A21N,EWG,2026-07-12 14:02:30,2026-07-12 16:35:05,v0.0.2,EDDH-LEPA,Afternoon
7897708224541559215,3c55c3,EWG7PQ  ,2026-07-12 00:00:00,EDDH,LEPA,D-AENC,,A20N,,2026-07-12 14:28:40,2026-07-12 16:54:55,v0.0.2,EDDH-LEPA,Afternoon
-8204326340182873694,503e44,CFG4WL  ,2026-07-12 00:00:00,EDDH,LEPA,LY-VUT,,A320,,2026-07-12 16:57:30,2026-07-12 19:27:15,v0.0.2,EDDH-LEPA,Afternoon
5181038732795809677,3c55c7,EWG7C   ,2026-07-13 00:00:00,EDDH,LEPA,D-AENG,,A20N,,2026-07-13 03:24:15,2026-07-13 06:45:45,v0.0.2,EDDH-LEPA,Night
-8265812267603869015,511194,MBU3UM  ,2026-07-13 00:00:00,EDDH,LEPA,,,,,2026-07-13 04:06:25,2026-07-13 06:49:10,v0.0.2,EDDH-LEPA,Night
-5023823828003320197,503eb3,EWG7ER  ,2026-07-13 00:00:00,EDDH,LEPA,LY-CAP,Airbus A320-214,A320,GJT,2026-07-13 05:39:10,2026-07-13 08:07:15,v0.0.2,EDDH-LEPA,Morning
-5855380865843042516,3c5eef,EWG7592 ,2026-07-13 00:00:00,EDDH,LEPA,D-AGWO,A319 132,A319,GWI,2026-07-13 07:29:20,2026-07-13 10:06:15,v0.0.2,EDDH-LEPA,Morning
3070936645434210197,503cf5,EWG1E   ,2026-07-13 00:00:00,EDDH,LEPA,,,,,2026-07-13 10:00:30,2026-07-13 12:24:00,v0.0.2,EDDH-LEPA,Morning
4841549968125485619,3c5ee2,EWG7PQ  ,2026-07-13 00:00:00,EDDH,LEPA,D-AGWB,A319 132,A319,GWI,2026-07-13 13:39:05,2026-07-13 16:07:50,v0.0.2,EDDH-LEPA,Afternoon
-7799430412520051606,51118a,MBU6GN  ,2026-07-13 00:00:00,EDDH,LEPA,,,,,2026-07-13 13:49:35,2026-07-13 16:14:10,v0.0.2,EDDH-LEPA,Afternoon
-6446018684798652390,3c5eeb,EWG7NB  ,2026-07-13 00:00:00,EDDH,LEPA,D-AGWK,Airbus A319 132,A319,GWI,2026-07-13 14:00:15,2026-07-13 16:25:05,v0.0.2,EDDH-LEPA,Afternoon
-1094056471017817299,3c5eef,EWG2V   ,2026-07-13 00:00:00,EDDH,LEPA,D-AGWO,A319 132,A319,GWI,2026-07-13 14:37:30,2026-07-13 16:59:55,v0.0.2,EDDH-LEPA,Afternoon
-8573035177739867667,503d71,CFG9VA  ,2026-07-13 00:00:00,EDDH,LEPA,LY-NRU,,A320,,2026-07-13 17:18:00,2026-07-13 19:43:40,v0.0.2,EDDH-LEPA,Afternoon
-2594545197391587374,4cac7f,RYR99AK ,2026-07-13 00:00:00,EDDH,LEPA,EI-HMS,,B38M,,2026-07-13 20:27:40,2026-07-13 22:56:55,v0.0.2,EDDH-LEPA,Evening
4944560557148001629,511188,MBU3UM  ,2026-07-14 00:00:00,EDDH,LEPA,,,,,2026-07-14 04:10:25,2026-07-14 06:33:15,v0.0.2,EDDH-LEPA,Night
-5954246771365023898,3c4906,EWG7C   ,2026-07-14 00:00:00,EDDH,LEPA,D-ABHF,A320 214,A320,EWG,2026-07-14 04:53:15,2026-07-14 07:24:45,v0.0.2,EDDH-LEPA,Night
-2487543779163891173,503e9b,EWG7ER  ,2026-07-14 00:00:00,EDDH,LEPA,LY-WIL,A320-214,A320,VLG,2026-07-14 11:12:40,2026-07-14 13:49:35,v0.0.2,EDDH-LEPA,Morning
8352865414066262667,3c54a4,EWG2V   ,2026-07-14 00:00:00,EDDH,LEPA,D-AEED,Airbus A321-251NX,A21N,EWG,2026-07-14 13:10:40,2026-07-14 15:39:45,v0.0.2,EDDH-LEPA,Afternoon
-7951806803072352820,511195,MBU6GN  ,2026-07-14 00:00:00,EDDH,LEPA,,,,,2026-07-14 13:24:00,2026-07-14 15:46:45,v0.0.2,EDDH-LEPA,Afternoon
-7824974165518987691,503e82,EWG7NB  ,2026-07-14 00:00:00,EDDH,LEPA,LY-GYM,,A320,,2026-07-14 14:04:45,2026-07-14 16:30:45,v0.0.2,EDDH-LEPA,Afternoon
-5433265304293006677,4d240c,EWG08CB ,2026-07-14 00:00:00,EDDH,LEPA,9H-EUU,Airbus A320-214,A320,EWG,2026-07-14 16:45:50,2026-07-14 19:09:30,v0.0.2,EDDH-LEPA,Afternoon
8301162922468986973,503e44,CFG2TU  ,2026-07-14 00:00:00,EDDH,LEPA,LY-VUT,,A320,,2026-07-14 17:26:10,2026-07-14 19:56:55,v0.0.2,EDDH-LEPA,Afternoon
-1309036321805358084,4d228b,RYR7184 ,2026-07-14 00:00:00,EDDH,LEPA,9H-QDK,,B738,,2026-07-14 19:51:05,2026-07-14 22:14:00,v0.0.2,EDDH-LEPA,Evening
9133115866976858320,3c54a2,EWG7C   ,2026-07-15 00:00:00,EDDH,LEPA,D-AEEB,Airbus A321-251NX,A21N,EWG,2026-07-15 04:05:55,2026-07-15 06:37:20,v0.0.2,EDDH-LEPA,Night
3459124275760665868,511195,MBU3UM  ,2026-07-15 00:00:00,EDDH,LEPA,,,,,2026-07-15 04:11:40,2026-07-15 06:43:30,v0.0.2,EDDH-LEPA,Night
-8056189447505510124,503d40,EWG7ER  ,2026-07-15 00:00:00,EDDH,LEPA,LY-FAS,,A320,,2026-07-15 04:54:05,2026-07-15 07:28:30,v0.0.2,EDDH-LEPA,Night
-7405524198921552998,3c54a4,EWG1E   ,2026-07-15 00:00:00,EDDH,LEPA,D-AEED,Airbus A321-251NX,A21N,EWG,2026-07-15 05:27:05,2026-07-15 07:58:10,v0.0.2,EDDH-LEPA,Morning
-7146571998266795112,49d63b,TVS66J  ,2026-07-15 00:00:00,EDDH,LEPA,,,,,2026-07-15 11:54:10,2026-07-15 14:12:25,v0.0.2,EDDH-LEPA,Morning
1375845309752869322,3c54a2,EWG2V   ,2026-07-15 00:00:00,EDDH,LEPA,D-AEEB,Airbus A321-251NX,A21N,EWG,2026-07-15 12:09:05,2026-07-15 14:42:40,v0.0.2,EDDH-LEPA,Afternoon
5589477528520595723,3e4109,DIPVD   ,2026-07-15 00:00:00,EDDH,LEPA,D-IPVD,Citation CJ2,C25A,,2026-07-15 13:12:30,2026-07-15 15:59:55,v0.0.2,EDDH-LEPA,Afternoon
-2348976597659976451,511194,MBU6GN  ,2026-07-15 00:00:00,EDDH,LEPA,,,,,2026-07-15 14:38:40,2026-07-15 16:59:55,v0.0.2,EDDH-LEPA,Afternoon
5994510348712211330,3c5ee2,EWG7PQ  ,2026-07-15 00:00:00,EDDH,LEPA,D-AGWB,A319 132,A319,GWI,2026-07-15 15:07:25,2026-07-15 17:39:30,v0.0.2,EDDH-LEPA,Afternoon
-5832885151532289958,503d71,CFG5DL  ,2026-07-15 00:00:00,EDDH,LEPA,LY-NRU,,A320,,2026-07-15 17:31:15,2026-07-15 19:59:50,v0.0.2,EDDH-LEPA,Afternoon
2972664927566375069,4d222b,RYR99AK ,2026-07-15 00:00:00,EDDH,LEPA,9H-QEO,,B738,,2026-07-15 21:21:40,2026-07-16 00:18:40,v0.0.2,EDDH-LEPA,Evening
5870696104309705361,51118a,MBU3UM  ,2026-07-16 00:00:00,EDDH,LEPA,,,,,2026-07-16 04:08:25,2026-07-16 06:28:45,v0.0.2,EDDH-LEPA,Night
-7068806557546555937,3c55c3,EWG7C   ,2026-07-16 00:00:00,EDDH,LEPA,D-AENC,,A20N,,2026-07-16 04:31:10,2026-07-16 06:57:15,v0.0.2,EDDH-LEPA,Night
8625148236195624887,503d40,EWG2V   ,2026-07-16 00:00:00,EDDH,LEPA,LY-FAS,,A320,,2026-07-16 09:07:35,2026-07-16 11:43:10,v0.0.2,EDDH-LEPA,Morning
2495801977461558351,3cc247,AWH24B  ,2026-07-16 00:00:00,EDDH,LEPA,,,,,2026-07-16 09:34:10,2026-07-16 11:59:55,v0.0.2,EDDH-LEPA,Morning
3888312126051753948,511194,MBU6GN  ,2026-07-16 00:00:00,EDDH,LEPA,,,,,2026-07-16 13:02:05,2026-07-16 15:47:30,v0.0.2,EDDH-LEPA,Afternoon
6603239054909583111,503eb3,EWG7PQ  ,2026-07-16 00:00:00,EDDH,LEPA,LY-CAP,Airbus A320-214,A320,GJT,2026-07-16 14:29:35,2026-07-16 16:59:55,v0.0.2,EDDH-LEPA,Afternoon
7039708905638249811,503e9b,EWG7NB  ,2026-07-16 00:00:00,EDDH,LEPA,LY-WIL,A320-214,A320,VLG,2026-07-16 14:40:30,2026-07-16 17:12:35,v0.0.2,EDDH-LEPA,Afternoon
-2977503684970474007,503e44,CFG9VA  ,2026-07-16 00:00:00,EDDH,LEPA,LY-VUT,,A320,,2026-07-16 18:07:20,2026-07-16 20:39:20,v0.0.2,EDDH-LEPA,Evening
641021397441185049,4ca7b9,RYR99AK ,2026-07-16 00:00:00,EDDH,LEPA,EI-EGC,BOEING 737-8AS,B738,RYR,2026-07-16 20:45:45,2026-07-16 23:25:50,v0.0.2,EDDH-LEPA,Evening
2028605966254922381,511189,MBU3UM  ,2026-07-17 00:00:00,EDDH,LEPA,,,,,2026-07-17 04:17:55,2026-07-17 06:46:50,v0.0.2,EDDH-LEPA,Night
-8306210004051687156,3c55c7,EWG7NB  ,2026-07-17 00:00:00,EDDH,LEPA,D-AENG,,A20N,,2026-07-17 04:51:25,2026-07-17 07:32:00,v0.0.2,EDDH-LEPA,Night
6230360471944080927,3c5ee5,EWG7C   ,2026-07-17 00:00:00,EDDH,LEPA,D-AGWE,Airbus A319 132,A319,GWI,2026-07-17 05:04:35,2026-07-17 07:39:35,v0.0.2,EDDH-LEPA,Morning
-8376114460122704901,3c5eeb,EWG7ER  ,2026-07-17 00:00:00,EDDH,LEPA,D-AGWK,Airbus A319 132,A319,GWI,2026-07-17 05:12:10,2026-07-17 07:50:05,v0.0.2,EDDH-LEPA,Morning
8602938381048599567,3c54a4,EWG1E   ,2026-07-17 00:00:00,EDDH,LEPA,D-AEED,Airbus A321-251NX,A21N,EWG,2026-07-17 05:13:20,2026-07-17 07:53:45,v0.0.2,EDDH-LEPA,Morning
-2939971254117457922,3c54a2,EWG2V   ,2026-07-17 00:00:00,EDDH,LEPA,D-AEEB,Airbus A321-251NX,A21N,EWG,2026-07-17 06:26:35,2026-07-17 09:09:05,v0.0.2,EDDH-LEPA,Morning
5795856004450801267,4d222b,RYR99AK ,2026-07-17 00:00:00,EDDH,LEPA,9H-QEO,,B738,,2026-07-17 08:20:20,2026-07-17 10:51:55,v0.0.2,EDDH-LEPA,Morning
-3238613795493671562,503cf5,EWG7PQ  ,2026-07-17 00:00:00,EDDH,LEPA,,,,,2026-07-17 10:23:05,2026-07-17 12:49:35,v0.0.2,EDDH-LEPA,Morning
2149319329531543895,3cf0b8,PTN78M  ,2026-07-17 00:00:00,EDDH,LEPA,,,,,2026-07-17 12:23:55,2026-07-17 14:59:55,v0.0.2,EDDH-LEPA,Afternoon
1772161494917249366,511188,MBU6GN  ,2026-07-17 00:00:00,EDDH,LEPA,,,,,2026-07-17 14:18:10,2026-07-17 16:53:05,v0.0.2,EDDH-LEPA,Afternoon
-2392031491813413031,3cc605,DCCHH   ,2026-07-17 00:00:00,EDDH,LEPA,D-CCHH,,E55P,,2026-07-17 16:39:15,2026-07-17 19:25:45,v0.0.2,EDDH-LEPA,Afternoon
-3570385632056039429,503d71,CFG5AV  ,2026-07-17 00:00:00,EDDH,LEPA,LY-NRU,,A320,,2026-07-17 16:55:45,2026-07-17 19:28:10,v0.0.2,EDDH-LEPA,Afternoon
-7485178533234309437,3c54a4,EWG7C   ,2026-07-18 00:00:00,EDDH,LEPA,D-AEED,Airbus A321-251NX,A21N,EWG,2026-07-18 04:06:10,2026-07-18 06:42:50,v0.0.2,EDDH-LEPA,Night
-6837349779772677562,511194,MBU3UM  ,2026-07-18 00:00:00,EDDH,LEPA,,,,,2026-07-18 04:26:45,2026-07-18 06:58:15,v0.0.2,EDDH-LEPA,Night
-8307644611981341487,3c54a2,EWG7ER  ,2026-07-18 00:00:00,EDDH,LEPA,D-AEEB,Airbus A321-251NX,A21N,EWG,2026-07-18 05:07:20,2026-07-18 07:50:55,v0.0.2,EDDH-LEPA,Morning
7289560836610880267,503eb3,EWG1E   ,2026-07-18 00:00:00,EDDH,LEPA,LY-CAP,Airbus A320-214,A320,GJT,2026-07-18 09:24:05,2026-07-18 11:47:50,v0.0.2,EDDH-LEPA,Morning
3460175412765855085,511195,MBU6GN  ,2026-07-18 00:00:00,EDDH,LEPA,,,,,2026-07-18 12:52:00,2026-07-18 15:27:20,v0.0.2,EDDH-LEPA,Afternoon
-616179712880939382,3c55c8,EWG8JQ  ,2026-07-18 00:00:00,EDDH,LEPA,D-AENH,,A20N,,2026-07-18 13:45:00,2026-07-18 16:10:20,v0.0.2,EDDH-LEPA,Afternoon
-5907491086874266672,503cf5,EWG7PQ  ,2026-07-18 00:00:00,EDDH,LEPA,,,,,2026-07-18 13:55:10,2026-07-18 16:24:40,v0.0.2,EDDH-LEPA,Afternoon
1091132251761089953,3c5ee5,EWG2V   ,2026-07-18 00:00:00,EDDH,LEPA,D-AGWE,Airbus A319 132,A319,GWI,2026-07-18 14:12:40,2026-07-18 16:41:50,v0.0.2,EDDH-LEPA,Afternoon
1663437894743515668,503e9a,EWG7NB  ,2026-07-18 00:00:00,EDDH,LEPA,LY-WIZ,Airbus A320-232,A320,GJT,2026-07-18 14:34:35,2026-07-18 17:17:45,v0.0.2,EDDH-LEPA,Afternoon
3991655409222033229,503e44,CFG8HF  ,2026-07-18 00:00:00,EDDH,LEPA,LY-VUT,,A320,,2026-07-18 17:53:35,2026-07-18 20:30:15,v0.0.2,EDDH-LEPA,Afternoon
2976128706697218062,4ca73a,RYR99AK ,2026-07-18 00:00:00,EDDH,LEPA,EI-EBR,BOEING 737-8AS,B738,RYR,2026-07-18 20:01:55,2026-07-18 22:26:10,v0.0.2,EDDH-LEPA,Evening
-5019786323488281768,511188,MBU3UM  ,2026-07-19 00:00:00,EDDH,LEPA,,,,,2026-07-19 04:05:30,2026-07-19 06:32:30,v0.0.2,EDDH-LEPA,Night
-8867639800514874819,3c5eef,EWG7C   ,2026-07-19 00:00:00,EDDH,LEPA,D-AGWO,A319 132,A319,GWI,2026-07-19 04:09:00,2026-07-19 06:31:30,v0.0.2,EDDH-LEPA,Night
8694278287401227949,3c54a2,EWG7ER  ,2026-07-19 00:00:00,EDDH,LEPA,D-AEEB,Airbus A321-251NX,A21N,EWG,2026-07-19 04:22:45,2026-07-19 06:49:20,v0.0.2,EDDH-LEPA,Night
2436300488671995073,3c54a4,EWG1E   ,2026-07-19 00:00:00,EDDH,LEPA,D-AEED,Airbus A321-251NX,A21N,EWG,2026-07-19 06:05:55,2026-07-19 08:34:50,v0.0.2,EDDH-LEPA,Morning
-4512145895773571365,4ca911,RYR99AK ,2026-07-19 00:00:00,EDDH,LEPA,EI-EPC,BOEING 737-8AS,B738,RYR,2026-07-19 07:10:25,2026-07-19 09:34:35,v0.0.2,EDDH-LEPA,Morning
1469367412710636372,493287,NJE977W ,2026-07-19 00:00:00,EDDH,LEPA,CS-LTG,,C68A,,2026-07-19 08:55:40,2026-07-19 11:23:50,v0.0.2,EDDH-LEPA,Morning
-8706167920148213682,3cc24a,AWH32L  ,2026-07-19 00:00:00,EDDH,LEPA,D-CAWO,560XL Citation XLS+,C56X,AWH,2026-07-19 09:11:40,2026-07-19 11:43:55,v0.0.2,EDDH-LEPA,Morning
5170412925918996736,3c54a4,EWG7NB  ,2026-07-19 00:00:00,EDDH,LEPA,D-AEED,Airbus A321-251NX,A21N,EWG,2026-07-19 13:42:40,2026-07-19 16:05:55,v0.0.2,EDDH-LEPA,Afternoon
-7849733950442972927,3c55c7,EWG7PQ  ,2026-07-19 00:00:00,EDDH,LEPA,D-AENG,,A20N,,2026-07-19 14:49:10,2026-07-19 17:06:35,v0.0.2,EDDH-LEPA,Afternoon
-993367559540701556,503d71,CFG4WL  ,2026-07-19 00:00:00,EDDH,LEPA,LY-NRU,,A320,,2026-07-19 17:09:20,2026-07-19 19:59:55,v0.0.2,EDDH-LEPA,Afternoon
-2003905028069165075,3ccd44,IFA6460 ,2026-07-19 00:00:00,EDDH,LEPA,D-CFAQ,Learjet 60,LJ60,IFA,2026-07-19 19:09:10,2026-07-19 21:29:45,v0.0.2,EDDH-LEPA,Evening
2068154352834618541,3c55c8,EWG7C   ,2026-07-20 00:00:00,EDDH,LEPA,D-AENH,,A20N,,2026-07-20 04:00:45,2026-07-20 06:25:25,v0.0.2,EDDH-LEPA,Night
-3370750443431325521,3c54a4,EWG7ER  ,2026-07-20 00:00:00,EDDH,LEPA,D-AEED,Airbus A321-251NX,A21N,EWG,2026-07-20 05:24:15,2026-07-20 07:42:45,v0.0.2,EDDH-LEPA,Morning
-7283823802084885159,3c5ee9,EWG7592 ,2026-07-20 00:00:00,EDDH,LEPA,D-AGWI,A319 132,A319,GWI,2026-07-20 07:33:00,2026-07-20 09:53:35,v0.0.2,EDDH-LEPA,Morning
-552300452580780952,503cf5,EWG1E   ,2026-07-20 00:00:00,EDDH,LEPA,,,,,2026-07-20 09:56:00,2026-07-20 12:15:15,v0.0.2,EDDH-LEPA,Morning
792396666840880558,3c5ee6,EWG7PQ  ,2026-07-20 00:00:00,EDDH,LEPA,D-AGWF,A319 132,A319,GWI,2026-07-20 13:12:00,2026-07-20 15:33:50,v0.0.2,EDDH-LEPA,Afternoon
4718395278162531680,511194,MBU6GN  ,2026-07-20 00:00:00,EDDH,LEPA,,,,,2026-07-20 13:44:30,2026-07-20 16:07:50,v0.0.2,EDDH-LEPA,Afternoon
8308614487078330750,3c5ee5,EWG7NB  ,2026-07-20 00:00:00,EDDH,LEPA,D-AGWE,Airbus A319 132,A319,GWI,2026-07-20 14:11:40,2026-07-20 16:33:05,v0.0.2,EDDH-LEPA,Afternoon
-8872657544115187217,503e9a,EWG2V   ,2026-07-20 00:00:00,EDDH,LEPA,LY-WIZ,Airbus A320-232,A320,GJT,2026-07-20 14:51:20,2026-07-20 17:15:15,v0.0.2,EDDH-LEPA,Afternoon
-4723034927192679137,503e44,CFG9VA  ,2026-07-20 00:00:00,EDDH,LEPA,LY-VUT,,A320,,2026-07-20 17:23:00,2026-07-20 19:59:55,v0.0.2,EDDH-LEPA,Afternoon
-6421304935480227363,4cace0,RYR99AK ,2026-07-20 00:00:00,EDDH,LEPA,EI-GJT,,B738,,2026-07-20 20:32:05,2026-07-20 22:56:00,v0.0.2,EDDH-LEPA,Evening
5050378446787818480,51118a,MBU3UM  ,2026-07-21 00:00:00,EDDH,LEPA,,,,,2026-07-21 04:16:20,2026-07-21 06:42:45,v0.0.2,EDDH-LEPA,Night
4707869066312007975,3c54a4,EWG7C   ,2026-07-21 00:00:00,EDDH,LEPA,D-AEED,Airbus A321-251NX,A21N,EWG,2026-07-21 04:51:05,2026-07-21 07:06:15,v0.0.2,EDDH-LEPA,Night
6884452294721033330,503e9b,EWG7ER  ,2026-07-21 00:00:00,EDDH,LEPA,LY-WIL,A320-214,A320,VLG,2026-07-21 11:14:30,2026-07-21 13:33:30,v0.0.2,EDDH-LEPA,Morning
8566458997437127517,493292,NJE362D ,2026-07-21 00:00:00,EDDH,LEPA,CS-LTR,,C68A,,2026-07-21 12:10:35,2026-07-21 14:30:00,v0.0.2,EDDH-LEPA,Afternoon
4716012031639952800,3c54a2,EWG2V   ,2026-07-21 00:00:00,EDDH,LEPA,D-AEEB,Airbus A321-251NX,A21N,EWG,2026-07-21 13:12:15,2026-07-21 15:32:55,v0.0.2,EDDH-LEPA,Afternoon
-2962101613026830267,51119a,MBU6GN  ,2026-07-21 00:00:00,EDDH,LEPA,,,,,2026-07-21 13:27:35,2026-07-21 15:42:35,v0.0.2,EDDH-LEPA,Afternoon
2447221406892363262,3c5eef,EWG7NB  ,2026-07-21 00:00:00,EDDH,LEPA,D-AGWO,A319 132,A319,GWI,2026-07-21 14:10:25,2026-07-21 16:29:00,v0.0.2,EDDH-LEPA,Afternoon
-2234325329795527966,4d253b,EWG08CB ,2026-07-21 00:00:00,EDDH,LEPA,9H-EUQ,Airbus A320-214,A320,EWG,2026-07-21 16:40:40,2026-07-21 18:55:40,v0.0.2,EDDH-LEPA,Afternoon
1686143599388137036,503d71,CFG2TU  ,2026-07-21 00:00:00,EDDH,LEPA,LY-NRU,,A320,,2026-07-21 17:08:20,2026-07-21 19:25:30,v0.0.2,EDDH-LEPA,Afternoon
-7799425743202256783,4d22bf,RYR7184 ,2026-07-21 00:00:00,EDDH,LEPA,9H-IHD,A320-232,A320,LDA,2026-07-21 20:02:55,2026-07-21 22:22:20,v0.0.2,EDDH-LEPA,Evening
-1304214733832246862,51119a,MBU3UM  ,2026-07-22 00:00:00,EDDH,LEPA,,,,,2026-07-22 04:12:10,2026-07-22 06:34:45,v0.0.2,EDDH-LEPA,Night
-8202108753267138149,3c54a4,EWG7C   ,2026-07-22 00:00:00,EDDH,LEPA,D-AEED,Airbus A321-251NX,A21N,EWG,2026-07-22 04:20:05,2026-07-22 06:41:10,v0.0.2,EDDH-LEPA,Night
-2008216979239891584,503d40,EWG7ER  ,2026-07-22 00:00:00,EDDH,LEPA,LY-FAS,,A320,,2026-07-22 04:58:05,2026-07-22 07:19:40,v0.0.2,EDDH-LEPA,Night
5128985786089629040,3c54a2,EWG1E   ,2026-07-22 00:00:00,EDDH,LEPA,D-AEEB,Airbus A321-251NX,A21N,EWG,2026-07-22 05:12:50,2026-07-22 07:40:00,v0.0.2,EDDH-LEPA,Morning
-8819821689884683046,3e369f,DGJ567  ,2026-07-22 00:00:00,EDDH,LEPA,D-ILWP,,C25A,,2026-07-22 10:02:00,2026-07-22 13:09:40,v0.0.2,EDDH-LEPA,Morning
-1994099878471494842,3c54a4,EWG2V   ,2026-07-22 00:00:00,EDDH,LEPA,D-AEED,Airbus A321-251NX,A21N,EWG,2026-07-22 11:42:40,2026-07-22 13:59:55,v0.0.2,EDDH-LEPA,Morning
-7325870556867513883,3e186e,ECA2L   ,2026-07-22 00:00:00,EDDH,LEPA,D-IALI,Cessna 525A Citation CJ2,C25A,PAV,2026-07-22 13:04:45,2026-07-22 15:45:20,v0.0.2,EDDH-LEPA,Afternoon
-3984975011243404208,511188,MBU6GN  ,2026-07-22 00:00:00,EDDH,LEPA,,,,,2026-07-22 14:04:25,2026-07-22 16:34:15,v0.0.2,EDDH-LEPA,Afternoon
8267073140009644116,3c5ee5,EWG7PQ  ,2026-07-22 00:00:00,EDDH,LEPA,D-AGWE,Airbus A319 132,A319,GWI,2026-07-22 14:19:10,2026-07-22 16:41:55,v0.0.2,EDDH-LEPA,Afternoon
-4022820226103093132,503e44,CFG5DL  ,2026-07-22 00:00:00,EDDH,LEPA,LY-VUT,,A320,,2026-07-22 16:59:55,2026-07-22 19:30:50,v0.0.2,EDDH-LEPA,Afternoon
-6385219472484734149,51118a,MBU3UM  ,2026-07-23 00:00:00,EDDH,LEPA,,,,,2026-07-23 04:08:30,2026-07-23 06:26:25,v0.0.2,EDDH-LEPA,Night
9015486657935256584,3c55c7,EWG7C   ,2026-07-23 00:00:00,EDDH,LEPA,D-AENG,,A20N,,2026-07-23 04:24:20,2026-07-23 06:40:10,v0.0.2,EDDH-LEPA,Night
-5229336315553428427,3c5ee5,EWG7ER  ,2026-07-23 00:00:00,EDDH,LEPA,D-AGWE,Airbus A319 132,A319,GWI,2026-07-23 04:28:35,2026-07-23 06:46:00,v0.0.2,EDDH-LEPA,Night
3916079299208249231,3c54a4,EWG1E   ,2026-07-23 00:00:00,EDDH,LEPA,D-AEED,Airbus A321-251NX,A21N,EWG,2026-07-23 05:15:00,2026-07-23 07:34:25,v0.0.2,EDDH-LEPA,Morning
-7353446936405621968,503d40,EWG2V   ,2026-07-23 00:00:00,EDDH,LEPA,LY-FAS,,A320,,2026-07-23 09:14:10,2026-07-23 11:29:35,v0.0.2,EDDH-LEPA,Morning
4360161809808028997,511188,MBU6GN  ,2026-07-23 00:00:00,EDDH,LEPA,,,,,2026-07-23 13:13:50,2026-07-23 15:22:40,v0.0.2,EDDH-LEPA,Afternoon
-8644997266616875740,503eb3,EWG7PQ  ,2026-07-23 00:00:00,EDDH,LEPA,LY-CAP,Airbus A320-214,A320,GJT,2026-07-23 14:34:35,2026-07-23 16:45:10,v0.0.2,EDDH-LEPA,Afternoon
4269901521143044690,503cf5,EWG7NB  ,2026-07-23 00:00:00,EDDH,LEPA,,,,,2026-07-23 15:04:45,2026-07-23 17:08:15,v0.0.2,EDDH-LEPA,Afternoon
-5967491360093802456,503d71,CFG9VA  ,2026-07-23 00:00:00,EDDH,LEPA,LY-NRU,,A320,,2026-07-23 17:10:30,2026-07-23 19:20:30,v0.0.2,EDDH-LEPA,Afternoon
-8494409339450367903,4ca27a,RYR99AK ,2026-07-23 00:00:00,EDDH,LEPA,EI-DHN,BOEING 737-8AS,B738,RYR,2026-07-23 19:46:20,2026-07-23 21:53:25,v0.0.2,EDDH-LEPA,Evening
2778802511581645647,511194,MBU3UM  ,2026-07-24 00:00:00,EDDH,LEPA,,,,,2026-07-24 04:13:20,2026-07-24 06:30:15,v0.0.2,EDDH-LEPA,Night
8930890338424679143,503e9b,EWG7NB  ,2026-07-24 00:00:00,EDDH,LEPA,LY-WIL,A320-214,A320,VLG,2026-07-24 04:15:00,2026-07-24 06:32:00,v0.0.2,EDDH-LEPA,Night
-442283391816301671,3c48ea,EWG7C   ,2026-07-24 00:00:00,EDDH,LEPA,D-ABGJ,A319 112,A319,EWG,2026-07-24 04:35:15,2026-07-24 06:48:05,v0.0.2,EDDH-LEPA,Night
-8532052610351765464,3c5eea,EWG7ER  ,2026-07-24 00:00:00,EDDH,LEPA,D-AGWJ,A319 132,A319,GWI,2026-07-24 04:37:00,2026-07-24 06:51:40,v0.0.2,EDDH-LEPA,Night
877737815312008790,3c54a2,EWG1E   ,2026-07-24 00:00:00,EDDH,LEPA,D-AEEB,Airbus A321-251NX,A21N,EWG,2026-07-24 05:11:20,2026-07-24 07:22:10,v0.0.2,EDDH-LEPA,Morning
-6498080055706001109,3c54a4,EWG2V   ,2026-07-24 00:00:00,EDDH,LEPA,D-AEED,Airbus A321-251NX,A21N,EWG,2026-07-24 06:24:50,2026-07-24 08:45:25,v0.0.2,EDDH-LEPA,Morning
2825292268471330299,4caa59,RYR99AK ,2026-07-24 00:00:00,EDDH,LEPA,EI-EVT,BOEING 737-8AS,B738,RYR,2026-07-24 08:27:05,2026-07-24 10:46:50,v0.0.2,EDDH-LEPA,Morning
3088225150533965541,503cf5,EWG7PQ  ,2026-07-24 00:00:00,EDDH,LEPA,,,,,2026-07-24 10:23:50,2026-07-24 12:45:40,v0.0.2,EDDH-LEPA,Morning
-4644925793405258582,51119a,MBU6GN  ,2026-07-24 00:00:00,EDDH,LEPA,,,,,2026-07-24 13:45:25,2026-07-24 16:06:35,v0.0.2,EDDH-LEPA,Afternoon
1098998857786328712,503e44,CFG5AV  ,2026-07-24 00:00:00,EDDH,LEPA,LY-VUT,,A320,,2026-07-24 17:09:15,2026-07-24 19:31:10,v0.0.2,EDDH-LEPA,Afternoon
-2018203010419055702,3c54a2,EWG7C   ,2026-07-25 00:00:00,EDDH,LEPA,D-AEEB,Airbus A321-251NX,A21N,EWG,2026-07-25 04:16:05,2026-07-25 06:42:15,v0.0.2,EDDH-LEPA,Night
6342527521163178001,51118a,MBU3UM  ,2026-07-25 00:00:00,EDDH,LEPA,,,,,2026-07-25 04:22:25,2026-07-25 06:57:30,v0.0.2,EDDH-LEPA,Night
6293127315511352977,3c54a4,EWG7ER  ,2026-07-25 00:00:00,EDDH,LEPA,D-AEED,Airbus A321-251NX,A21N,EWG,2026-07-25 05:10:10,2026-07-25 07:32:25,v0.0.2,EDDH-LEPA,Morning
8628793295293821453,503d40,EWG1E   ,2026-07-25 00:00:00,EDDH,LEPA,LY-FAS,,A320,,2026-07-25 09:23:20,2026-07-25 11:57:05,v0.0.2,EDDH-LEPA,Morning
-1663365741806028984,503e9a,EWG7PQ  ,2026-07-25 00:00:00,EDDH,LEPA,LY-WIZ,Airbus A320-232,A320,GJT,2026-07-25 12:55:05,2026-07-25 15:23:35,v0.0.2,EDDH-LEPA,Afternoon
5167052255193711561,51118a,MBU6GN  ,2026-07-25 00:00:00,EDDH,LEPA,,,,,2026-07-25 13:00:05,2026-07-25 15:32:30,v0.0.2,EDDH-LEPA,Afternoon
233878539858743942,3c55c7,EWG8JQ  ,2026-07-25 00:00:00,EDDH,LEPA,D-AENG,,A20N,,2026-07-25 13:47:55,2026-07-25 16:21:10,v0.0.2,EDDH-LEPA,Afternoon
7929884242110410486,3c5ee9,EWG2V   ,2026-07-25 00:00:00,EDDH,LEPA,D-AGWI,A319 132,A319,GWI,2026-07-25 14:04:05,2026-07-25 16:35:15,v0.0.2,EDDH-LEPA,Afternoon
-3536291361962665962,503e9b,EWG7NB  ,2026-07-25 00:00:00,EDDH,LEPA,LY-WIL,A320-214,A320,VLG,2026-07-25 14:18:50,2026-07-25 16:51:30,v0.0.2,EDDH-LEPA,Afternoon
4890071315113821188,503d71,CFG8HF  ,2026-07-25 00:00:00,EDDH,LEPA,LY-NRU,,A320,,2026-07-25 16:49:45,2026-07-25 19:21:30,v0.0.2,EDDH-LEPA,Afternoon
1947012800458364050,4ca9ed,RYR99AK ,2026-07-25 00:00:00,EDDH,LEPA,EI-EVP,BOEING 737-8AS,B738,RYR,2026-07-25 21:53:40,2026-07-26 00:18:55,v0.0.2,EDDH-LEPA,Evening
-5485960747909843474,511195,MBU3UM  ,2026-07-26 00:00:00,EDDH,LEPA,,,,,2026-07-26 04:13:40,2026-07-26 06:45:10,v0.0.2,EDDH-LEPA,Night
-1949632855360075959,3c54a1,EWG7ER  ,2026-07-26 00:00:00,EDDH,LEPA,D-AEEA,Airbus A321-251NX,A21N,EWG,2026-07-26 04:41:50,2026-07-26 07:08:40,v0.0.2,EDDH-LEPA,Night
-8345939182202248810,3c54a4,EWG1E   ,2026-07-26 00:00:00,EDDH,LEPA,D-AEED,Airbus A321-251NX,A21N,EWG,2026-07-26 06:11:45,2026-07-26 08:31:50,v0.0.2,EDDH-LEPA,Morning
-1273366710376437104,4ca8d9,RYR99AK ,2026-07-26 00:00:00,EDDH,LEPA,EI-ENN,BOEING 737-8AS,B738,RYR,2026-07-26 08:53:55,2026-07-26 11:15:55,v0.0.2,EDDH-LEPA,Morning
1913838729447668256,503e82,EWG2V   ,2026-07-26 00:00:00,EDDH,LEPA,LY-GYM,,A320,,2026-07-26 11:36:00,2026-07-26 13:58:15,v0.0.2,EDDH-LEPA,Morning
587439338828684270,51119a,MBU6GN  ,2026-07-26 00:00:00,EDDH,LEPA,,,,,2026-07-26 12:48:15,2026-07-26 15:20:05,v0.0.2,EDDH-LEPA,Afternoon
1805669102983406694,3c54a4,EWG7NB  ,2026-07-26 00:00:00,EDDH,LEPA,D-AEED,Airbus A321-251NX,A21N,EWG,2026-07-26 13:41:25,2026-07-26 16:13:45,v0.0.2,EDDH-LEPA,Afternoon
-3825054241099071659,3c55c8,EWG7PQ  ,2026-07-26 00:00:00,EDDH,LEPA,D-AENH,,A20N,,2026-07-26 15:15:15,2026-07-26 17:42:15,v0.0.2,EDDH-LEPA,Afternoon
5806268413750518425,503e44,CFG4WL  ,2026-07-26 00:00:00,EDDH,LEPA,LY-VUT,,A320,,2026-07-26 17:04:50,2026-07-26 19:24:55,v0.0.2,EDDH-LEPA,Afternoon
2788053333889149169,511194,MBU3UM  ,2026-07-27 00:00:00,EDDH,LEPA,,,,,2026-07-27 04:07:30,2026-07-27 06:19:00,v0.0.2,EDDH-LEPA,Night
-12152161501211288,3c55c1,EWG7C   ,2026-07-27 00:00:00,EDDH,LEPA,D-AENA,,A20N,,2026-07-27 04:12:10,2026-07-27 06:26:35,v0.0.2,EDDH-LEPA,Night
-7097948260861432424,3c54a4,EWG7ER  ,2026-07-27 00:00:00,EDDH,LEPA,D-AEED,Airbus A321-251NX,A21N,EWG,2026-07-27 05:22:55,2026-07-27 07:30:30,v0.0.2,EDDH-LEPA,Morning
2602116949388892045,3c48ea,EWG7592 ,2026-07-27 00:00:00,EDDH,LEPA,D-ABGJ,A319 112,A319,EWG,2026-07-27 07:25:00,2026-07-27 09:34:30,v0.0.2,EDDH-LEPA,Morning
-2658125094061460881,503d40,EWG1E   ,2026-07-27 00:00:00,EDDH,LEPA,LY-FAS,,A320,,2026-07-27 10:30:55,2026-07-27 12:47:50,v0.0.2,EDDH-LEPA,Morning
-8939724106207726988,3c5eea,EWG7PQ  ,2026-07-27 00:00:00,EDDH,LEPA,D-AGWJ,A319 132,A319,GWI,2026-07-27 13:10:35,2026-07-27 15:25:30,v0.0.2,EDDH-LEPA,Afternoon
-2781903818018950806,51118a,MBU6GN  ,2026-07-27 00:00:00,EDDH,LEPA,,,,,2026-07-27 13:42:50,2026-07-27 16:09:00,v0.0.2,EDDH-LEPA,Afternoon
-8399642608007615797,503eb3,EWG7NB  ,2026-07-27 00:00:00,EDDH,LEPA,LY-CAP,Airbus A320-214,A320,GJT,2026-07-27 14:13:10,2026-07-27 16:29:55,v0.0.2,EDDH-LEPA,Afternoon
9029242981133935097,503e82,EWG2V   ,2026-07-27 00:00:00,EDDH,LEPA,LY-GYM,,A320,,2026-07-27 14:46:25,2026-07-27 17:05:10,v0.0.2,EDDH-LEPA,Afternoon
6768418982872044814,503d71,CFG9VA  ,2026-07-27 00:00:00,EDDH,LEPA,LY-NRU,,A320,,2026-07-27 17:40:35,2026-07-27 19:56:25,v0.0.2,EDDH-LEPA,Afternoon
-7020276581877926677,4ca892,RYR99AK ,2026-07-27 00:00:00,EDDH,LEPA,EI-ENF,BOEING 737-8AS,B738,RYR,2026-07-27 19:55:25,2026-07-27 22:11:20,v0.0.2,EDDH-LEPA,Evening
-8926772340915349310,511195,MBU3UM  ,2026-07-28 00:00:00,EDDH,LEPA,,,,,2026-07-28 04:34:30,2026-07-28 06:53:25,v0.0.2,EDDH-LEPA,Night
6835740211904620396,3c54a1,EWG7C   ,2026-07-28 00:00:00,EDDH,LEPA,D-AEEA,Airbus A321-251NX,A21N,EWG,2026-07-28 04:45:20,2026-07-28 06:59:55,v0.0.2,EDDH-LEPA,Night
2084914320587087632,503e9b,EWG7ER  ,2026-07-28 00:00:00,EDDH,LEPA,LY-WIL,A320-214,A320,VLG,2026-07-28 11:25:20,2026-07-28 13:49:50,v0.0.2,EDDH-LEPA,Morning
2325160713668359550,3c54a4,EWG2V   ,2026-07-28 00:00:00,EDDH,LEPA,D-AEED,Airbus A321-251NX,A21N,EWG,2026-07-28 12:57:50,2026-07-28 15:17:35,v0.0.2,EDDH-LEPA,Afternoon
-1576011997249812570,51119a,MBU6GN  ,2026-07-28 00:00:00,EDDH,LEPA,,,,,2026-07-28 13:42:05,2026-07-28 16:17:40,v0.0.2,EDDH-LEPA,Afternoon
194216682887341945,3c5eeb,EWG7NB  ,2026-07-28 00:00:00,EDDH,LEPA,D-AGWK,Airbus A319 132,A319,GWI,2026-07-28 14:01:50,2026-07-28 16:37:05,v0.0.2,EDDH-LEPA,Afternoon
-8484110238237756612,3cc605,DCCHH   ,2026-07-28 00:00:00,EDDH,LEPA,D-CCHH,,E55P,,2026-07-28 14:25:10,2026-07-28 17:06:55,v0.0.2,EDDH-LEPA,Afternoon
4335814509465915646,4d216e,EWG08CB ,2026-07-28 00:00:00,EDDH,LEPA,9H-UTA,,CTLN,,2026-07-28 16:35:45,2026-07-28 18:59:55,v0.0.2,EDDH-LEPA,Afternoon
4626194385232712018,503e44,CFG2TU  ,2026-07-28 00:00:00,EDDH,LEPA,LY-VUT,,A320,,2026-07-28 16:58:35,2026-07-28 19:24:55,v0.0.2,EDDH-LEPA,Afternoon
-4634507112721913375,4d22b6,RYR7184 ,2026-07-28 00:00:00,EDDH,LEPA,9H-LAX,,A320,,2026-07-28 17:52:05,2026-07-28 20:21:10,v0.0.2,EDDH-LEPA,Afternoon
-2210984604317603902,511170,MBU3UM  ,2026-07-29 00:00:00,EDDH,LEPA,ES-MBA,Airbus A320-271N,A20N,MBU,2026-07-29 04:14:15,2026-07-29 06:36:35,v0.0.2,EDDH-LEPA,Night
-5498436529239058874,3c54a4,EWG7C   ,2026-07-29 00:00:00,EDDH,LEPA,D-AEED,Airbus A321-251NX,A21N,EWG,2026-07-29 04:31:10,2026-07-29 06:52:00,v0.0.2,EDDH-LEPA,Night
6831125286033421982,503d40,EWG7ER  ,2026-07-29 00:00:00,EDDH,LEPA,LY-FAS,,A320,,2026-07-29 04:53:00,2026-07-29 07:18:10,v0.0.2,EDDH-LEPA,Night
4202202265874147152,3c54a1,EWG1E   ,2026-07-29 00:00:00,EDDH,LEPA,D-AEEA,Airbus A321-251NX,A21N,EWG,2026-07-29 05:23:50,2026-07-29 07:51:35,v0.0.2,EDDH-LEPA,Morning
1919711787515464103,3ce3b3,SCR239  ,2026-07-29 00:00:00,EDDH,LEPA,D-CNNN,Citation XLS+,C56X,,2026-07-29 11:01:30,2026-07-29 13:25:00,v0.0.2,EDDH-LEPA,Morning
-5278516840850745634,3c54a4,EWG2V   ,2026-07-29 00:00:00,EDDH,LEPA,D-AEED,Airbus A321-251NX,A21N,EWG,2026-07-29 11:51:55,2026-07-29 14:14:25,v0.0.2,EDDH-LEPA,Morning
-5755182480787051136,51119a,MBU6GN  ,2026-07-29 00:00:00,EDDH,LEPA,,,,,2026-07-29 14:06:30,2026-07-29 16:24:20,v0.0.2,EDDH-LEPA,Afternoon
-1059246927175815852,3c5ee6,EWG7PQ  ,2026-07-29 00:00:00,EDDH,LEPA,D-AGWF,A319 132,A319,GWI,2026-07-29 14:07:50,2026-07-29 16:25:40,v0.0.2,EDDH-LEPA,Afternoon
-3619460669777804222,503d71,CFG5DL  ,2026-07-29 00:00:00,EDDH,LEPA,LY-NRU,,A320,,2026-07-29 17:06:10,2026-07-29 19:22:25,v0.0.2,EDDH-LEPA,Afternoon
-3320110444749266507,4ca27b,RYR99AK ,2026-07-29 00:00:00,EDDH,LEPA,EI-DHR,BOEING 737-8AS,B738,RYR,2026-07-29 21:00:40,2026-07-29 23:15:40,v0.0.2,EDDH-LEPA,Evening
1806870594361345302,51118a,MBU3UM  ,2026-07-30 00:00:00,EDDH,LEPA,,,,,2026-07-30 04:03:30,2026-07-30 06:36:20,v0.0.2,EDDH-LEPA,Night
6209101484531583036,3c5eef,EWG7ER  ,2026-07-30 00:00:00,EDDH,LEPA,D-AGWO,A319 132,A319,GWI,2026-07-30 04:25:35,2026-07-30 06:47:40,v0.0.2,EDDH-LEPA,Night
417564738949876737,3c55c1,EWG7C   ,2026-07-30 00:00:00,EDDH,LEPA,D-AENA,,A20N,,2026-07-30 04:29:45,2026-07-30 06:51:10,v0.0.2,EDDH-LEPA,Night
-7464403312505823789,3c54a1,EWG1E   ,2026-07-30 00:00:00,EDDH,LEPA,D-AEEA,Airbus A321-251NX,A21N,EWG,2026-07-30 04:55:45,2026-07-30 07:16:55,v0.0.2,EDDH-LEPA,Night
448057615697079524,4d216e,EWG08CB ,2026-07-30 00:00:00,EDDH,LEPA,9H-UTA,,CTLN,,2026-07-30 06:57:20,2026-07-30 09:17:00,v0.0.2,EDDH-LEPA,Morning
327587540518233500,503d40,EWG2V   ,2026-07-30 00:00:00,EDDH,LEPA,LY-FAS,,A320,,2026-07-30 09:00:10,2026-07-30 11:26:40,v0.0.2,EDDH-LEPA,Morning
1693732796036642650,511195,MBU6GN  ,2026-07-30 00:00:00,EDDH,LEPA,,,,,2026-07-30 13:24:50,2026-07-30 15:57:30,v0.0.2,EDDH-LEPA,Afternoon
-3975656846472164531,503e9a,EWG7PQ  ,2026-07-30 00:00:00,EDDH,LEPA,LY-WIZ,Airbus A320-232,A320,GJT,2026-07-30 14:36:40,2026-07-30 17:06:10,v0.0.2,EDDH-LEPA,Afternoon
7285997751689277738,503cf5,EWG7NB  ,2026-07-30 00:00:00,EDDH,LEPA,,,,,2026-07-30 14:46:40,2026-07-30 17:14:15,v0.0.2,EDDH-LEPA,Afternoon
-7364606957888364654,503e44,CFG9VA  ,2026-07-30 00:00:00,EDDH,LEPA,LY-VUT,,A320,,2026-07-30 17:03:35,2026-07-30 19:33:35,v0.0.2,EDDH-LEPA,Afternoon
1154019048804016507,4d223f,RYR99AK ,2026-07-30 00:00:00,EDDH,LEPA,9H-QAS,Boeing 737-8AS,B738,RYR,2026-07-30 19:39:20,2026-07-30 21:59:55,v0.0.2,EDDH-LEPA,Evening
6501310501796183830,3c5ee5,EWG7C   ,2026-07-31 00:00:00,EDDH,LEPA,D-AGWE,Airbus A319 132,A319,GWI,2026-07-31 03:58:00,2026-07-31 06:35:50,v0.0.2,EDDH-LEPA,Night
1806212674043413066,511194,MBU3UM  ,2026-07-31 00:00:00,EDDH,LEPA,,,,,2026-07-31 04:05:40,2026-07-31 06:40:35,v0.0.2,EDDH-LEPA,Night
9080869459023903942,3c5ef0,EWG7NB  ,2026-07-31 00:00:00,EDDH,LEPA,D-AGWP,Airbus A319 132,A319,GWI,2026-07-31 04:19:25,2026-07-31 06:43:25,v0.0.2,EDDH-LEPA,Night
-6639138164696265090,3c5eea,EWG7ER  ,2026-07-31 00:00:00,EDDH,LEPA,D-AGWJ,A319 132,A319,GWI,2026-07-31 04:36:10,2026-07-31 06:59:55,v0.0.2,EDDH-LEPA,Night
-636021206796359073,3c54a4,EWG1E   ,2026-07-31 00:00:00,EDDH,LEPA,D-AEED,Airbus A321-251NX,A21N,EWG,2026-07-31 05:11:20,2026-07-31 07:38:25,v0.0.2,EDDH-LEPA,Morning
7947224595567816459,3c54a1,EWG2V   ,2026-07-31 00:00:00,EDDH,LEPA,D-AEEA,Airbus A321-251NX,A21N,EWG,2026-07-31 06:45:50,2026-07-31 09:15:45,v0.0.2,EDDH-LEPA,Morning
-452014199683068553,4caa60,RYR99AK ,2026-07-31 00:00:00,EDDH,LEPA,EI-EXE,BOEING 737-8AS,B738,RYR,2026-07-31 08:25:25,2026-07-31 10:52:55,v0.0.2,EDDH-LEPA,Morning
-2984358359384189393,503e82,EWG7PQ  ,2026-07-31 00:00:00,EDDH,LEPA,LY-GYM,,A320,,2026-07-31 10:39:00,2026-07-31 13:12:45,v0.0.2,EDDH-LEPA,Morning
3385075908329693416,3ce977,HRN221  ,2026-07-31 00:00:00,EDDH,LEPA,D-CPSH,,C56X,,2026-07-31 10:42:25,2026-07-31 13:23:10,v0.0.2,EDDH-LEPA,Morning
4405666371841698028,511195,MBU6GN  ,2026-07-31 00:00:00,EDDH,LEPA,,,,,2026-07-31 13:33:35,2026-07-31 16:13:05,v0.0.2,EDDH-LEPA,Afternoon
-24399458481334784,503d71,CFG5AV  ,2026-07-31 00:00:00,EDDH,LEPA,LY-NRU,,A320,,2026-07-31 17:11:55,2026-07-31 19:43:45,v0.0.2,EDDH-LEPA,Afternoon
495677654095881265,3c66e2,OCN6JR  ,2026-07-01 00:00:00,EDDM,LEPA,D-AIWB,A320 214SL,A320,DLH,2026-07-01 04:02:20,2026-07-01 05:54:10,v0.0.2,EDDM-LEPA,Night
-4173515726924539797,3c7983,CFG9CV  ,2026-07-01 00:00:00,EDDM,LEPA,,,,,2026-07-01 04:09:10,2026-07-01 05:59:55,v0.0.2,EDDM-LEPA,Night
7389408729223711925,452126,CFG6UE  ,2026-07-01 00:00:00,EDDM,LEPA,LZ-LAK,,A320,,2026-07-01 05:16:00,2026-07-01 07:07:00,v0.0.2,EDDM-LEPA,Morning
1458466005534644215,3c6643,DLH82U  ,2026-07-01 00:00:00,EDDM,LEPA,D-AIRC,A321 131,A321,DLH,2026-07-01 07:01:25,2026-07-01 08:45:50,v0.0.2,EDDM-LEPA,Morning
4230885715734097601,3c7861,CFG5ZV  ,2026-07-01 00:00:00,EDDM,LEPA,,,,,2026-07-01 13:43:30,2026-07-01 15:23:15,v0.0.2,EDDM-LEPA,Afternoon
-3499933047135714890,3c66b7,OCN452  ,2026-07-01 00:00:00,EDDM,LEPA,D-AIUW,A320 214SL,A320,DLH,2026-07-01 14:43:50,2026-07-01 16:37:00,v0.0.2,EDDM-LEPA,Afternoon
7213536512833654255,3c56f5,EWG19J  ,2026-07-01 00:00:00,EDDM,LEPA,D-AEWU,A320 214SL,A320,EWG,2026-07-01 17:24:45,2026-07-01 19:11:35,v0.0.2,EDDM-LEPA,Afternoon
9068298179403163208,3c7983,CFG5YF  ,2026-07-02 00:00:00,EDDM,LEPA,,,,,2026-07-02 04:16:55,2026-07-02 05:59:55,v0.0.2,EDDM-LEPA,Night
3076563062987518997,4d2013,EWG5C   ,2026-07-02 00:00:00,EDDM,LEPA,9H-EUO,Airbus A320-214,A320,EWG,2026-07-02 10:07:05,2026-07-02 11:46:40,v0.0.2,EDDM-LEPA,Morning
-907972404557825431,3c7861,CFG1EZ  ,2026-07-02 00:00:00,EDDM,LEPA,,,,,2026-07-02 10:24:55,2026-07-02 12:07:20,v0.0.2,EDDM-LEPA,Morning
-2171142229133549741,4d2088,EWG80E  ,2026-07-02 00:00:00,EDDM,LEPA,,,,,2026-07-02 10:36:40,2026-07-02 12:23:00,v0.0.2,EDDM-LEPA,Morning
3126247437794846327,3c6652,DLH82U  ,2026-07-02 00:00:00,EDDM,LEPA,D-AIRR,A321 131,A321,DLH,2026-07-02 11:22:45,2026-07-02 12:59:55,v0.0.2,EDDM-LEPA,Morning
-4181413813727477787,3c66b5,OCN452  ,2026-07-02 00:00:00,EDDM,LEPA,D-AIUU,Airbus A320 214SL,A320,DLH,2026-07-02 13:45:00,2026-07-02 15:24:10,v0.0.2,EDDM-LEPA,Afternoon
8827075322826925098,3c7861,CFG1FX  ,2026-07-02 00:00:00,EDDM,LEPA,,,,,2026-07-02 16:36:05,2026-07-02 18:26:15,v0.0.2,EDDM-LEPA,Afternoon
5189194382711089591,3c56f5,EWG19J  ,2026-07-02 00:00:00,EDDM,LEPA,D-AEWU,A320 214SL,A320,EWG,2026-07-02 18:35:35,2026-07-02 20:19:10,v0.0.2,EDDM-LEPA,Evening
-7527093889869091787,3c7983,CFG3EA  ,2026-07-03 00:00:00,EDDM,LEPA,,,,,2026-07-03 04:10:55,2026-07-03 05:59:55,v0.0.2,EDDM-LEPA,Night
-3987113762230004897,3c66e6,OCN6JR  ,2026-07-03 00:00:00,EDDM,LEPA,D-AIWF,A320-214,A320,DLH,2026-07-03 06:21:35,2026-07-03 08:07:45,v0.0.2,EDDM-LEPA,Morning
-4441481040136772809,4d2088,EWG2U   ,2026-07-03 00:00:00,EDDM,LEPA,,,,,2026-07-03 09:51:05,2026-07-03 11:34:45,v0.0.2,EDDM-LEPA,Morning
2814666988173913471,4d2013,EWG5C   ,2026-07-03 00:00:00,EDDM,LEPA,9H-EUO,Airbus A320-214,A320,EWG,2026-07-03 09:56:50,2026-07-03 11:42:55,v0.0.2,EDDM-LEPA,Morning
-1029190186581580845,3c7861,CFG9CY  ,2026-07-03 00:00:00,EDDM,LEPA,,,,,2026-07-03 09:58:40,2026-07-03 11:49:15,v0.0.2,EDDM-LEPA,Morning
-3343357221565756912,4d2014,EWG80E  ,2026-07-03 00:00:00,EDDM,LEPA,9H-EUM,Airbus A320-214,A320,EWG,2026-07-03 10:24:05,2026-07-03 12:16:50,v0.0.2,EDDM-LEPA,Morning
7872396144782258736,3c6486,DLH09W  ,2026-07-03 00:00:00,EDDM,LEPA,D-AIDF,A321 231,A321,DLH,2026-07-03 13:47:35,2026-07-03 15:34:40,v0.0.2,EDDM-LEPA,Afternoon
9080047917395446254,3c7861,CFG5CA  ,2026-07-03 00:00:00,EDDM,LEPA,,,,,2026-07-03 16:11:15,2026-07-03 17:59:55,v0.0.2,EDDM-LEPA,Afternoon
4235846123377339242,3c4b45,EWG19J  ,2026-07-03 00:00:00,EDDM,LEPA,D-ABZE,A320 216,A320,EWG,2026-07-03 17:59:35,2026-07-03 19:49:55,v0.0.2,EDDM-LEPA,Afternoon
-6584526312897025006,45211e,CFG8XE  ,2026-07-04 00:00:00,EDDM,LEPA,LZ-LAJ,,A320,,2026-07-04 04:00:45,2026-07-04 05:54:45,v0.0.2,EDDM-LEPA,Night
5305482156017138153,3c7983,CFG8AD  ,2026-07-04 00:00:00,EDDM,LEPA,,,,,2026-07-04 04:03:35,2026-07-04 05:59:55,v0.0.2,EDDM-LEPA,Night
6833193197927558083,3c66b7,OCN6JR  ,2026-07-04 00:00:00,EDDM,LEPA,D-AIUW,A320 214SL,A320,DLH,2026-07-04 04:20:30,2026-07-04 06:14:30,v0.0.2,EDDM-LEPA,Night
3502436768175526385,3c64a9,DLH82U  ,2026-07-04 00:00:00,EDDM,LEPA,D-AIEI,,A21N,,2026-07-04 09:44:20,2026-07-04 11:35:40,v0.0.2,EDDM-LEPA,Morning
-6067011528596814812,4d240d,EWG5C   ,2026-07-04 00:00:00,EDDM,LEPA,9H-EUV,,A320,,2026-07-04 10:01:35,2026-07-04 11:53:45,v0.0.2,EDDM-LEPA,Morning
-6149144052872104444,4d240f,EWG2U   ,2026-07-04 00:00:00,EDDM,LEPA,9H-EUX,,A320,,2026-07-04 10:19:45,2026-07-04 12:15:05,v0.0.2,EDDM-LEPA,Morning
1605643364242548543,3c7861,CFG9KH  ,2026-07-04 00:00:00,EDDM,LEPA,,,,,2026-07-04 10:32:45,2026-07-04 12:27:05,v0.0.2,EDDM-LEPA,Morning
-4073380652061743727,3c6648,DLH07E  ,2026-07-04 00:00:00,EDDM,LEPA,D-AIRH,Airbus A321 131,A321,DLH,2026-07-04 16:45:20,2026-07-04 18:31:30,v0.0.2,EDDM-LEPA,Afternoon
-1189702435059168330,3c56eb,EWG80E  ,2026-07-04 00:00:00,EDDM,LEPA,D-AEWK,A320 214SL,A320,EWG,2026-07-04 18:01:50,2026-07-04 19:42:55,v0.0.2,EDDM-LEPA,Evening
2967675119157848498,4d2418,EWG19J  ,2026-07-04 00:00:00,EDDM,LEPA,9H-EWH,,A320,,2026-07-04 18:18:55,2026-07-04 19:59:55,v0.0.2,EDDM-LEPA,Evening
2313032563343225208,3c7983,CFG9DC  ,2026-07-05 00:00:00,EDDM,LEPA,,,,,2026-07-05 04:04:50,2026-07-05 05:59:35,v0.0.2,EDDM-LEPA,Night
5805674091086302258,3c6648,DLH82U  ,2026-07-05 00:00:00,EDDM,LEPA,D-AIRH,Airbus A321 131,A321,DLH,2026-07-05 06:39:05,2026-07-05 08:38:25,v0.0.2,EDDM-LEPA,Morning
1588050211324742532,4d216e,EWG5C   ,2026-07-05 00:00:00,EDDM,LEPA,9H-UTA,,CTLN,,2026-07-05 08:01:45,2026-07-05 09:59:10,v0.0.2,EDDM-LEPA,Morning
-1726138766035281137,4d2509,EWG2U   ,2026-07-05 00:00:00,EDDM,LEPA,9H-EUN,Airbus A320-214,A320,EWG,2026-07-05 09:46:35,2026-07-05 11:39:25,v0.0.2,EDDM-LEPA,Morning
6417312365020113045,3c7861,CFG6CL  ,2026-07-05 00:00:00,EDDM,LEPA,,,,,2026-07-05 10:53:45,2026-07-05 12:38:20,v0.0.2,EDDM-LEPA,Morning
-8940112013295051031,3c66e6,OCN452  ,2026-07-05 00:00:00,EDDM,LEPA,D-AIWF,A320-214,A320,DLH,2026-07-05 13:31:05,2026-07-05 15:22:50,v0.0.2,EDDM-LEPA,Afternoon
-5144721549478649929,45211e,CFG5VL  ,2026-07-05 00:00:00,EDDM,LEPA,LZ-LAJ,,A320,,2026-07-05 13:36:40,2026-07-05 15:25:15,v0.0.2,EDDM-LEPA,Afternoon
1486537549398867017,3c64a1,DLH09W  ,2026-07-05 00:00:00,EDDM,LEPA,D-AIEA,A321-271NX,A21N,DLH,2026-07-05 13:39:00,2026-07-05 15:26:40,v0.0.2,EDDM-LEPA,Afternoon
-2275506832496943030,452126,CFG5ZF  ,2026-07-05 00:00:00,EDDM,LEPA,LZ-LAK,,A320,,2026-07-05 15:01:05,2026-07-05 16:56:30,v0.0.2,EDDM-LEPA,Afternoon
5241292084593193377,3c7983,CFG6ZW  ,2026-07-06 00:00:00,EDDM,LEPA,,,,,2026-07-06 04:15:00,2026-07-06 06:06:10,v0.0.2,EDDM-LEPA,Night
-813860338294891000,4d2418,EWG5C   ,2026-07-06 00:00:00,EDDM,LEPA,9H-EWH,,A320,,2026-07-06 09:23:55,2026-07-06 11:12:50,v0.0.2,EDDM-LEPA,Morning
6589432674766657690,3c7861,CFG4KC  ,2026-07-06 00:00:00,EDDM,LEPA,,,,,2026-07-06 10:37:05,2026-07-06 12:27:55,v0.0.2,EDDM-LEPA,Morning
-118137826611162775,4d240e,EWG2U   ,2026-07-06 00:00:00,EDDM,LEPA,9H-EUW,,A320,,2026-07-06 10:47:45,2026-07-06 12:38:45,v0.0.2,EDDM-LEPA,Morning
-1409442753609615710,3c666a,DLH09W  ,2026-07-06 00:00:00,EDDM,LEPA,D-AISJ,A321 231,A321,DLH,2026-07-06 10:52:05,2026-07-06 12:46:50,v0.0.2,EDDM-LEPA,Morning
8927939432062602781,501c16,CFG4CP  ,2026-07-06 00:00:00,EDDM,LEPA,9A-SHO,,A320,BER,2026-07-06 15:08:20,2026-07-06 16:57:00,v0.0.2,EDDM-LEPA,Afternoon
6483662184254675239,3c66e5,OCN452  ,2026-07-06 00:00:00,EDDM,LEPA,D-AIWE,A320-214,A320,DLH,2026-07-06 15:11:05,2026-07-06 16:59:55,v0.0.2,EDDM-LEPA,Afternoon
-9155240189993746544,4d2417,EWG80E  ,2026-07-06 00:00:00,EDDM,LEPA,9H-EWE,,A320,,2026-07-06 15:49:15,2026-07-06 17:32:50,v0.0.2,EDDM-LEPA,Afternoon
528000410719933306,3c79b8,CFG3TP  ,2026-07-07 00:00:00,EDDM,LEPA,,,,,2026-07-07 04:13:45,2026-07-07 06:07:20,v0.0.2,EDDM-LEPA,Night
4406808704365016832,452126,CFG3XE  ,2026-07-07 00:00:00,EDDM,LEPA,LZ-LAK,,A320,,2026-07-07 04:52:25,2026-07-07 06:40:20,v0.0.2,EDDM-LEPA,Night
7833659263208847075,3c66e5,OCN6JR  ,2026-07-07 00:00:00,EDDM,LEPA,D-AIWE,A320-214,A320,DLH,2026-07-07 07:25:35,2026-07-07 09:10:40,v0.0.2,EDDM-LEPA,Morning
1477575883026776382,3c7861,CFG2DM  ,2026-07-07 00:00:00,EDDM,LEPA,,,,,2026-07-07 10:14:45,2026-07-07 12:07:25,v0.0.2,EDDM-LEPA,Morning
8737775477746980979,4d240b,EWG2U   ,2026-07-07 00:00:00,EDDM,LEPA,9H-EUT,Airbus A320-214,A320,EWG,2026-07-07 10:22:55,2026-07-07 12:14:30,v0.0.2,EDDM-LEPA,Morning
3018498191585836247,3c66b5,OCN452  ,2026-07-07 00:00:00,EDDM,LEPA,D-AIUU,Airbus A320 214SL,A320,DLH,2026-07-07 13:35:00,2026-07-07 15:22:05,v0.0.2,EDDM-LEPA,Afternoon
-9008648252201366581,4d2405,EWG19J  ,2026-07-07 00:00:00,EDDM,LEPA,9H-EUL,,A320,,2026-07-07 16:08:15,2026-07-07 17:55:35,v0.0.2,EDDM-LEPA,Afternoon
-2787153741339282361,3c79b8,CFG9CV  ,2026-07-08 00:00:00,EDDM,LEPA,,,,,2026-07-08 04:04:45,2026-07-08 05:55:00,v0.0.2,EDDM-LEPA,Night
2051961836707737743,452126,CFG6UE  ,2026-07-08 00:00:00,EDDM,LEPA,LZ-LAK,,A320,,2026-07-08 04:51:35,2026-07-08 06:36:20,v0.0.2,EDDM-LEPA,Night
-7639199835262566121,3c6648,DLH82U  ,2026-07-08 00:00:00,EDDM,LEPA,D-AIRH,Airbus A321 131,A321,DLH,2026-07-08 06:34:35,2026-07-08 08:23:05,v0.0.2,EDDM-LEPA,Morning
-4186854752980107030,4d2418,EWG5C   ,2026-07-08 00:00:00,EDDM,LEPA,9H-EWH,,A320,,2026-07-08 09:48:15,2026-07-08 11:36:05,v0.0.2,EDDM-LEPA,Morning
8451060275718674941,3c7861,CFG5ZV  ,2026-07-08 00:00:00,EDDM,LEPA,,,,,2026-07-08 10:33:20,2026-07-08 12:19:55,v0.0.2,EDDM-LEPA,Morning
-4035667216784393122,3c66e3,OCN452  ,2026-07-08 00:00:00,EDDM,LEPA,D-AIWC,A320-214,A320,DLH,2026-07-08 13:36:35,2026-07-08 15:23:30,v0.0.2,EDDM-LEPA,Afternoon
333779506983119049,3c56ee,EWG19J  ,2026-07-08 00:00:00,EDDM,LEPA,D-AEWN,A320 214SL,A320,EWG,2026-07-08 17:11:25,2026-07-08 18:57:30,v0.0.2,EDDM-LEPA,Afternoon
-4184494942105224660,3c79b8,CFG5YF  ,2026-07-09 00:00:00,EDDM,LEPA,,,,,2026-07-09 04:00:35,2026-07-09 05:51:40,v0.0.2,EDDM-LEPA,Night
-40834209470218541,4d2417,EWG5C   ,2026-07-09 00:00:00,EDDM,LEPA,9H-EWE,,A320,,2026-07-09 09:36:00,2026-07-09 11:25:15,v0.0.2,EDDM-LEPA,Morning
8485747810405442987,3c7861,CFG1EZ  ,2026-07-09 00:00:00,EDDM,LEPA,,,,,2026-07-09 10:17:35,2026-07-09 12:05:20,v0.0.2,EDDM-LEPA,Morning
-4563187783808429353,4d2014,EWG80E  ,2026-07-09 00:00:00,EDDM,LEPA,9H-EUM,Airbus A320-214,A320,EWG,2026-07-09 10:54:20,2026-07-09 12:46:30,v0.0.2,EDDM-LEPA,Morning
-356036388687344683,3c666b,DLH82U  ,2026-07-09 00:00:00,EDDM,LEPA,D-AISK,A321 231,A321,DLH,2026-07-09 11:35:10,2026-07-09 13:19:45,v0.0.2,EDDM-LEPA,Morning
2016996369352762541,3c66e4,OCN452  ,2026-07-09 00:00:00,EDDM,LEPA,D-AIWD,A320-214,A320,DLH,2026-07-09 14:10:50,2026-07-09 15:58:20,v0.0.2,EDDM-LEPA,Afternoon
-2285021739921888885,3c7861,CFG1FX  ,2026-07-09 00:00:00,EDDM,LEPA,,,,,2026-07-09 16:30:25,2026-07-09 18:21:40,v0.0.2,EDDM-LEPA,Afternoon
-5134564287105164257,3c56ee,EWG19J  ,2026-07-09 00:00:00,EDDM,LEPA,D-AEWN,A320 214SL,A320,EWG,2026-07-09 18:45:00,2026-07-09 20:36:40,v0.0.2,EDDM-LEPA,Evening
-7341687358408626535,3c79b8,CFG3EA  ,2026-07-10 00:00:00,EDDM,LEPA,,,,,2026-07-10 04:02:55,2026-07-10 05:59:55,v0.0.2,EDDM-LEPA,Night
-5753956117087903518,3c66e6,OCN6JR  ,2026-07-10 00:00:00,EDDM,LEPA,D-AIWF,A320-214,A320,DLH,2026-07-10 06:24:55,2026-07-10 08:13:50,v0.0.2,EDDM-LEPA,Morning
9004733657828336495,3c4839,BVR101  ,2026-07-10 00:00:00,EDDM,LEPA,D-ABAY,BD-700-2A12 Global 7500,GL7T,BVR,2026-07-10 08:13:55,2026-07-10 09:59:55,v0.0.2,EDDM-LEPA,Morning
2631681577414515115,4d240e,EWG5C   ,2026-07-10 00:00:00,EDDM,LEPA,9H-EUW,,A320,,2026-07-10 09:51:40,2026-07-10 11:42:25,v0.0.2,EDDM-LEPA,Morning
8342711868868544674,3c7861,CFG9CY  ,2026-07-10 00:00:00,EDDM,LEPA,,,,,2026-07-10 10:10:10,2026-07-10 11:59:00,v0.0.2,EDDM-LEPA,Morning
4931647343664253613,4d2509,EWG80E  ,2026-07-10 00:00:00,EDDM,LEPA,9H-EUN,Airbus A320-214,A320,EWG,2026-07-10 10:36:00,2026-07-10 12:31:10,v0.0.2,EDDM-LEPA,Morning
-6070744047525515583,3c666a,DLH09W  ,2026-07-10 00:00:00,EDDM,LEPA,D-AISJ,A321 231,A321,DLH,2026-07-10 13:33:20,2026-07-10 15:26:20,v0.0.2,EDDM-LEPA,Afternoon
-1945158087529067074,3c7878,CFG5CA  ,2026-07-10 00:00:00,EDDM,LEPA,,,,,2026-07-10 16:11:50,2026-07-10 17:59:55,v0.0.2,EDDM-LEPA,Afternoon
-7878591836983608659,3c56eb,EWG19J  ,2026-07-10 00:00:00,EDDM,LEPA,D-AEWK,A320 214SL,A320,EWG,2026-07-10 17:54:20,2026-07-10 19:59:10,v0.0.2,EDDM-LEPA,Afternoon
-6103569122422637371,45211e,CFG8XE  ,2026-07-11 00:00:00,EDDM,LEPA,LZ-LAJ,,A320,,2026-07-11 04:00:10,2026-07-11 05:59:55,v0.0.2,EDDM-LEPA,Night
-7684490184185065155,3c66e2,OCN6JR  ,2026-07-11 00:00:00,EDDM,LEPA,D-AIWB,A320 214SL,A320,DLH,2026-07-11 04:12:40,2026-07-11 06:17:35,v0.0.2,EDDM-LEPA,Night
6433338485943374702,3c79b8,CFG8AD  ,2026-07-11 00:00:00,EDDM,LEPA,,,,,2026-07-11 05:47:10,2026-07-11 07:42:00,v0.0.2,EDDM-LEPA,Morning
-1138717167475716654,3c64a3,DLH82U  ,2026-07-11 00:00:00,EDDM,LEPA,D-AIEC,321-271NX,A21N,DLH,2026-07-11 09:18:35,2026-07-11 11:10:20,v0.0.2,EDDM-LEPA,Morning
3248682075123088524,4d253b,EWG5C   ,2026-07-11 00:00:00,EDDM,LEPA,9H-EUQ,Airbus A320-214,A320,EWG,2026-07-11 10:22:20,2026-07-11 12:12:45,v0.0.2,EDDM-LEPA,Morning
-6615380425747727393,4d2509,EWG2U   ,2026-07-11 00:00:00,EDDM,LEPA,9H-EUN,Airbus A320-214,A320,EWG,2026-07-11 10:41:25,2026-07-11 12:36:00,v0.0.2,EDDM-LEPA,Morning
2715148774122900892,3c7878,CFG9KH  ,2026-07-11 00:00:00,EDDM,LEPA,,,,,2026-07-11 10:45:40,2026-07-11 12:37:30,v0.0.2,EDDM-LEPA,Morning
-9184370707145307842,3c4b4c,EWG80E  ,2026-07-11 00:00:00,EDDM,LEPA,D-ABZL,A320 216,A320,EWG,2026-07-11 16:18:55,2026-07-11 18:14:20,v0.0.2,EDDM-LEPA,Afternoon
2717868784480987785,3c6652,DLH07E  ,2026-07-11 00:00:00,EDDM,LEPA,D-AIRR,A321 131,A321,DLH,2026-07-11 16:34:00,2026-07-11 18:22:05,v0.0.2,EDDM-LEPA,Afternoon
-8303189198782624348,4d2086,EWG19J  ,2026-07-11 00:00:00,EDDM,LEPA,,,,,2026-07-11 17:32:50,2026-07-11 19:26:55,v0.0.2,EDDM-LEPA,Afternoon
-8888781633435096979,3c79b9,CFG9DC  ,2026-07-12 00:00:00,EDDM,LEPA,,,,,2026-07-12 04:01:15,2026-07-12 06:06:30,v0.0.2,EDDM-LEPA,Night
1440364668442678952,3c648d,DLH82U  ,2026-07-12 00:00:00,EDDM,LEPA,D-AIDM,A321 231,A321,DLH,2026-07-12 06:36:20,2026-07-12 08:33:45,v0.0.2,EDDM-LEPA,Morning
-5083112295148431534,4d2086,EWG5C   ,2026-07-12 00:00:00,EDDM,LEPA,,,,,2026-07-12 08:06:30,2026-07-12 10:07:35,v0.0.2,EDDM-LEPA,Morning
-6048583097184624083,4d2405,EWG2U   ,2026-07-12 00:00:00,EDDM,LEPA,9H-EUL,,A320,,2026-07-12 09:41:15,2026-07-12 11:38:35,v0.0.2,EDDM-LEPA,Morning
7653350333862246575,3c7878,CFG6CL  ,2026-07-12 00:00:00,EDDM,LEPA,,,,,2026-07-12 10:52:50,2026-07-12 12:51:45,v0.0.2,EDDM-LEPA,Morning
-2106923628536992285,3c66b7,OCN452  ,2026-07-12 00:00:00,EDDM,LEPA,D-AIUW,A320 214SL,A320,DLH,2026-07-12 13:30:10,2026-07-12 15:30:10,v0.0.2,EDDM-LEPA,Afternoon
-434850070073948160,45211e,CFG5VL  ,2026-07-12 00:00:00,EDDM,LEPA,LZ-LAJ,,A320,,2026-07-12 13:50:50,2026-07-12 15:45:00,v0.0.2,EDDM-LEPA,Afternoon
-3978046969052366473,3c6655,DLH09W  ,2026-07-12 00:00:00,EDDM,LEPA,D-AIRU,Airbus A321 131,A321,DLH,2026-07-12 13:55:40,2026-07-12 15:53:35,v0.0.2,EDDM-LEPA,Afternoon
-1513622665963446281,452126,CFG5ZF  ,2026-07-12 00:00:00,EDDM,LEPA,LZ-LAK,,A320,,2026-07-12 15:21:50,2026-07-12 17:18:25,v0.0.2,EDDM-LEPA,Afternoon
-712557951000889795,3c56f3,EWG80E  ,2026-07-12 00:00:00,EDDM,LEPA,D-AEWS,A320 214SL,A320,EWG,2026-07-12 16:52:20,2026-07-12 18:58:25,v0.0.2,EDDM-LEPA,Afternoon
-3290794130430345390,3c79b9,CFG6ZW  ,2026-07-13 00:00:00,EDDM,LEPA,,,,,2026-07-13 04:05:20,2026-07-13 06:06:55,v0.0.2,EDDM-LEPA,Night
257690291702201188,4d240b,EWG5C   ,2026-07-13 00:00:00,EDDM,LEPA,9H-EUT,Airbus A320-214,A320,EWG,2026-07-13 09:31:10,2026-07-13 11:28:35,v0.0.2,EDDM-LEPA,Morning
-2278669416087103904,3c7878,CFG4KC  ,2026-07-13 00:00:00,EDDM,LEPA,,,,,2026-07-13 10:55:50,2026-07-13 13:12:55,v0.0.2,EDDM-LEPA,Morning
4740757858110423495,440b49,LDX12C  ,2026-07-13 00:00:00,EDDM,LEPA,OE-HCU,,CL35,,2026-07-13 13:35:50,2026-07-13 15:28:45,v0.0.2,EDDM-LEPA,Afternoon
3347339259570947972,501c16,CFG4CP  ,2026-07-13 00:00:00,EDDM,LEPA,9A-SHO,,A320,BER,2026-07-13 15:01:05,2026-07-13 16:55:20,v0.0.2,EDDM-LEPA,Afternoon
9214505313616364605,3c66e3,OCN452  ,2026-07-13 00:00:00,EDDM,LEPA,D-AIWC,A320-214,A320,DLH,2026-07-13 15:21:55,2026-07-13 17:17:50,v0.0.2,EDDM-LEPA,Afternoon
602704230946795606,4d240b,EWG80E  ,2026-07-13 00:00:00,EDDM,LEPA,9H-EUT,Airbus A320-214,A320,EWG,2026-07-13 15:48:55,2026-07-13 17:54:25,v0.0.2,EDDM-LEPA,Afternoon
2036068264438975477,3c7982,CFG3TP  ,2026-07-14 00:00:00,EDDM,LEPA,,,,,2026-07-14 04:02:45,2026-07-14 05:59:55,v0.0.2,EDDM-LEPA,Night
3105111563690561341,452126,CFG3XE  ,2026-07-14 00:00:00,EDDM,LEPA,LZ-LAK,,A320,,2026-07-14 04:48:30,2026-07-14 06:56:35,v0.0.2,EDDM-LEPA,Night
931424299903611341,4d2006,EWG5C   ,2026-07-14 00:00:00,EDDM,LEPA,9H-EUP,Airbus A320-214,A320,EWG,2026-07-14 09:29:35,2026-07-14 11:26:50,v0.0.2,EDDM-LEPA,Morning
-1199196006998558242,3c7878,CFG2DM  ,2026-07-14 00:00:00,EDDM,LEPA,,,,,2026-07-14 10:26:55,2026-07-14 12:20:40,v0.0.2,EDDM-LEPA,Morning
1494613830748661606,4d253b,EWG2U   ,2026-07-14 00:00:00,EDDM,LEPA,9H-EUQ,Airbus A320-214,A320,EWG,2026-07-14 10:32:15,2026-07-14 12:24:55,v0.0.2,EDDM-LEPA,Morning
-6259000340053088544,3c66e3,OCN452  ,2026-07-14 00:00:00,EDDM,LEPA,D-AIWC,A320-214,A320,DLH,2026-07-14 13:37:05,2026-07-14 15:33:25,v0.0.2,EDDM-LEPA,Afternoon
6061080125535950239,4d2014,EWG19J  ,2026-07-14 00:00:00,EDDM,LEPA,9H-EUM,Airbus A320-214,A320,EWG,2026-07-14 15:35:30,2026-07-14 17:27:20,v0.0.2,EDDM-LEPA,Afternoon
-3554753873573374179,3c7982,CFG9CV  ,2026-07-15 00:00:00,EDDM,LEPA,,,,,2026-07-15 04:02:45,2026-07-15 05:59:55,v0.0.2,EDDM-LEPA,Night
-5383086161763516612,452126,CFG6UE  ,2026-07-15 00:00:00,EDDM,LEPA,LZ-LAK,,A320,,2026-07-15 04:32:00,2026-07-15 06:32:25,v0.0.2,EDDM-LEPA,Night
-6199517223103545378,3c6677,DLH82U  ,2026-07-15 00:00:00,EDDM,LEPA,D-AISW,A321 231,A321,DLH,2026-07-15 06:37:25,2026-07-15 08:34:15,v0.0.2,EDDM-LEPA,Morning
2087698826787603672,4d2417,EWG5C   ,2026-07-15 00:00:00,EDDM,LEPA,9H-EWE,,A320,,2026-07-15 09:54:50,2026-07-15 11:44:10,v0.0.2,EDDM-LEPA,Morning
-2045510335061758459,3c7878,CFG5ZV  ,2026-07-15 00:00:00,EDDM,LEPA,,,,,2026-07-15 10:28:45,2026-07-15 12:28:05,v0.0.2,EDDM-LEPA,Morning
8519626635357122566,3c66e4,OCN452  ,2026-07-15 00:00:00,EDDM,LEPA,D-AIWD,A320-214,A320,DLH,2026-07-15 14:15:25,2026-07-15 16:50:10,v0.0.2,EDDM-LEPA,Afternoon
-7062214303629812882,3c56ed,EWG19J  ,2026-07-15 00:00:00,EDDM,LEPA,D-AEWM,A320 214SL,A320,EWG,2026-07-15 17:31:20,2026-07-15 19:35:30,v0.0.2,EDDM-LEPA,Afternoon
4106984556909411344,3c7982,CFG5YF  ,2026-07-16 00:00:00,EDDM,LEPA,,,,,2026-07-16 04:12:00,2026-07-16 05:59:55,v0.0.2,EDDM-LEPA,Night
-4347563846770605127,4d2006,EWG5C   ,2026-07-16 00:00:00,EDDM,LEPA,9H-EUP,Airbus A320-214,A320,EWG,2026-07-16 09:35:10,2026-07-16 11:35:40,v0.0.2,EDDM-LEPA,Morning
-8748652715088034459,3c7878,CFG1EZ  ,2026-07-16 00:00:00,EDDM,LEPA,,,,,2026-07-16 10:29:00,2026-07-16 12:24:05,v0.0.2,EDDM-LEPA,Morning
-5689640191321646072,4d2414,EWG80E  ,2026-07-16 00:00:00,EDDM,LEPA,9H-EWB,Airbus A320-214,A320,EWG,2026-07-16 10:32:25,2026-07-16 12:33:15,v0.0.2,EDDM-LEPA,Morning
8967303703274295087,3c6676,DLH82U  ,2026-07-16 00:00:00,EDDM,LEPA,D-AISV,A321 231,A321,DLH,2026-07-16 10:59:15,2026-07-16 13:20:25,v0.0.2,EDDM-LEPA,Morning
7686830924161309451,3c66e4,OCN452  ,2026-07-16 00:00:00,EDDM,LEPA,D-AIWD,A320-214,A320,DLH,2026-07-16 14:16:55,2026-07-16 16:10:30,v0.0.2,EDDM-LEPA,Afternoon
3305349461230589304,3c7878,CFG1FX  ,2026-07-16 00:00:00,EDDM,LEPA,,,,,2026-07-16 16:24:05,2026-07-16 18:32:55,v0.0.2,EDDM-LEPA,Afternoon
8036547121521465115,3c4b4c,EWG19J  ,2026-07-16 00:00:00,EDDM,LEPA,D-ABZL,A320 216,A320,EWG,2026-07-16 19:28:20,2026-07-16 21:24:10,v0.0.2,EDDM-LEPA,Evening
-1705849196037882164,3c7982,CFG3EA  ,2026-07-17 00:00:00,EDDM,LEPA,,,,,2026-07-17 04:05:05,2026-07-17 06:15:45,v0.0.2,EDDM-LEPA,Night
-8782501687081281316,3c66e3,OCN6JR  ,2026-07-17 00:00:00,EDDM,LEPA,D-AIWC,A320-214,A320,DLH,2026-07-17 06:19:25,2026-07-17 08:18:45,v0.0.2,EDDM-LEPA,Morning
8769674295562260929,4d2006,EWG5C   ,2026-07-17 00:00:00,EDDM,LEPA,9H-EUP,Airbus A320-214,A320,EWG,2026-07-17 09:36:20,2026-07-17 11:29:30,v0.0.2,EDDM-LEPA,Morning
956405491444497330,3c7878,CFG9CY  ,2026-07-17 00:00:00,EDDM,LEPA,,,,,2026-07-17 10:15:15,2026-07-17 12:12:30,v0.0.2,EDDM-LEPA,Morning
-1517434865790398271,4d2087,EWG80E  ,2026-07-17 00:00:00,EDDM,LEPA,,,,,2026-07-17 10:34:00,2026-07-17 12:40:30,v0.0.2,EDDM-LEPA,Morning
6332768845410371480,3c6497,DLH09W  ,2026-07-17 00:00:00,EDDM,LEPA,D-AIDW,A321 231,A321,DLH,2026-07-17 13:40:55,2026-07-17 15:32:20,v0.0.2,EDDM-LEPA,Afternoon
294540196432650350,3c7878,CFG5CA  ,2026-07-17 00:00:00,EDDM,LEPA,,,,,2026-07-17 16:07:20,2026-07-17 18:10:55,v0.0.2,EDDM-LEPA,Afternoon
4533031367997443175,3c56f4,EWG19J  ,2026-07-17 00:00:00,EDDM,LEPA,D-AEWT,A320 214SL,A320,EWG,2026-07-17 18:44:40,2026-07-17 20:48:50,v0.0.2,EDDM-LEPA,Evening
5892021168828247128,3c7982,CFG8AD  ,2026-07-18 00:00:00,EDDM,LEPA,,,,,2026-07-18 04:07:30,2026-07-18 06:14:25,v0.0.2,EDDM-LEPA,Night
-4867961130788483479,45211e,CFG8XE  ,2026-07-18 00:00:00,EDDM,LEPA,LZ-LAJ,,A320,,2026-07-18 04:09:10,2026-07-18 05:59:55,v0.0.2,EDDM-LEPA,Night
-1043024499886726065,3c66e5,OCN6JR  ,2026-07-18 00:00:00,EDDM,LEPA,D-AIWE,A320-214,A320,DLH,2026-07-18 04:14:25,2026-07-18 06:21:35,v0.0.2,EDDM-LEPA,Night
-6348946711047770781,3c6676,DLH82U  ,2026-07-18 00:00:00,EDDM,LEPA,D-AISV,A321 231,A321,DLH,2026-07-18 09:06:25,2026-07-18 11:11:45,v0.0.2,EDDM-LEPA,Morning
2440454718594989143,4d240c,EWG5C   ,2026-07-18 00:00:00,EDDM,LEPA,9H-EUU,Airbus A320-214,A320,EWG,2026-07-18 10:03:05,2026-07-18 11:56:45,v0.0.2,EDDM-LEPA,Morning
5331926929089189115,4d253b,EWG2U   ,2026-07-18 00:00:00,EDDM,LEPA,9H-EUQ,Airbus A320-214,A320,EWG,2026-07-18 10:44:30,2026-07-18 12:50:05,v0.0.2,EDDM-LEPA,Morning
4236819554072375332,3c6484,DLH07E  ,2026-07-18 00:00:00,EDDM,LEPA,D-AIDD,A321 231,A321,DLH,2026-07-18 17:17:35,2026-07-18 19:08:20,v0.0.2,EDDM-LEPA,Afternoon
4039711099469396519,3c4b4c,EWG80E  ,2026-07-18 00:00:00,EDDM,LEPA,D-ABZL,A320 216,A320,EWG,2026-07-18 17:21:25,2026-07-18 19:18:05,v0.0.2,EDDM-LEPA,Afternoon
-6728822839122960559,3c4839,BVR101  ,2026-07-18 00:00:00,EDDM,LEPA,D-ABAY,BD-700-2A12 Global 7500,GL7T,BVR,2026-07-18 17:55:05,2026-07-18 19:45:25,v0.0.2,EDDM-LEPA,Afternoon
-7344882795925369639,4d2417,EWG19J  ,2026-07-18 00:00:00,EDDM,LEPA,9H-EWE,,A320,,2026-07-18 18:12:00,2026-07-18 20:17:10,v0.0.2,EDDM-LEPA,Evening
4721228939085359131,490d09,NJE906F ,2026-07-18 00:00:00,EDDM,LEPA,CS-CHI,,CL35,,2026-07-18 18:45:40,2026-07-18 20:59:55,v0.0.2,EDDM-LEPA,Evening
5891465627505911784,3c7982,CFG9DC  ,2026-07-19 00:00:00,EDDM,LEPA,,,,,2026-07-19 04:03:30,2026-07-19 06:07:40,v0.0.2,EDDM-LEPA,Night
-8560672347940189613,3c64a9,DLH82U  ,2026-07-19 00:00:00,EDDM,LEPA,D-AIEI,,A21N,,2026-07-19 06:52:40,2026-07-19 08:45:35,v0.0.2,EDDM-LEPA,Morning
6187039515315444416,4d2417,EWG5C   ,2026-07-19 00:00:00,EDDM,LEPA,9H-EWE,,A320,,2026-07-19 07:59:05,2026-07-19 09:59:55,v0.0.2,EDDM-LEPA,Morning
-503957654152721349,3e5671,LEJ888  ,2026-07-19 00:00:00,EDDM,LEPA,D-IXXX,,C25A,,2026-07-19 09:10:25,2026-07-19 11:25:45,v0.0.2,EDDM-LEPA,Morning
7377959192350677025,4d2416,EWG2U   ,2026-07-19 00:00:00,EDDM,LEPA,9H-EWD,Airbus A320-214,A320,EWG,2026-07-19 10:02:55,2026-07-19 12:12:45,v0.0.2,EDDM-LEPA,Morning
-3627179369188290118,45211e,CFG5VL  ,2026-07-19 00:00:00,EDDM,LEPA,LZ-LAJ,,A320,,2026-07-19 14:07:00,2026-07-19 15:59:55,v0.0.2,EDDM-LEPA,Afternoon
-4356625771197633615,3c64a5,DLH09W  ,2026-07-19 00:00:00,EDDM,LEPA,D-AIEE,A321-271NX,A21N,DLH,2026-07-19 14:09:05,2026-07-19 16:10:00,v0.0.2,EDDM-LEPA,Afternoon
2487802434933660222,3c66b5,OCN452  ,2026-07-19 00:00:00,EDDM,LEPA,D-AIUU,Airbus A320 214SL,A320,DLH,2026-07-19 14:22:50,2026-07-19 16:23:15,v0.0.2,EDDM-LEPA,Afternoon
5682782850367142547,452126,CFG5ZF  ,2026-07-19 00:00:00,EDDM,LEPA,LZ-LAK,,A320,,2026-07-19 16:11:35,2026-07-19 18:06:40,v0.0.2,EDDM-LEPA,Afternoon
-1960306093434671473,3c4b4c,EWG80E  ,2026-07-19 00:00:00,EDDM,LEPA,D-ABZL,A320 216,A320,EWG,2026-07-19 16:20:30,2026-07-19 18:15:30,v0.0.2,EDDM-LEPA,Afternoon
-938527503635926541,3c7982,CFG6ZW  ,2026-07-20 00:00:00,EDDM,LEPA,,,,,2026-07-20 04:03:30,2026-07-20 06:20:20,v0.0.2,EDDM-LEPA,Night
-1919104039054262202,4d240e,EWG5C   ,2026-07-20 00:00:00,EDDM,LEPA,9H-EUW,,A320,,2026-07-20 09:54:50,2026-07-20 11:44:55,v0.0.2,EDDM-LEPA,Morning
-1632967525732782887,4d2086,EWG2U   ,2026-07-20 00:00:00,EDDM,LEPA,,,,,2026-07-20 10:22:15,2026-07-20 12:22:35,v0.0.2,EDDM-LEPA,Morning
-5624720134554349511,3c7878,CFG4KC  ,2026-07-20 00:00:00,EDDM,LEPA,,,,,2026-07-20 10:49:05,2026-07-20 12:44:15,v0.0.2,EDDM-LEPA,Morning
8794965105850480734,3c6486,DLH09W  ,2026-07-20 00:00:00,EDDM,LEPA,D-AIDF,A321 231,A321,DLH,2026-07-20 10:57:10,2026-07-20 12:51:25,v0.0.2,EDDM-LEPA,Morning
6590631626124587063,501c16,CFG4CP  ,2026-07-20 00:00:00,EDDM,LEPA,9A-SHO,,A320,BER,2026-07-20 14:55:15,2026-07-20 16:48:35,v0.0.2,EDDM-LEPA,Afternoon
-6458823348524056566,3c66e6,OCN452  ,2026-07-20 00:00:00,EDDM,LEPA,D-AIWF,A320-214,A320,DLH,2026-07-20 15:09:40,2026-07-20 16:59:55,v0.0.2,EDDM-LEPA,Afternoon
149866740257362994,3c79b9,CFG3TP  ,2026-07-21 00:00:00,EDDM,LEPA,,,,,2026-07-21 03:59:30,2026-07-21 05:58:20,v0.0.2,EDDM-LEPA,Night
7284021140585295736,452126,CFG3XE  ,2026-07-21 00:00:00,EDDM,LEPA,LZ-LAK,,A320,,2026-07-21 05:09:15,2026-07-21 06:59:55,v0.0.2,EDDM-LEPA,Morning
-4850171737664445957,3c66e3,OCN6JR  ,2026-07-21 00:00:00,EDDM,LEPA,D-AIWC,A320-214,A320,DLH,2026-07-21 07:31:15,2026-07-21 09:40:10,v0.0.2,EDDM-LEPA,Morning
8668477578817677981,3c7878,CFG2DM  ,2026-07-21 00:00:00,EDDM,LEPA,,,,,2026-07-21 10:23:55,2026-07-21 12:26:25,v0.0.2,EDDM-LEPA,Morning
-1390567511101362782,4d2417,EWG2U   ,2026-07-21 00:00:00,EDDM,LEPA,9H-EWE,,A320,,2026-07-21 10:44:40,2026-07-21 12:42:50,v0.0.2,EDDM-LEPA,Morning
1005163751609304979,3c66e5,OCN452  ,2026-07-21 00:00:00,EDDM,LEPA,D-AIWE,A320-214,A320,DLH,2026-07-21 13:41:25,2026-07-21 15:40:10,v0.0.2,EDDM-LEPA,Afternoon
-456370801244939249,4d2416,EWG19J  ,2026-07-21 00:00:00,EDDM,LEPA,9H-EWD,Airbus A320-214,A320,EWG,2026-07-21 16:05:20,2026-07-21 17:59:55,v0.0.2,EDDM-LEPA,Afternoon
5473639314231013699,3c79b9,CFG9CV  ,2026-07-22 00:00:00,EDDM,LEPA,,,,,2026-07-22 03:56:30,2026-07-22 05:59:55,v0.0.2,EDDM-LEPA,Night
-8253290900949948720,452126,CFG6UE  ,2026-07-22 00:00:00,EDDM,LEPA,LZ-LAK,,A320,,2026-07-22 04:31:25,2026-07-22 06:33:55,v0.0.2,EDDM-LEPA,Night
-6856673862159833207,3c64a5,DLH82U  ,2026-07-22 00:00:00,EDDM,LEPA,D-AIEE,A321-271NX,A21N,DLH,2026-07-22 06:36:05,2026-07-22 08:38:50,v0.0.2,EDDM-LEPA,Morning
3343850380664942917,4d2417,EWG2U   ,2026-07-22 00:00:00,EDDM,LEPA,9H-EWE,,A320,,2026-07-22 11:46:05,2026-07-22 13:44:00,v0.0.2,EDDM-LEPA,Morning
4469662160689084321,3c66b7,OCN452  ,2026-07-22 00:00:00,EDDM,LEPA,D-AIUW,A320 214SL,A320,DLH,2026-07-22 14:08:40,2026-07-22 15:59:20,v0.0.2,EDDM-LEPA,Afternoon
-5092319098031122970,3c56f0,EWG19J  ,2026-07-22 00:00:00,EDDM,LEPA,D-AEWP,A320 214SL,A320,EWG,2026-07-22 17:18:00,2026-07-22 19:30:45,v0.0.2,EDDM-LEPA,Afternoon
4644340058926802648,3c79b9,CFG5YF  ,2026-07-23 00:00:00,EDDM,LEPA,,,,,2026-07-23 04:08:05,2026-07-23 06:06:30,v0.0.2,EDDM-LEPA,Night
7691356418004766932,3c7878,CFG1EZ  ,2026-07-23 00:00:00,EDDM,LEPA,,,,,2026-07-23 10:13:15,2026-07-23 12:09:10,v0.0.2,EDDM-LEPA,Morning
-5582620552164755602,4d2006,EWG80E  ,2026-07-23 00:00:00,EDDM,LEPA,9H-EUP,Airbus A320-214,A320,EWG,2026-07-23 10:28:05,2026-07-23 12:19:30,v0.0.2,EDDM-LEPA,Morning
-7695306936738847083,3c6655,DLH82U  ,2026-07-23 00:00:00,EDDM,LEPA,D-AIRU,Airbus A321 131,A321,DLH,2026-07-23 11:26:50,2026-07-23 13:18:15,v0.0.2,EDDM-LEPA,Morning
-505255088353353418,3c66e4,OCN452  ,2026-07-23 00:00:00,EDDM,LEPA,D-AIWD,A320-214,A320,DLH,2026-07-23 15:09:00,2026-07-23 16:59:55,v0.0.2,EDDM-LEPA,Afternoon
4854898052487501366,3c7878,CFG1FX  ,2026-07-23 00:00:00,EDDM,LEPA,,,,,2026-07-23 16:22:25,2026-07-23 18:18:15,v0.0.2,EDDM-LEPA,Afternoon
3529994521854054357,3c56ef,EWG19J  ,2026-07-23 00:00:00,EDDM,LEPA,D-AEWO,A320 214SL,A320,EWG,2026-07-23 18:36:00,2026-07-23 20:49:25,v0.0.2,EDDM-LEPA,Evening
-6465300172439545004,3c79b9,CFG3EA  ,2026-07-24 00:00:00,EDDM,LEPA,,,,,2026-07-24 04:04:15,2026-07-24 05:53:40,v0.0.2,EDDM-LEPA,Night
7047765047256253824,3c66e2,OCN6JR  ,2026-07-24 00:00:00,EDDM,LEPA,D-AIWB,A320 214SL,A320,DLH,2026-07-24 06:21:55,2026-07-24 08:07:25,v0.0.2,EDDM-LEPA,Morning
7545668485054360921,4d240e,EWG5C   ,2026-07-24 00:00:00,EDDM,LEPA,9H-EUW,,A320,,2026-07-24 09:34:35,2026-07-24 11:22:35,v0.0.2,EDDM-LEPA,Morning
1925018255459844577,3c7878,CFG9CY  ,2026-07-24 00:00:00,EDDM,LEPA,,,,,2026-07-24 10:02:45,2026-07-24 11:50:30,v0.0.2,EDDM-LEPA,Morning
-3164409349282534771,4d2406,EWG2U   ,2026-07-24 00:00:00,EDDM,LEPA,9H-EUR,,A320,,2026-07-24 10:44:40,2026-07-24 12:31:15,v0.0.2,EDDM-LEPA,Morning
-8794125051442978860,3c6481,DLH09W  ,2026-07-24 00:00:00,EDDM,LEPA,D-AIDA,A321 231,A321,DLH,2026-07-24 13:24:55,2026-07-24 15:14:45,v0.0.2,EDDM-LEPA,Afternoon
-7601147245307075555,3c7878,CFG5CA  ,2026-07-24 00:00:00,EDDM,LEPA,,,,,2026-07-24 16:17:20,2026-07-24 18:06:55,v0.0.2,EDDM-LEPA,Afternoon
-417237225156625316,3c49d5,EWG19J  ,2026-07-24 00:00:00,EDDM,LEPA,D-ABNU,A320 214,A320,EWG,2026-07-24 19:04:25,2026-07-24 20:59:55,v0.0.2,EDDM-LEPA,Evening
-6954574071205315964,3c66e4,OCN6JR  ,2026-07-25 00:00:00,EDDM,LEPA,D-AIWD,A320-214,A320,DLH,2026-07-25 03:58:35,2026-07-25 06:06:40,v0.0.2,EDDM-LEPA,Night
8065890925040265723,45211e,CFG8XE  ,2026-07-25 00:00:00,EDDM,LEPA,LZ-LAJ,,A320,,2026-07-25 03:59:20,2026-07-25 05:55:25,v0.0.2,EDDM-LEPA,Night
-5944375099634905645,3c79b9,CFG8AD  ,2026-07-25 00:00:00,EDDM,LEPA,,,,,2026-07-25 04:15:30,2026-07-25 06:12:35,v0.0.2,EDDM-LEPA,Night
-1132044906642189941,3c64a7,DLH82U  ,2026-07-25 00:00:00,EDDM,LEPA,D-AIEG,A321-271NX,A21N,DLH,2026-07-25 09:43:55,2026-07-25 11:36:30,v0.0.2,EDDM-LEPA,Morning
431537883140879123,4d2086,EWG5C   ,2026-07-25 00:00:00,EDDM,LEPA,,,,,2026-07-25 10:02:40,2026-07-25 11:59:55,v0.0.2,EDDM-LEPA,Morning
3770626791650956010,4d253b,EWG2U   ,2026-07-25 00:00:00,EDDM,LEPA,9H-EUQ,Airbus A320-214,A320,EWG,2026-07-25 10:34:05,2026-07-25 12:30:05,v0.0.2,EDDM-LEPA,Morning
9093899846883671389,3c7878,CFG9KH  ,2026-07-25 00:00:00,EDDM,LEPA,,,,,2026-07-25 11:05:15,2026-07-25 12:59:55,v0.0.2,EDDM-LEPA,Morning
-6276320737212862009,3c4b4c,EWG80E  ,2026-07-25 00:00:00,EDDM,LEPA,D-ABZL,A320 216,A320,EWG,2026-07-25 16:30:00,2026-07-25 18:36:10,v0.0.2,EDDM-LEPA,Afternoon
910874464832849708,3c6677,DLH07E  ,2026-07-25 00:00:00,EDDM,LEPA,D-AISW,A321 231,A321,DLH,2026-07-25 16:31:50,2026-07-25 18:34:40,v0.0.2,EDDM-LEPA,Afternoon
8795759165613458214,3c79b9,CFG9DC  ,2026-07-26 00:00:00,EDDM,LEPA,,,,,2026-07-26 03:55:35,2026-07-26 05:59:55,v0.0.2,EDDM-LEPA,Night
2577540293902974445,3c6676,DLH82U  ,2026-07-26 00:00:00,EDDM,LEPA,D-AISV,A321 231,A321,DLH,2026-07-26 06:49:40,2026-07-26 08:40:20,v0.0.2,EDDM-LEPA,Morning
-7380928351587267310,4d240c,EWG5C   ,2026-07-26 00:00:00,EDDM,LEPA,9H-EUU,Airbus A320-214,A320,EWG,2026-07-26 10:00:35,2026-07-26 11:58:35,v0.0.2,EDDM-LEPA,Morning
-4010697272912091612,3c7878,CFG6CL  ,2026-07-26 00:00:00,EDDM,LEPA,,,,,2026-07-26 12:20:35,2026-07-26 14:15:00,v0.0.2,EDDM-LEPA,Afternoon
-2334912283676898751,45211e,CFG5VL  ,2026-07-26 00:00:00,EDDM,LEPA,LZ-LAJ,,A320,,2026-07-26 13:29:45,2026-07-26 15:32:45,v0.0.2,EDDM-LEPA,Afternoon
-7946691140269101231,3c66e5,OCN452  ,2026-07-26 00:00:00,EDDM,LEPA,D-AIWE,A320-214,A320,DLH,2026-07-26 13:53:45,2026-07-26 15:51:10,v0.0.2,EDDM-LEPA,Afternoon
6171277763687942440,3c6481,DLH09W  ,2026-07-26 00:00:00,EDDM,LEPA,D-AIDA,A321 231,A321,DLH,2026-07-26 14:38:25,2026-07-26 16:49:00,v0.0.2,EDDM-LEPA,Afternoon
-7400357464662608070,452126,CFG5ZF  ,2026-07-26 00:00:00,EDDM,LEPA,LZ-LAK,,A320,,2026-07-26 15:16:10,2026-07-26 17:15:15,v0.0.2,EDDM-LEPA,Afternoon
2023597035314140329,3c79b9,CFG6ZW  ,2026-07-27 00:00:00,EDDM,LEPA,,,,,2026-07-27 04:26:10,2026-07-27 06:07:15,v0.0.2,EDDM-LEPA,Night
-3671657974182078728,4d240b,EWG5C   ,2026-07-27 00:00:00,EDDM,LEPA,9H-EUT,Airbus A320-214,A320,EWG,2026-07-27 09:44:05,2026-07-27 11:37:30,v0.0.2,EDDM-LEPA,Morning
2917013083278894686,4d2013,EWG2U   ,2026-07-27 00:00:00,EDDM,LEPA,9H-EUO,Airbus A320-214,A320,EWG,2026-07-27 10:38:55,2026-07-27 12:19:35,v0.0.2,EDDM-LEPA,Morning
-758415012432615722,3c7878,CFG4KC  ,2026-07-27 00:00:00,EDDM,LEPA,,,,,2026-07-27 11:04:00,2026-07-27 12:47:15,v0.0.2,EDDM-LEPA,Morning
-7138499648724945625,3c6653,DLH09W  ,2026-07-27 00:00:00,EDDM,LEPA,D-AIRS,A321 131,A321,DLH,2026-07-27 11:06:00,2026-07-27 12:51:30,v0.0.2,EDDM-LEPA,Morning
-6943504711465030621,490d09,NJE624V ,2026-07-27 00:00:00,EDDM,LEPA,CS-CHI,,CL35,,2026-07-27 11:27:15,2026-07-27 13:07:50,v0.0.2,EDDM-LEPA,Morning
5988323498088272099,501c15,CFG4CP  ,2026-07-27 00:00:00,EDDM,LEPA,9A-IRM,,A320,,2026-07-27 14:57:35,2026-07-27 16:40:55,v0.0.2,EDDM-LEPA,Afternoon
8885855732319531716,3c66e5,OCN452  ,2026-07-27 00:00:00,EDDM,LEPA,D-AIWE,A320-214,A320,DLH,2026-07-27 15:20:05,2026-07-27 16:59:55,v0.0.2,EDDM-LEPA,Afternoon
-7091613895480588510,3c7984,CFG3TP  ,2026-07-28 00:00:00,EDDM,LEPA,,,,,2026-07-28 04:09:40,2026-07-28 05:59:55,v0.0.2,EDDM-LEPA,Night
-7931712439576674154,452126,CFG3XE  ,2026-07-28 00:00:00,EDDM,LEPA,LZ-LAK,,A320,,2026-07-28 04:52:30,2026-07-28 06:50:05,v0.0.2,EDDM-LEPA,Night
-7982876510700680389,3c66b5,OCN6JR  ,2026-07-28 00:00:00,EDDM,LEPA,D-AIUU,Airbus A320 214SL,A320,DLH,2026-07-28 07:27:10,2026-07-28 09:24:05,v0.0.2,EDDM-LEPA,Morning
4722358590644666392,3c7878,CFG2DM  ,2026-07-28 00:00:00,EDDM,LEPA,,,,,2026-07-28 10:31:55,2026-07-28 12:20:15,v0.0.2,EDDM-LEPA,Morning
-2228207548563648179,4d2013,EWG2U   ,2026-07-28 00:00:00,EDDM,LEPA,9H-EUO,Airbus A320-214,A320,EWG,2026-07-28 10:51:10,2026-07-28 12:44:35,v0.0.2,EDDM-LEPA,Morning
248981082442306090,3c66b7,OCN452  ,2026-07-28 00:00:00,EDDM,LEPA,D-AIUW,A320 214SL,A320,DLH,2026-07-28 13:29:25,2026-07-28 15:23:55,v0.0.2,EDDM-LEPA,Afternoon
7342084070462865229,4d2086,EWG19J  ,2026-07-28 00:00:00,EDDM,LEPA,,,,,2026-07-28 16:03:35,2026-07-28 17:59:55,v0.0.2,EDDM-LEPA,Afternoon
6370616351289705143,3c7984,CFG9CV  ,2026-07-29 00:00:00,EDDM,LEPA,,,,,2026-07-29 04:06:40,2026-07-29 05:59:55,v0.0.2,EDDM-LEPA,Night
5060471122157881999,452126,CFG6UE  ,2026-07-29 00:00:00,EDDM,LEPA,LZ-LAK,,A320,,2026-07-29 04:43:50,2026-07-29 06:35:00,v0.0.2,EDDM-LEPA,Night
-3232390160943578311,3c6481,DLH82U  ,2026-07-29 00:00:00,EDDM,LEPA,D-AIDA,A321 231,A321,DLH,2026-07-29 06:43:00,2026-07-29 08:31:35,v0.0.2,EDDM-LEPA,Morning
-4645346291609008139,4d20d9,VJT426  ,2026-07-29 00:00:00,EDDM,LEPA,9H-VCC,Challenger 350,CL35,,2026-07-29 10:16:40,2026-07-29 12:06:05,v0.0.2,EDDM-LEPA,Morning
5763121333517564533,3c7878,CFG5ZV  ,2026-07-29 00:00:00,EDDM,LEPA,,,,,2026-07-29 10:32:05,2026-07-29 12:27:20,v0.0.2,EDDM-LEPA,Morning
2437509249551468399,4d2509,EWG2U   ,2026-07-29 00:00:00,EDDM,LEPA,9H-EUN,Airbus A320-214,A320,EWG,2026-07-29 10:48:00,2026-07-29 12:41:00,v0.0.2,EDDM-LEPA,Morning
5655133065904303639,3c66b5,OCN452  ,2026-07-29 00:00:00,EDDM,LEPA,D-AIUU,Airbus A320 214SL,A320,DLH,2026-07-29 13:39:50,2026-07-29 15:33:50,v0.0.2,EDDM-LEPA,Afternoon
-8183698758171515793,3c4b4c,EWG19J  ,2026-07-29 00:00:00,EDDM,LEPA,D-ABZL,A320 216,A320,EWG,2026-07-29 17:46:25,2026-07-29 19:36:15,v0.0.2,EDDM-LEPA,Afternoon
-4580552474035820976,3c7984,CFG5YF  ,2026-07-30 00:00:00,EDDM,LEPA,,,,,2026-07-30 04:03:50,2026-07-30 05:59:00,v0.0.2,EDDM-LEPA,Night
6612888677965243873,3c7878,CFG1EZ  ,2026-07-30 00:00:00,EDDM,LEPA,,,,,2026-07-30 10:18:40,2026-07-30 11:59:55,v0.0.2,EDDM-LEPA,Morning
-3175024853897268576,4d2086,EWG80E  ,2026-07-30 00:00:00,EDDM,LEPA,,,,,2026-07-30 10:51:45,2026-07-30 12:43:15,v0.0.2,EDDM-LEPA,Morning
8889984287889137284,3c64a3,DLH82U  ,2026-07-30 00:00:00,EDDM,LEPA,D-AIEC,321-271NX,A21N,DLH,2026-07-30 11:15:10,2026-07-30 12:59:55,v0.0.2,EDDM-LEPA,Morning
-8085624674204018819,3c75a5,AZE599  ,2026-07-30 00:00:00,EDDM,LEPA,D-AMME,Embraer ERJ-145EP,E145,,2026-07-30 12:19:10,2026-07-30 14:17:30,v0.0.2,EDDM-LEPA,Afternoon
-1685962496916604114,3cc2bc,DCBAY   ,2026-07-30 00:00:00,EDDM,LEPA,D-CBAY,Citation Sovereign,C680,,2026-07-30 14:09:30,2026-07-30 16:06:30,v0.0.2,EDDM-LEPA,Afternoon
-3943258616527188501,3c7878,CFG1FX  ,2026-07-30 00:00:00,EDDM,LEPA,,,,,2026-07-30 16:44:50,2026-07-30 18:33:00,v0.0.2,EDDM-LEPA,Afternoon
6954279957022649959,3c66b7,OCN452  ,2026-07-30 00:00:00,EDDM,LEPA,D-AIUW,A320 214SL,A320,DLH,2026-07-30 16:53:25,2026-07-30 18:38:55,v0.0.2,EDDM-LEPA,Afternoon
-6776631599460883093,3c56f5,EWG19J  ,2026-07-30 00:00:00,EDDM,LEPA,D-AEWU,A320 214SL,A320,EWG,2026-07-30 18:39:25,2026-07-30 20:35:55,v0.0.2,EDDM-LEPA,Evening
-142070148505797026,3c7984,CFG3EA  ,2026-07-31 00:00:00,EDDM,LEPA,,,,,2026-07-31 04:04:35,2026-07-31 05:59:55,v0.0.2,EDDM-LEPA,Night
4203881414077249239,3c4839,BVR101  ,2026-07-31 00:00:00,EDDM,LEPA,D-ABAY,BD-700-2A12 Global 7500,GL7T,BVR,2026-07-31 04:40:50,2026-07-31 06:29:20,v0.0.2,EDDM-LEPA,Night
-6114068428894598838,3c66e3,OCN6JR  ,2026-07-31 00:00:00,EDDM,LEPA,D-AIWC,A320-214,A320,DLH,2026-07-31 06:27:55,2026-07-31 08:17:40,v0.0.2,EDDM-LEPA,Morning
-4650788400638299934,3c7878,CFG9CY  ,2026-07-31 00:00:00,EDDM,LEPA,,,,,2026-07-31 10:13:25,2026-07-31 11:59:55,v0.0.2,EDDM-LEPA,Morning
1539897411388291463,4d2407,EWG5C   ,2026-07-31 00:00:00,EDDM,LEPA,9H-EUS,,A320,,2026-07-31 10:22:25,2026-07-31 12:15:05,v0.0.2,EDDM-LEPA,Morning
1212286674023699640,3c4839,BVR102  ,2026-07-31 00:00:00,EDDM,LEPA,D-ABAY,BD-700-2A12 Global 7500,GL7T,BVR,2026-07-31 10:39:15,2026-07-31 12:26:40,v0.0.2,EDDM-LEPA,Morning
8567651535771088246,4d2086,EWG80E  ,2026-07-31 00:00:00,EDDM,LEPA,,,,,2026-07-31 10:40:35,2026-07-31 12:35:25,v0.0.2,EDDM-LEPA,Morning
-1293597696454406212,4d2418,EWG2U   ,2026-07-31 00:00:00,EDDM,LEPA,9H-EWH,,A320,,2026-07-31 10:52:50,2026-07-31 12:43:20,v0.0.2,EDDM-LEPA,Morning
-9078599429882008039,3c6676,DLH09W  ,2026-07-31 00:00:00,EDDM,LEPA,D-AISV,A321 231,A321,DLH,2026-07-31 14:05:10,2026-07-31 15:55:40,v0.0.2,EDDM-LEPA,Afternoon
-3023987139239253665,3c6473,CFG5CA  ,2026-07-31 00:00:00,EDDM,LEPA,D-AICS,,A320,,2026-07-31 16:21:20,2026-07-31 18:15:35,v0.0.2,EDDM-LEPA,Afternoon
687010444551918625,3c66e2,OCN452  ,2026-07-31 00:00:00,EDDM,LEPA,D-AIWB,A320 214SL,A320,DLH,2026-07-31 16:27:50,2026-07-31 18:23:50,v0.0.2,EDDM-LEPA,Afternoon
-491033715817341383,3c56ec,EWG19J  ,2026-07-31 00:00:00,EDDM,LEPA,D-AEWL,A320 214SL,A320,EWG,2026-07-31 18:57:25,2026-07-31 20:52:45,v0.0.2,EDDM-LEPA,Evening
-3293487419569293157,3c6655,DLH49M  ,2026-07-01 00:00:00,EDDM,LEVC,D-AIRU,Airbus A321 131,A321,DLH,2026-07-01 07:07:20,2026-07-01 09:14:05,v0.0.2,EDDM-LEVC,Morning
7738527991769889252,3c6497,DLH49M  ,2026-07-02 00:00:00,EDDM,LEVC,D-AIDW,A321 231,A321,DLH,2026-07-02 06:40:30,2026-07-02 08:32:30,v0.0.2,EDDM-LEVC,Morning
7571640207341583335,3c6486,DLH49M  ,2026-07-03 00:00:00,EDDM,LEVC,D-AIDF,A321 231,A321,DLH,2026-07-03 06:50:05,2026-07-03 08:48:50,v0.0.2,EDDM-LEVC,Morning
9026090081838368028,3c6667,DLH49M  ,2026-07-04 00:00:00,EDDM,LEVC,D-AISG,A321 231,A321,DLH,2026-07-04 06:59:45,2026-07-04 08:59:50,v0.0.2,EDDM-LEVC,Morning
5782990825790322553,3c666e,DLH87U  ,2026-07-04 00:00:00,EDDM,LEVC,D-AISN,A321 231,A321,DLH,2026-07-04 12:47:40,2026-07-04 14:50:25,v0.0.2,EDDM-LEVC,Afternoon
-5423014069028483508,3c666b,DLH49M  ,2026-07-05 00:00:00,EDDM,LEVC,D-AISK,A321 231,A321,DLH,2026-07-05 06:33:30,2026-07-05 08:39:10,v0.0.2,EDDM-LEVC,Morning
-5158078592735172465,3c66ac,DLH49M  ,2026-07-06 00:00:00,EDDM,LEVC,D-AIUL,A320 214SL,A320,DLH,2026-07-06 06:47:00,2026-07-06 08:59:35,v0.0.2,EDDM-LEVC,Morning
-5510158552203964431,3c6750,DLH87U  ,2026-07-06 00:00:00,EDDM,LEVC,D-AIZP,A320 214SL,A320,DLH,2026-07-06 12:53:00,2026-07-06 15:01:00,v0.0.2,EDDM-LEVC,Afternoon
5497596908692484966,3c65c8,DLH49M  ,2026-07-07 00:00:00,EDDM,LEVC,D-AINH,A320 271NSL,A20N,DLH,2026-07-07 06:43:50,2026-07-07 08:55:15,v0.0.2,EDDM-LEVC,Morning
-5989680326162181243,3c66a6,DLH49M  ,2026-07-08 00:00:00,EDDM,LEVC,D-AIUF,A320 214SL,A320,DLH,2026-07-08 06:46:35,2026-07-08 08:43:45,v0.0.2,EDDM-LEVC,Morning
-5926416933416260322,3c648d,DLH49M  ,2026-07-09 00:00:00,EDDM,LEVC,D-AIDM,A321 231,A321,DLH,2026-07-09 06:33:25,2026-07-09 08:31:10,v0.0.2,EDDM-LEVC,Morning
-8134655705601181006,3c6481,DLH49M  ,2026-07-10 00:00:00,EDDM,LEVC,D-AIDA,A321 231,A321,DLH,2026-07-10 06:43:35,2026-07-10 08:46:10,v0.0.2,EDDM-LEVC,Morning
-6447245204055869328,3c6481,DLH49M  ,2026-07-11 00:00:00,EDDM,LEVC,D-AIDA,A321 231,A321,DLH,2026-07-11 06:47:40,2026-07-11 08:59:55,v0.0.2,EDDM-LEVC,Morning
858554653043000598,3c666a,DLH87U  ,2026-07-11 00:00:00,EDDM,LEVC,D-AISJ,A321 231,A321,DLH,2026-07-11 13:02:40,2026-07-11 15:14:20,v0.0.2,EDDM-LEVC,Afternoon
7261912694784045021,4d239e,HYP035  ,2026-07-11 00:00:00,EDDM,LEVC,9H-GMG,,C650,,2026-07-11 19:31:10,2026-07-11 21:47:40,v0.0.2,EDDM-LEVC,Evening
-6498985191463716642,3c6652,DLH49M  ,2026-07-12 00:00:00,EDDM,LEVC,D-AIRR,A321 131,A321,DLH,2026-07-12 06:43:20,2026-07-12 08:50:05,v0.0.2,EDDM-LEVC,Morning
-2424492780617911255,3c6759,DLH49M  ,2026-07-13 00:00:00,EDDM,LEVC,D-AIZY,A320 214SL,A320,DLH,2026-07-13 06:53:25,2026-07-13 09:06:00,v0.0.2,EDDM-LEVC,Morning
-1432638593777814497,3c66a6,DLH87U  ,2026-07-13 00:00:00,EDDM,LEVC,D-AIUF,A320 214SL,A320,DLH,2026-07-13 12:50:55,2026-07-13 15:05:25,v0.0.2,EDDM-LEVC,Afternoon
-8894124685760406139,3c66a6,DLH49M  ,2026-07-14 00:00:00,EDDM,LEVC,D-AIUF,A320 214SL,A320,DLH,2026-07-14 06:53:35,2026-07-14 09:06:35,v0.0.2,EDDM-LEVC,Morning
-537343209392396733,3c65cf,DLH49M  ,2026-07-15 00:00:00,EDDM,LEVC,D-AINO,A-320neo,A20N,DLH,2026-07-15 06:49:20,2026-07-15 09:05:15,v0.0.2,EDDM-LEVC,Morning
-2777718040558296014,3c6497,DLH49M  ,2026-07-16 00:00:00,EDDM,LEVC,D-AIDW,A321 231,A321,DLH,2026-07-16 06:52:25,2026-07-16 09:03:00,v0.0.2,EDDM-LEVC,Morning
4066695975104567395,3c6481,DLH49M  ,2026-07-17 00:00:00,EDDM,LEVC,D-AIDA,A321 231,A321,DLH,2026-07-17 06:47:45,2026-07-17 09:06:45,v0.0.2,EDDM-LEVC,Morning
-403495908175807473,3c666e,DLH49M  ,2026-07-18 00:00:00,EDDM,LEVC,D-AISN,A321 231,A321,DLH,2026-07-18 06:42:00,2026-07-18 08:53:00,v0.0.2,EDDM-LEVC,Morning
2515769286431497658,3c648d,DLH87U  ,2026-07-18 00:00:00,EDDM,LEVC,D-AIDM,A321 231,A321,DLH,2026-07-18 15:04:05,2026-07-18 17:20:40,v0.0.2,EDDM-LEVC,Afternoon
-3645234334701779290,3c6481,DLH49M  ,2026-07-19 00:00:00,EDDM,LEVC,D-AIDA,A321 231,A321,DLH,2026-07-19 06:41:05,2026-07-19 08:51:00,v0.0.2,EDDM-LEVC,Morning
8061871368409220478,3c6759,DLH49M  ,2026-07-20 00:00:00,EDDM,LEVC,D-AIZY,A320 214SL,A320,DLH,2026-07-20 06:47:45,2026-07-20 08:59:55,v0.0.2,EDDM-LEVC,Morning
3564237740312347567,3c6498,DLH87U  ,2026-07-20 00:00:00,EDDM,LEVC,D-AIDX,A321 231,A321,DLH,2026-07-20 12:48:35,2026-07-20 15:05:35,v0.0.2,EDDM-LEVC,Afternoon
-7908586655880040999,3c6667,DLH49M  ,2026-07-21 00:00:00,EDDM,LEVC,D-AISG,A321 231,A321,DLH,2026-07-21 06:46:55,2026-07-21 09:02:10,v0.0.2,EDDM-LEVC,Morning
8867150736677892556,3c65d1,DLH49M  ,2026-07-22 00:00:00,EDDM,LEVC,D-AINQ,,A20N,DLH,2026-07-22 06:43:35,2026-07-22 08:55:25,v0.0.2,EDDM-LEVC,Morning
-6827697828357708539,3c64a7,DLH49M  ,2026-07-23 00:00:00,EDDM,LEVC,D-AIEG,A321-271NX,A21N,DLH,2026-07-23 06:48:35,2026-07-23 08:59:25,v0.0.2,EDDM-LEVC,Morning
954118494552183665,3c64a7,DLH49M  ,2026-07-24 00:00:00,EDDM,LEVC,D-AIEG,A321-271NX,A21N,DLH,2026-07-24 06:42:00,2026-07-24 08:43:10,v0.0.2,EDDM-LEVC,Morning
2887670583712014155,3c666e,DLH49M  ,2026-07-25 00:00:00,EDDM,LEVC,D-AISN,A321 231,A321,DLH,2026-07-25 06:47:45,2026-07-25 09:03:10,v0.0.2,EDDM-LEVC,Morning
-3462397729376641742,3c666a,DLH87U  ,2026-07-25 00:00:00,EDDM,LEVC,D-AISJ,A321 231,A321,DLH,2026-07-25 13:20:05,2026-07-25 15:40:45,v0.0.2,EDDM-LEVC,Afternoon
-6054083095625533299,3c6481,DLH49M  ,2026-07-26 00:00:00,EDDM,LEVC,D-AIDA,A321 231,A321,DLH,2026-07-26 06:39:00,2026-07-26 08:37:05,v0.0.2,EDDM-LEVC,Morning
-772635519075130527,3c674e,DLH49M  ,2026-07-27 00:00:00,EDDM,LEVC,D-AIZN,A320 214,A320,DLH,2026-07-27 06:39:35,2026-07-27 08:35:45,v0.0.2,EDDM-LEVC,Morning
7564716521806912544,3c6750,DLH87U  ,2026-07-27 00:00:00,EDDM,LEVC,D-AIZP,A320 214SL,A320,DLH,2026-07-27 12:53:40,2026-07-27 14:56:00,v0.0.2,EDDM-LEVC,Afternoon
-8771329650773505548,3c65cb,DLH49M  ,2026-07-28 00:00:00,EDDM,LEVC,D-AINK,A320-271N,A20N,DLH,2026-07-28 06:37:35,2026-07-28 08:43:25,v0.0.2,EDDM-LEVC,Morning
-7136797738659473680,3c64a7,DLH49M  ,2026-07-29 00:00:00,EDDM,LEVC,D-AIEG,A321-271NX,A21N,DLH,2026-07-29 07:01:35,2026-07-29 09:06:35,v0.0.2,EDDM-LEVC,Morning
1547476899739876480,3c64a8,DLH49M  ,2026-07-30 00:00:00,EDDM,LEVC,D-AIEH,,A21N,,2026-07-30 06:54:40,2026-07-30 08:59:55,v0.0.2,EDDM-LEVC,Morning
6114503778384167734,3c64a5,DLH49M  ,2026-07-31 00:00:00,EDDM,LEVC,D-AIEE,A321-271NX,A21N,DLH,2026-07-31 07:18:30,2026-07-31 09:33:35,v0.0.2,EDDM-LEVC,Morning
